time,Gravity1,Gravity2,Gravity3,flipped,position1,position2,position3,velocity1,velocity2,velocity3,acceleration1,acceleration2,acceleration3,air speed,relative velocity1,relative velocity2,relative velocity3,Drag1,Drag2,Drag3,Lift1,Lift2,Lift3
0.0,0.0,0.0,-56.50557632961142,1,0.0,0.0,-0.02453350830566665,0.0,0.0,-0.490670166113333,0.0,0.0,-9.813403322266659,,,,,,,,,,
0.1,0.0,0.0,-56.475639317768675,0,-2.4252526803933237e-19,-0.0013202460671827333,-0.0962930435414218,-4.850505360786647e-18,-0.026404921343654665,-0.94452053860177,-9.701010721573293e-17,-0.5280984268730933,0.7363958724979193,"[0, 0, 0]",0.0,0.0,-0.490670166113333,-0.0,-0.0,0.0012122551841619845,-1.8922173205618112e-19,-0.0010300751323452316,0.0
0.2,0.0,0.0,-56.41576569458333,0,-1.4557870367294999e-18,-0.007924935514702828,-0.16063168817578913,-1.9414730013016704e-17,-0.10568886760674723,-0.3422523540855764,-1.9427438582886818e-16,-1.057580498388758,11.308967817825952,"[0, 0, 0]",-4.850505360786647e-18,-0.026404921343654665,-0.94452053860177,2.307733171159509e-20,0.0001256271426050484,0.004493761403490645,-7.014342585002252e-19,-0.003818430255366097,0.0001067476528339266
0.30000000000000004,0.0,0.0,-56.325954489115496,0,-4.612123460368148e-18,-0.025107230719253304,-0.11178546122726732,-4.371199845975625e-17,-0.2379570364842623,1.3191768930560124,-2.916709831059229e-16,-1.5877828791615434,21.919617125005825,"[0, 0, 0]",-1.9414730013016704e-17,-0.10568886760674723,-0.3422523540855764,3.501678643695632e-20,0.0001906225068938863,0.0006172930338214882,-9.635368738527002e-20,-0.0005245250437506021,0.00016197538817079826
0.4,0.0,0.0,-56.20620383406098,0,-1.0685742461938563e-17,-0.058170472604173955,0.1563961963028805,-7.776038157165205e-17,-0.4233078012141507,4.044456257546944,-3.892966791319929e-16,-2.1192324154362243,32.5859701648128,"[0, 0, 0]",-4.371199845975625e-17,-0.2379570364842623,1.3191768930560124,2.950359147276658e-19,0.0016061007137354835,-0.008903838191902953,1.3898061288016112e-18,0.007565752181332333,0.0013647327946091734
0.5,0.0,0.0,-56.056511875611065,0,-2.065038647772682e-17,-0.11241546810124861,0.7505950087112596,-1.215324987441131e-16,-0.6615921087273421,7.839519990620638,-4.861456643172276e-16,-2.6464537348276043,43.31530449666108,"[0, 0, 0]",-7.776038157165205e-17,-0.4233078012141507,4.044456257546944,1.6159181863990002e-18,0.008796648892421148,-0.0840467894906511,1.0058437037706614e-17,0.054755580927277385,0.005730922302170576
0.6,0.0,0.0,-55.87687678096625,0,-3.5477728534957936e-17,-0.19313175880402914,1.7781094911458912,-1.7501434240050927e-16,-0.9527337053282685,12.710769658071994,-5.834912088106962e-16,-3.1763781971909255,54.10968885236604,"[0, 0, 0]",-1.215324987441131e-16,-0.6615921087273421,7.839519990620638,4.8122272732719736e-18,0.026196545140593098,-0.3104153399137847,2.3913399256726582e-17,0.13017848233670865,0.010986011483242861
0.7,0.0,0.0,-55.667296746993024,0,-5.614826543303619e-17,-0.30565692068455325,3.346870930313079,-2.383963955610556e-16,-1.2977695322822136,18.66445912527176,-6.841498544002309e-16,-3.724338341887978,64.96410049162931,"[0, 0, 0]",-1.7501434240050927e-16,-0.9527337053282685,12.710769658071994,1.1222295735468302e-17,0.06109133258275883,-0.8150418655510496,4.500607718974776e-17,0.24500167297805225,0.018364061184901213
0.7999999999999999,0.0,0.0,-55.42777001020678,0,-8.368742809018526e-17,-0.45557313966471363,5.565393849330319,-3.1238685758192583e-16,-1.7005548473209944,25.705999255073042,-7.956593860171726e-16,-4.331367958887638,75.86670210439628,"[0, 0, 0]",-2.383963955610556e-16,-1.2977695322822136,18.66445912527176,2.2423736222510606e-17,0.12206913448091253,-1.7555924332494206,7.15746030971625e-17,0.3896339915965728,0.027091871221217027
0.8999999999999999,0.0,0.0,-55.15829485798505,0,-1.1924704267100937e-16,-0.6491506653403185,8.542652395676225,-3.988054340345563e-16,-2.1709956661911014,33.839171671845065,-9.327121430354361e-16,-5.0774484185145,86.79674623104414,"[0, 0, 0]",-3.1238685758192583e-16,-1.7005548473209944,25.705999255073042,4.0426218785894263e-17,0.22007008504569406,-3.3266327464595102,9.396820546572259e-17,0.5115390850169849,0.033840360064899655
0.9999999999999999,0.0,0.0,-54.85886964111852,0,-1.6425736989895982e-16,-0.8941754744487537,12.387869491658423,-5.014011105244529e-16,-2.729500515977602,43.06517024779889,-1.1192013867624958e-15,-6.092648577215502,97.72322528803232,"[0, 0, 0]",-3.988054340345563e-16,-2.1709956661911014,33.839171671845065,6.786195298759496e-17,0.3694232657385682,-5.758176998498279,8.563756669021368e-17,0.4661891997477023,0.029908968874656133
1.0999999999999999,0.0,0.0,-54.5294927878615,0,-2.2065597151621865e-16,-1.201195161847742,17.210205655672418,-6.265709218207236e-16,-3.4108932320021665,53.38155303248106,-1.384194839162918e-15,-7.535205743275797,108.60443040561101,"[0, 0, 0]",-5.014011105244529e-16,-2.729500515977602,43.06517024779889,1.0845377521552102e-16,0.5903948539341071,-9.315057736484897,-4.378387374987887e-18,-0.023834830733980076,-0.0015106681899352112
1.2,0.0,0.0,-54.17016281961132,0,-2.9112268846480804e-16,-1.5847981021548363,23.118358695398005,-7.827634171510642e-16,-4.2611655741397145,64.78150776203066,-1.7396550674438957e-15,-9.470241099475164,119.39466418538112,"[0, 0, 0]",-6.265709218207236e-16,-3.4108932320021665,53.38155303248106,1.6778055105329227e-16,0.9133547793541105,-14.294289875189655,-2.3540422542179463e-16,-1.2814809167056291,-0.08188211727507085
1.3,0.0,0.0,-53.780878367899675,0,-3.790474008568225e-16,-2.0634379431997867,30.22017491638943,-9.757308306892244e-16,-5.3116312467592905,77.25481665779782,-2.1196932033193075e-15,-11.539072352916344,130.07151372996196,"[0, 0, 0]",-7.827634171510642e-16,-4.2611655741397145,64.78150776203066,2.5401870552246487e-16,1.3828134266920749,-21.022590457020268,-5.715809644537455e-16,-3.1115418467414604,-0.20466944129388143
1.4000000000000001,0.0,0.0,-53.36163819086653,0,-4.876206642049141e-16,-2.6544832602315194,38.622553649150774,-1.195734436272607e-15,-6.5092750938753605,90.79275799742909,-2.280378908348342e-15,-12.413804589405052,140.68731306266352,"[0, 0, 0]",-9.757308306892244e-16,-5.3116312467592905,77.25481665779782,3.7703894595423864e-16,2.0525044239517216,-29.852571760973184,-6.092883433970481e-16,-3.3168112570430326,-0.22804634163525936
1.5000000000000002,0.0,0.0,-52.91244118446776,0,-6.174296936325076e-16,-3.3611307034941893,48.431911926909535,-1.400446152279262e-15,-7.62367377137804,105.3944075577461,-1.8138554117847567e-15,-9.874168960648536,151.34567814367662,"[0, 0, 0]",-1.195734436272607e-15,-6.5092750938753605,90.79275799742909,5.420923883102038e-16,2.951013515013089,-41.16136621231825,5.782910061882516e-16,3.1480696126201795,0.22569697820822726
1.6000000000000003,0.0,0.0,-52.43328638425677,0,-7.637721765555058e-16,-4.1577820755463195,59.754547219933436,-1.526403506180703e-15,-8.309353669664564,121.05829830273194,-7.052916662440639e-16,-3.8394290050819286,161.93213675603997,"[0, 0, 0]",-1.400446152279262e-15,-7.62367377137804,105.3944075577461,7.355205789655082e-16,4.003987541428851,-55.35361394683742,3.4543414330148487e-15,18.8045589167418,1.3602222918453895
1.7000000000000004,0.0,0.0,-51.9241729691393,0,-9.208642926704635e-16,-5.012951725137431,72.69442059275038,-1.6154388161184528e-15,-8.794039322157673,137.7391691536069,-1.0754145325109317e-15,-5.854284044780243,171.68528026145907,"[0, 0, 0]",-1.526403506180703e-15,-8.309353669664564,121.05829830273194,9.183955244004143e-16,4.999512376628848,-72.83748949905605,2.931986348163939e-15,15.960990277388833,1.0955507800155984
1.8000000000000005,0.0,0.0,-51.38510030703844,0,-1.102909345953688e-15,-6.003958837881946,87.34227317625337,-2.025462249546036e-15,-11.026102932732616,155.21788251645287,-7.125054136040735e-15,-38.78698816671863,177.88898699546075,"[0, 0, 0]",-1.6154388161184528e-15,-8.794039322157673,137.7391691536069,1.1511331406789642e-15,6.266476949274561,-98.15049681873958,-1.3481580835264541e-14,-73.39030782671892,-4.685647930500263
1.9000000000000006,0.0,0.0,-50.81606813641568,0,-1.3490649666871267e-15,-7.343967624659336,103.77270964745661,-2.897650165122739e-15,-15.77407280281518,173.39084690761177,-1.0318704175493323e-14,-56.172409234932644,185.57030082771723,"[0, 0, 0]",-2.025462249546036e-15,-11.026102932732616,155.21788251645287,1.5544222106612914e-15,8.46188039274421,-119.12052378634344,-1.8991203357225653e-14,-103.3832958773532,-7.343966064915335
2.0000000000000004,0.0,0.0,-50.217076609589526,1,-1.6435993889447797e-15,-8.94733834054095,122.07545061803751,-2.9930382800303172e-15,-16.2933415148171,192.66397250400627,8.410941877341758e-15,45.78703499489422,199.8922111001723,"[0, 0, 0]",-2.897650165122739e-15,-15.77407280281518,173.39084690761177,2.520078384412826e-15,13.71866776155325,-150.79754299063123,2.3573353117741898e-14,128.3273573744124,11.67446329445198
2.1000000000000005,0.0,0.0,-49.588125798846995,0,-1.9075286391288797e-15,-10.356768331555024,142.3607318495068,-2.285546723651684e-15,-11.895258305464377,213.04165212537987,5.738889250230906e-15,42.17462919216022,207.66138132729975,"[0, 0, 0]",-2.9930382800303172e-15,-16.2933415148171,192.66397250400627,2.9553432017575334e-15,16.088139066247013,-190.23751388757643,2.3591476456082116e-14,156.96430130997587,13.274266764248836
2.2000000000000006,0.0,0.0,-48.92921563616194,0,-2.105029776884487e-15,-11.322567305324172,164.71612398886307,-1.6644760314604662e-15,-7.4207211699186,234.06619066174542,6.682524593593452e-15,47.31611351875532,212.82938940001125,"[0, 0, 0]",-2.285546723651684e-15,-11.895258305464377,213.04165212537987,2.546582274802481e-15,13.253832722567914,-237.37344307287484,2.87395231959389e-14,189.4523470099783,10.578140855450604
2.3000000000000007,0.0,0.0,-48.2403465976982,1,-2.2921879882536034e-15,-12.579664475568762,188.96072802207286,-2.0786881959218595e-15,-17.72122223497319,250.82589000245034,-1.4966767882821316e-14,-253.32613481984714,122.36459741408717,"[0, 0, 0]",-1.6644760314604662e-15,-7.4207211699186,234.06619066174542,2.0816610420094297e-15,9.28065401427265,-292.73264447345673,-1.2833024481098513e-14,-228.61758855997795,-7.247981327189803
2.400000000000001,0.0,0.0,-47.521523355366895,0,-2.643927206727879e-15,-15.554234382086463,214.74348886325757,-4.956096173563659e-15,-41.77017589538084,264.82932682124397,-4.2581391670014664e-14,-227.65293838830584,157.70413896178587,"[0, 0, 0]",-2.0786881959218595e-15,-17.72122223497319,250.82589000245034,2.9084077500471497e-15,24.79474323740345,-350.94439071083434,-5.186545257477315e-14,-271.20995797820325,-19.16138695898778
2.500000000000001,0.0,0.0,-46.77275302598094,0,-3.3577239377420448e-15,-20.87595096510776,242.01727882929274,-9.319838446719649e-15,-64.66415576504507,280.6464724994592,-4.469345379310512e-14,-230.22665900497876,158.63877460251925,"[0, 0, 0]",-4.956096173563659e-15,-41.77017589538084,264.82932682124397,7.719510772327765e-15,65.06034416893993,-412.4925686732427,-6.638250956418206e-14,-322.0931386402847,-50.802104197399515
2.600000000000001,0.0,0.0,-45.994038101471,1,-4.198837146767741e-15,-26.803599198418162,270.3001236476763,-7.502425733794276e-15,-53.888808901163,285.0104238682121,8.104170805161257e-14,445.73359628262,-71.35974722746164,"[0, 0, 0]",-9.319838446719649e-15,-64.66415576504507,280.6464724994592,1.6381457286068535e-14,113.66002872910451,-493.29161959388557,7.388696061563382e-14,399.1265151339899,91.96331211550746
2.700000000000001,0.0,0.0,-45.185387280435634,0,-4.9201940831839965e-15,-29.91274958892108,298.4002443001425,-6.9247129945308304e-15,-8.29419890889534,276.9919891811125,-6.948745326634366e-14,466.15860356273316,-89.00894651453042,"[0, 0, 0]",-7.502425733794276e-15,-53.888808901163,285.0104238682121,1.3316371684661155e-14,95.6495184936196,-505.87701536800114,-6.955439766410894e-14,410.88387460073517,77.68853608374287
2.800000000000001,0.0,0.0,-44.34681871881916,1,-5.5402753896885374e-15,-30.227274002386018,324.7739560973706,-5.4769131355599795e-15,2.003710639596555,250.48224676344927,9.844345044576068e-14,-260.2004125928953,-441.1859018387341,"[0, 0, 0]",-6.9247129945308304e-15,-8.29419890889534,276.9919891811125,1.1330011681689325e-14,13.570724245504419,-453.2061437975883,1.1554955387265444e-13,-358.85565371379147,-10.745509934360276
2.9000000000000012,0.0,0.0,-43.58544188679201,1,-5.8051007496977135e-15,-30.39025019287397,347.64133469225175,1.8040593537645946e-16,-5.263234449355611,206.86532513417353,1.4702930972968093e-14,114.861510813852,-431.1525307467808,"[0, 0, 0]",-5.4769131355599795e-15,2.003710639596555,250.48224676344927,7.51965832741912e-15,-2.75104224292942,-343.905566169408,1.2390384534962528e-14,265.8132923705528,-2.1263499866803053
3.0000000000000013,0.0,0.0,-42.92182778136816,1,-5.73128117249968e-15,-30.736663698660124,366.32870385262163,1.2959856085841996e-15,-1.6650356663674235,166.88205807322365,7.608662491186708e-15,-42.89753515408824,-368.5128104722169,"[0, 0, 0]",1.8040593537645946e-16,-5.263234449355611,206.86532513417353,-1.8986494379029772e-16,5.539195319692665,-217.71164705197702,2.6759022123546075e-14,-175.65022561429512,-4.469034710822357
3.1000000000000014,0.0,0.0,-42.3636985693539,0,-5.593231807528304e-15,-31.115038788483336,381.33759170237795,1.4650016908433217e-15,-5.902466130096828,133.29569892190295,-4.228340846004264e-15,-41.85107412049984,-303.21437255419715,"[0, 0, 0]",1.2959856085841996e-15,-1.6650356663674235,166.88205807322365,-1.0453753268488516e-15,1.3430605960550341,-134.61136053361585,-5.05439547747949e-15,-115.85886470862253,-1.1559609477016277
3.2000000000000015,0.0,0.0,-41.91991729559429,1,-5.424053188042517e-15,-31.64930922920346,393.3219831563831,1.9185706988724083e-15,-4.782942684305661,106.3921301582006,1.3299721006586e-14,64.24154303632318,-234.85700271984982,"[0, 0, 0]",1.4650016908433217e-15,-5.902466130096828,133.29569892190295,-9.403354514108111e-16,3.788595049120127,-85.55803860178088,2.171733990540391e-14,74.46017438729999,3.2971705832732603
3.3000000000000016,0.0,0.0,-41.59047226910253,0,-5.220582023921277e-15,-31.82690769078109,402.94001643923366,2.150852583552393e-15,1.2309734527530551,85.96853549881045,-8.654083312986308e-15,56.036779704851135,-173.61489046795307,"[0, 0, 0]",1.9185706988724083e-15,-4.782942684305661,106.3921301582006,-9.841001279624117e-16,2.45333388570379,-54.57214006469183,-5.538599087992305e-15,47.52573170541337,2.1365570032170282
3.4000000000000017,0.0,0.0,-41.37535271376124,0,-5.114060629093783e-15,-31.3373017149541,410.90331141275635,-2.0424687002508014e-17,8.561146063786712,73.29736397164393,-3.477146209811171e-14,90.56667251582199,-79.80854007537745,"[0, 0, 0]",2.150852583552393e-15,1.2309734527530551,85.96853549881045,-8.914075923364686e-16,-0.5101693580209893,-35.62912950506268,-1.1186413877892925e-14,30.98410542429944,-0.44365779890646306
3.5000000000000018,0.0,0.0,-41.27454789511501,0,-5.283909241929617e-15,-30.1228279946351,417.9745762145098,-3.3765475697141922e-15,15.728328342593334,68.12793206342513,-3.235099555612197e-14,52.77697306031045,-23.580098088998415,"[0, 0, 0]",-2.0424687002508014e-17,8.561146063786712,73.29736397164393,7.267681211228769e-18,-3.0462978642819674,-26.081274827070835,-1.3654199530056467e-14,22.64360319210313,-2.6447771629688814
3.600000000000002,0.0,0.0,-41.27445627988061,0,-5.7126925662014175e-15,-28.409363194743477,424.6875090769089,-5.19911891572181e-15,18.540967655239132,66.1307251845567,-4.100431364030384e-15,3.475813192605481,-16.364039488370448,"[0, 0, 0]",-3.3765475697141922e-15,15.728328342593334,68.12793206342513,1.1380034582139001e-15,-5.300944730155235,-22.96127055473469,-1.8386380663722928e-14,19.921878900119236,-4.599256766677569
3.700000000000002,0.0,0.0,-41.274369307473386,0,-6.262045589126913e-15,-26.538942109463708,431.2189735322922,-5.787941542788095e-15,18.867454050356265,64.49856392310923,-7.676021177295309e-15,3.05391470973718,-16.279185740578917,"[0, 0, 0]",-5.19911891572181e-15,18.540967655239132,66.1307251845567,1.7203321169702508e-15,-6.135005306487815,-21.881940439850794,-3.4009351722294855e-14,18.98123249347925,-5.321738371022105
3.800000000000002,0.0,0.0,-41.274284686425204,1,-6.850360734490562e-15,-24.658948191542308,437.5943437549649,-5.97836136448487e-15,18.7324243080717,63.008840530344536,3.8676247433598046e-15,-5.75450955542851,-13.515282114714958,"[0, 0, 0]",-5.787941542788095e-15,18.867454050356265,64.49856392310923,1.8730308680093046e-15,-6.105680849713842,-20.87232572705993,1.439605024575413e-14,-18.1005410408476,5.294864034211769
3.900000000000002,0.0,0.0,-41.274202087970416,0,-7.427580631030819e-15,-22.813886572267972,443.82811499979493,-5.566036566320254e-15,18.16880807741505,61.66658436625676,4.37887121993251e-15,-5.517815057704483,-13.329841167040627,"[0, 0, 0]",-5.97836136448487e-15,18.7324243080717,63.008840530344536,1.8915438733674063e-15,-5.926908775328744,-19.935895307564213,1.652808465603327e-14,-17.28366275146227,5.138404413299476
4.000000000000002,0.0,0.0,-41.27412132429304,0,-7.957446327268445e-15,-21.023964816027675,449.92847783950674,-5.031277358432272e-15,17.629627047390866,60.34067242797961,6.316312937827131e-15,-5.2658055427792085,-13.188397598502291,"[0, 0, 0]",-5.566036566320254e-15,18.16880807741505,61.66658436625676,1.721542563630222e-15,-5.619506099719525,-19.07311396094353,2.484789329020985e-14,-16.530992769609423,4.870521661720519
4.100000000000001,0.0,0.0,-41.27404228926171,0,-8.427301205996256e-15,-19.286727819545995,455.8969472311582,-4.365820216123971e-15,17.115112882242713,59.02871540504989,6.99282990833888e-15,-5.024477760183861,-13.05074286009227,"[0, 0, 0]",-5.031277358432272e-15,17.629627047390866,60.34067242797961,1.521003744459536e-15,-5.329606547642604,-18.24156812828961,2.7894186337990622e-14,-15.805752143780227,4.6179385195106954
4.200000000000001,0.0,0.0,-41.27396496323414,0,-8.826359224043183e-15,-17.599760661947606,461.7349005979346,-3.615340144814555e-15,16.624230269725086,57.73035193047777,8.016771517849448e-15,-4.793174490168665,-12.916526631350123,"[0, 0, 0]",-4.365820216123971e-15,17.115112882242713,59.02871540504989,1.2898088043623158e-15,-5.056374791074241,-17.439049954105776,3.243256985151019e-14,-15.106011621117863,4.379920727087083
4.300000000000001,0.0,0.0,-41.273889328350464,0,-9.128228466164572e-15,-15.960749149097769,467.44368018171025,-2.4220446976132336e-15,16.155999987271638,56.445239745035636,1.5849137426176965e-14,-4.571431158900287,-12.785717077492547,"[0, 0, 0]",-3.615340144814555e-15,16.624230269725086,57.73035193047777,1.0436086479329287e-15,-4.7987712856277795,-16.664516230726168,6.562545039466224e-14,-14.430856526073141,4.155558971261925
4.4,0.0,0.0,-41.27381536720706,1,-9.334302139579004e-15,-14.35109594892178,473.01990614629244,-1.6994287706753887e-15,16.03706401624815,55.07927954660831,-1.396818887420065e-15,2.192711738430478,-14.533486891053895,"[0, 0, 0]",-2.4220446976132336e-15,16.155999987271638,56.445239745035636,6.829919049375398e-16,-4.555827239006455,-15.916981984728912,-6.5586808066826105e-15,13.779422468319524,-3.9440057342011743
4.5,0.0,0.0,-41.273743123578384,0,-9.511295130901003e-15,-12.736730178499199,478.4556829180207,-1.8404310557645995e-15,16.25025139220346,53.63625588795758,-1.4232268143641539e-15,2.071035780675769,-14.326986281960735,"[0, 0, 0]",-1.6994287706753887e-15,16.03706401624815,55.07927954660831,4.68053545767432e-16,-4.416898669734252,-15.169833849441115,-6.454826829790629e-15,13.12866657409682,-3.822585698830781
4.6,0.0,0.0,-41.273672699742775,0,-9.708347875071407e-15,-11.101707148036304,483.74813999155907,-2.1006238276434823e-15,16.45020921705442,52.21288558280925,-3.7806286232135e-15,1.9281207163435095,-14.140419821005935,"[0, 0, 0]",-1.8404310557645995e-15,16.25025139220346,53.63625588795758,4.950095036562167e-16,-4.370730895214936,-14.426216250760579,-1.6398143290789034e-14,12.481329625139853,-3.781485876664585
4.699999999999999,0.0,0.0,-41.27360413287531,0,-9.938896987441982e-15,-9.447384855168034,488.89917749826503,-2.5103584197680267e-15,16.636236640310987,50.807864551310175,-4.4140632192773884e-15,1.7924277487877578,-13.960000808975511,"[0, 0, 0]",-2.1006238276434823e-15,16.45020921705442,52.21288558280925,5.516691237422128e-16,-4.320179741238614,-13.712229890219758,-1.9119332048899697e-14,11.859988893006562,-3.736612072368105
4.799999999999999,0.0,0.0,-41.273537398344864,0,-1.02131290918732e-14,-7.775121063559588,493.9106005689035,-2.9742836688563375e-15,16.809039191857917,49.42059686145883,-4.864441762488824e-15,1.6636232821508408,-13.785352988051319,"[0, 0, 0]",-2.5103584197680267e-15,16.636236640310987,50.807864551310175,6.436137295186745e-16,-4.265251617024154,-13.026282994190982,-2.1105784404939512e-14,11.26324752304514,-3.687973363701302
4.899999999999999,0.0,0.0,-41.27347247275173,0,-1.0537080033111374e-14,-6.086204641855682,498.7841560800225,-3.5047351559071387e-15,16.969289242220203,48.05051336092237,-5.744587978527197e-15,1.54137772509487,-13.616317022677823,"[0, 0, 0]",-2.9742836688563375e-15,16.809039191857917,49.42059686145883,7.443029036256404e-16,-4.206396588415433,-12.367311876825807,-2.4908789892252494e-14,10.690169162155971,-3.6359632182913777
4.999999999999998,0.0,0.0,-41.27340933345148,0,-1.0947282689557444e-14,-4.383549124534786,503.5218331717269,-4.699317973014289e-15,17.083821104197714,46.703028473165176,-1.8147068363615818e-14,0.7492595144553411,-13.333380732466102,"[0, 0, 0]",-3.5047351559071387e-15,16.969289242220203,48.05051336092237,8.88459422860815e-16,-4.30175869383172,-12.180929362624315,-7.72237160145343e-14,7.453502884335503,-2.6322433927391455
5.099999999999998,0.0,0.0,-41.27334795466164,1,-1.1457194862484607e-14,-2.6814251099463937,508.12974983667294,-5.498925485528955e-15,16.958659187570138,45.45530482575601,2.154918113322499e-15,-3.2524978470068273,-11.621092215717272,"[0, 0, 0]",-4.699317973014289e-15,17.083821104197714,46.703028473165176,1.1195531652494457e-15,-4.07000464782162,-11.126406779477588,7.945063984941411e-15,-9.611558276850236,3.515877824253479
5.1999999999999975,0.0,0.0,-41.27328825710927,0,-1.1998066586606158e-14,-1.0014528320670846,512.6174434427137,-5.318508996902082e-15,16.64078637001604,44.298567295058625,1.4534116592149603e-15,-3.1049585040750975,-11.51365839823048,"[0, 0, 0]",-5.498925485528955e-15,16.958659187570138,45.45530482575601,1.2776627964877004e-15,-3.9403057887023625,-10.561436417298488,4.836082394550843e-15,-9.12063603208688,3.4027658297517727
5.299999999999997,0.0,0.0,-41.27323011722309,0,-1.2526332003505976e-14,0.6474734665427033,516.989956163363,-5.246799341094286e-15,16.337739602179717,43.15168711792836,-1.9218543059027884e-17,-2.9559768526513723,-11.423945144374809,"[0, 0, 0]",-5.318508996902082e-15,16.64078637001604,44.298567295058625,1.2049350746524248e-15,-3.77005419727778,-10.036064152896579,-1.2857774667310486e-15,-8.664199479674254,3.2547123171756875
5.399999999999997,0.0,0.0,-41.273173469670034,0,-1.3056816115349232e-14,2.266825287662594,521.2482224796112,-5.3628828957708405e-15,16.049296820218096,42.01363920703567,-2.3024525504720722e-15,-2.8128787865810714,-11.337013073478941,"[0, 0, 0]",-5.246799341094286e-15,16.337739602179717,43.15168711792836,1.158695180897088e-15,-3.6080015478253373,-9.529552906571512,-1.0843912798902395e-14,-8.22431316177538,3.1138223281202775
5.4999999999999964,0.0,0.0,-41.27311830233438,0,-1.3613534821785707e-14,3.858034320360109,525.3931119837605,-5.771491232958674e-15,15.774883833732204,40.88415087595041,-5.869714193284604e-15,-2.6753809431367825,-11.252753548226238,"[0, 0, 0]",-5.3628828957708405e-15,16.049296820218096,42.01363920703567,1.1540565592406544e-15,-3.4537014189101773,-9.041054381904537,-2.58448843054194e-14,-7.800231540547058,2.9797045346098594
5.599999999999996,0.0,0.0,-41.27306460394137,0,-1.4334769757402903e-14,5.422476092111645,529.4254673452568,-8.653207479385228e-15,15.51395160129851,39.762956353975525,-5.176461073524646e-14,-2.543263705537107,-11.171136891271413,"[0, 0, 0]",-5.771491232958674e-15,15.774883833732204,40.88415087595041,1.2098068911911289e-15,-3.3066953408513315,-8.570042901176976,-2.1895653951306582e-13,-7.391489272356502,2.851958084771893
5.699999999999996,0.0,0.0,-41.273012363565385,1,-1.5326959986195677e-14,6.9697899914739745,533.3428595642098,-1.1190597096470236e-14,15.432326385948082,38.58488802508405,1.0168183935462947e-15,0.910759398528541,-12.390229686558197,"[0, 0, 0]",-8.653207479385228e-15,15.51395160129851,39.762956353975525,1.7662064085435628e-15,-3.166553073565596,-8.11601807796004,2.5110185086288972e-15,6.997643086944587,-2.7302068590572834
5.799999999999995,0.0,0.0,-41.27296161266645,0,-1.6441478639209725e-14,8.517404219458344,537.1397168454896,-1.1099775963810712e-14,15.519958173739294,37.35225760051334,7.996042596441818e-16,0.8418763572956992,-12.262378804856006,"[0, 0, 0]",-1.1190597096470236e-14,15.432326385948082,38.58488802508405,2.223281628618075e-15,-3.0660033101842803,-7.6658172882940665,1.1402366603256412e-15,6.607338277626138,-2.6426563885945744
5.899999999999995,0.0,0.0,-41.27291242342028,0,-1.754288442503938e-14,10.073419421124651,540.8139291169215,-1.0928339752782415e-14,15.600345859586845,36.131987828124245,2.629119960921766e-15,0.7658773596553361,-12.143016642925838,"[0, 0, 0]",-1.1099775963810712e-14,15.519958173739294,37.35225760051334,2.1458714552443075e-15,-3.0004060748789243,-7.221149655200437,8.913465667750087e-15,6.222052877304624,-2.585278818842663
5.999999999999995,0.0,0.0,-41.27286482315495,0,-1.8622080358467743e-14,11.637103599970617,544.3667007623718,-1.065557891578483e-14,15.673337717332466,34.92344508088329,2.826096779029907e-15,0.6939597952570686,-12.027838301893246,"[0, 0, 0]",-1.0928339752782415e-14,15.600345859586845,36.131987828124245,2.0551680601169165e-15,-2.9337788962167908,-6.794930338250861,9.83274785321496e-15,5.852905995636529,-2.5270504974682835
6.099999999999994,0.0,0.0,-41.27281879625918,0,-1.9673540360873316e-14,13.207737174482023,547.7991839464128,-1.037362113232663e-14,15.73933377289565,33.72621859993518,2.813058890134073e-15,0.6259613160066054,-11.916691317069024,"[0, 0, 0]",-1.065557891578483e-14,15.673337717332466,34.92344508088329,1.948588715628983e-15,-2.866187680051234,-6.386460232084482,9.884483595731751e-15,5.499280624674111,-2.468029205975471
6.199999999999994,0.0,0.0,-41.27277432779858,0,-2.0694188053438503e-14,14.784639750662183,551.1124903669948,-1.0039332718977126e-14,15.798717750707564,32.53990981170682,3.872709376856021e-15,0.5617182402316598,-11.809484447498146,"[0, 0, 0]",-1.037362113232663e-14,15.73933377289565,33.72621859993518,1.84401857365345e-15,-2.797829556711514,-5.995184586370983,1.4446450942623883e-14,5.160685371278103,-2.408385906494781
6.299999999999994,0.0,0.0,-41.272731403363366,0,-2.1684900772616e-14,16.361419457824525,554.310483579437,-9.774921664572845e-15,15.736876392539243,31.419954437136372,1.4155117112295881e-15,-1.7985454035980644,-10.589623043910837,"[0, 0, 0]",-1.0039332718977126e-14,15.798717750707564,32.53990981170682,1.734080401882921e-15,-2.7288912115239787,-5.620574739679283,4.220239465114025e-15,-4.836651724915236,2.348282337061601
6.399999999999993,0.0,0.0,-41.27268997289343,1,-2.2656667572037347e-14,17.926346671175878,557.3996927252725,-9.660414323854076e-15,15.561667874487826,30.36422847957337,8.746351031458085e-16,-1.7056249574302809,-10.52489610734918,"[0, 0, 0]",-9.774921664572845e-15,15.736876392539243,31.419954437136372,1.63990560692923e-15,-2.6401226237146607,-5.271219680221601,2.039228327264922e-15,-4.534552434855534,2.271158327284741
6.499999999999993,0.0,0.0,-41.27264995179624,0,-2.3617869285599454e-14,19.474215726979903,560.3836304381509,-9.563619947388088e-15,15.395713241592661,29.314525777995517,1.061252426173934e-15,-1.6134677004730085,-10.469157924207897,"[0, 0, 0]",-9.660414323854076e-15,15.561667874487826,30.36422847957337,1.5732955684069687e-15,-2.534374021981401,-4.945119795436536,2.89084016069775e-15,-4.252643497880074,2.1794799017247986
6.5999999999999925,0.0,0.0,-41.272611294559105,0,-2.4566785056851537e-14,21.005940780406867,563.2628708960021,-9.414695477653577e-15,15.238787826946615,28.270283379028797,1.917236968516289e-15,-1.5250405924479178,-10.415690055126493,"[0, 0, 0]",-9.563619947388088e-15,15.395713241592661,29.314525777995517,1.5112202905926332e-15,-2.4327936876239793,-4.63221106741141,6.553596185889314e-15,-3.982257085570655,2.0914439690430706
6.699999999999992,0.0,0.0,-41.27257399373777,0,-2.549527202174883e-14,22.522406439230117,566.0379489036583,-9.15504382029227e-15,15.090525349518355,27.231276774093935,3.2757961787098555e-15,-1.4402089561172815,-10.364442043570739,"[0, 0, 0]",-9.414695477653577e-15,15.238787826946615,28.270283379028797,1.4426934604370484e-15,-2.3351684178321266,-4.332094761050302,1.2336873400356763e-14,-3.72303988380528,2.0068640310360317
6.799999999999992,0.0,0.0,-41.27253804239828,0,-2.638509240762136e-14,24.02446129849342,568.7093770099468,-8.641363897158344e-15,14.950571835747692,26.197285351676285,6.997802283968649e-15,-1.358861319295987,-10.315386404782245,"[0, 0, 0]",-9.15504382029227e-15,15.090525349518355,27.231276774093935,1.3597362407129125e-15,-2.24129284489672,-4.044475879902151,2.80763700339267e-14,-3.474728354920429,1.9255606983694826
6.8999999999999915,0.0,0.0,-41.27250343389525,0,-2.722299547113766e-14,25.516766816410545,571.27544997983,-8.11669737316761e-15,14.89553852259477,25.12417404598626,3.4955281958460125e-15,0.25819505623752687,-11.146839709018275,"[0, 0, 0]",-8.641363897158344e-15,14.950571835747692,26.197285351676285,1.2432555543952583e-15,-2.150977750432541,-3.7690717473730606,1.34606093568277e-14,3.2370697556905226,-1.8473686593897685
6.999999999999991,0.0,0.0,-41.272470190315,1,-2.8029794002023448e-14,27.007518782774913,573.7323325203135,-8.019273244548201e-15,14.919500804692584,24.0134767636843,-1.5470456234578396e-15,0.22105058571877742,-11.067105937020921,"[0, 0, 0]",-8.11669737316761e-15,14.89553852259477,25.12417404598626,1.1306095325039149e-15,-2.0748633429525745,-3.499653783641557,-7.638223999998505e-15,3.0047079240428305,-1.7814214528925347
7.099999999999991,0.0,0.0,-41.272438361338864,0,-2.883948981473044e-14,28.500477455662264,576.0785335018029,-8.174643009591642e-15,14.939672653054433,22.91054286610162,-1.5603496774109564e-15,0.18238638151821848,-10.991572014632663,"[0, 0, 0]",-8.019273244548201e-15,14.919500804692584,24.0134767636843,1.0810404689785811e-15,-2.011227658041955,-3.2371437399352603,-7.644618156089228e-15,2.77843208759787,-1.7262314897020417
7.19999999999999,0.0,0.0,-41.27240796627953,0,-2.966859056336994e-14,29.99526634488765,578.3148107532444,-8.407371963198396e-15,14.956105131453322,21.815002162728764,-3.0942293947241416e-15,0.1462631864595416,-10.919242052824437,"[0, 0, 0]",-8.174643009591642e-15,14.939672653054433,22.91054286610162,1.0659896962290434e-15,-1.9481630077918708,-2.9875803263362504,-1.4081799747032371e-14,2.563415986652653,-1.6715708544322945
7.29999999999999,0.0,0.0,-41.27237899531456,0,-3.052809886530195e-14,31.491523960124084,580.4418877481367,-8.782794075441701e-15,14.96904717327533,20.726537735115464,-4.4142128501419814e-15,0.11257764998060583,-10.850046499441566,"[0, 0, 0]",-8.407371963198396e-15,14.956105131453322,21.815002162728764,1.0600594337729975e-15,-1.8857688712355243,-2.7505859074161276,-1.962835177797569e-14,2.3593243583018033,-1.6175246226767541
7.39999999999999,0.0,0.0,-41.27235143906689,0,-3.1434857157855644e-14,32.98891318029386,582.460456575541,-9.352371775632233e-15,14.978737230120203,19.644838812971734,-6.977341153668649e-15,0.08122348691685095,-10.783931943433062,"[0, 0, 0]",-8.782794075441701e-15,14.96904717327533,20.726537735115464,1.0703050821495339e-15,-1.8241856893003554,-2.525815643940452,-3.0420342047944877e-14,2.165850557191604,-1.564212970598447
7.499999999999989,0.0,0.0,-41.27232528856628,0,-3.24722008258848e-14,34.48551700407758,584.3724009132939,-1.139450158495086e-14,14.953339245554105,18.594047942085997,-3.386525503270387e-14,-0.5891831782388195,-10.231885474281677,"[0, 0, 0]",-9.352371775632233e-15,14.978737230120203,19.644838812971734,1.1011213450114487e-15,-1.7635534259209926,-2.312926801373894,-1.435545954084566e-13,-0.7148330654492633,0.5450437518324429
7.599999999999989,0.0,0.0,-41.27230051940576,0,-3.369508565385156e-14,35.97729061663429,586.1813064052767,-1.3063194974384352e-14,14.882133005580219,17.584061897571747,4.913872440340168e-16,-0.8349416212389177,-9.967835416003307,"[0, 0, 0]",-1.139450158495086e-14,14.953339245554105,18.594047942085997,1.2956404381780336e-15,-1.700307018072881,-2.1142829498576585,7.713695387292232e-16,-1.811857129835872,1.4570960778039315
7.699999999999989,0.0,0.0,-41.272277085129794,1,-3.499394128951098e-14,37.461462932840476,587.8899486222899,-1.2913917738804082e-14,14.801313318543498,16.588782442692832,2.4941574675713796e-15,-0.7814521194955036,-9.937753681575005,"[0, 0, 0]",-1.3063194974384352e-14,14.882133005580219,17.584061897571747,1.4339203816176695e-15,-1.6335815151264106,-1.9301667621127354,9.057699887407647e-15,-1.6535801828697823,1.3994946310020715
7.799999999999988,0.0,0.0,-41.272254949777626,0,-3.627404936224344e-14,38.93781441656069,589.4992072126798,-1.268824371584513e-14,14.725716355860797,15.596389365106278,2.0193229916076702e-15,-0.7304871341585008,-9.910107870156088,"[0, 0, 0]",-1.2913917738804082e-14,14.801313318543498,16.588782442692832,1.367917399039896e-15,-1.5678413341783919,-1.7571804770028305,7.126321759440003e-15,-1.504937238403938,1.342777727498149
7.899999999999988,0.0,0.0,-41.27223410195036,0,-3.753179297411114e-14,40.40685446994828,591.0093604256514,-1.2466628521508831e-14,14.655084711890948,14.60667489432458,2.4129808951183045e-15,-0.6821457452384573,-9.88418154547786,"[0, 0, 0]",-1.268824371584513e-14,14.725716355860797,15.596389365106278,1.296611988392925e-15,-1.5048213757778626,-1.5937954755067343,8.853540757433875e-15,-1.3646101738435565,1.2884304107782947
7.999999999999988,0.0,0.0,-41.27221453804037,0,-3.876539773027919e-14,41.86906663565874,592.4206676781889,-1.2205466601852103e-14,14.589158602318259,13.619470156426743,2.8102574980162425e-15,-0.6363764462153494,-9.859913212478872,"[0, 0, 0]",-1.2466628521508831e-14,14.655084711890948,14.60667489432458,1.2288172925641092e-15,-1.4445302101440936,-1.4397585254137115,1.0592471022514492e-14,-1.2323737578898262,1.2364581226904834
8.099999999999987,0.0,0.0,-41.27219625468422,0,-3.995623377376804e-14,43.32490872547599,593.7333718225658,-1.161125426792487e-14,14.527683194026764,12.63461273111095,9.073989180528427e-15,-0.5931317196145588,-9.837235293836985,"[0, 0, 0]",-1.2205466601852103e-14,14.589158602318259,13.619470156426743,1.1603798004036546e-15,-1.386998588357651,-1.2948098239292116,3.700916243786079e-14,-1.1079973582171834,1.1868853196430973
8.199999999999987,0.0,0.0,-41.272179248733195,0,-4.1093366862570444e-14,44.7759915263933,594.9463450657973,-1.1131407508123298e-14,14.493972824319355,11.62485213352034,5.229460155030242e-16,-0.08107567453360098,-10.357976657975204,"[0, 0, 0]",-1.161125426792487e-14,14.527683194026764,12.63461273111095,1.0648248892719511e-15,-1.3322797254720862,-1.1586732830030084,1.1349363877094662e-15,0.9912366272230041,-1.1397556852021686
8.299999999999986,0.0,0.0,-41.27216353479536,1,-4.2205158962420804e-14,46.224946735141806,596.0571430437703,-1.1104434488883903e-14,14.485131350650844,10.591107425938466,1.6514369284880923e-17,-0.0957537988366016,-10.31691749366229,"[0, 0, 0]",-1.1131407508123298e-14,14.493972824319355,11.62485213352034,9.8506418503915e-16,-1.2826314657646427,-1.0287311361793332,-9.155968423504242e-16,0.8798451502364266,-1.0969990457224108
8.399999999999986,0.0,0.0,-41.27214914453497,0,-4.33153241995601e-14,47.67294473391001,597.0647655435563,-1.1098870253902009e-14,14.474828624713162,9.561342569781218,9.477033035302521e-17,-0.11030071991706582,-10.278379629482686,"[0, 0, 0]",-1.1104434488883903e-14,14.485131350650844,10.591107425938466,9.490035865402716e-16,-1.2379236076394036,-0.9051337952158177,-5.503542102431958e-16,0.7739459783934051,-1.0585020720194502
8.499999999999986,0.0,0.0,-41.27213609090757,0,-4.4424107598440694e-14,49.11984244911568,597.9695978877362,-1.1076797723709881e-14,14.463125679400308,8.535304313817896,3.4668027348952143e-16,-0.12375818633999303,-10.242385489783725,"[0, 0, 0]",-1.1098870253902009e-14,14.474828624713162,9.561342569781218,9.169587464784524e-16,-1.1958713281237883,-0.789932353192013,5.413444406717832e-16,0.6752851529747151,-1.0223079855976627
8.599999999999985,0.0,0.0,-41.27212436891947,0,-4.552849933114123e-14,50.56550490352339,598.7720001913565,-1.1011036930300827e-14,14.45012340875388,7.512741758587522,9.685355946915553e-16,-0.13628722658858614,-10.208865614823763,"[0, 0, 0]",-1.1076797723709881e-14,14.463125679400308,8.535304313817896,8.858893550136325e-16,-1.1567177986991135,-0.6826282669429069,3.1882349970598204e-15,0.5834284825765198,-0.988623153691817
8.699999999999985,0.0,0.0,-41.27211397390371,0,-4.661546561950159e-14,52.009806369203666,599.472307847704,-1.0728288836906369e-14,14.435905904851642,6.493411368361491,4.6864262731976065e-15,-0.14806285145617926,-10.177742189696849,"[0, 0, 0]",-1.1011036930300827e-14,14.45012340875388,7.512741758587522,8.53994345503544e-16,-1.1207231218111142,-0.5826734595182954,1.8859357965426943e-14,0.4978998904696159,-0.9576683311744333
8.799999999999985,0.0,0.0,-41.27210490151382,0,-4.7671936200585826e-14,53.45213156113669,600.071937361176,-1.0401122784778372e-14,14.410597933808814,5.499178901078608,1.856894769362349e-15,-0.35809656940039064,-9.706907155960804,"[0, 0, 0]",-1.0728288836906369e-14,14.435905904851642,6.493411368361491,8.086785438612551e-16,-1.0881518519797666,-0.4894613232256062,7.0023097569933174e-15,-0.418173740785578,0.929668002134245
8.899999999999984,0.0,0.0,-41.27209713339788,0,-4.8706383656454606e-14,54.89146200537788,600.5733563931153,-1.0287826332597288e-14,14.376010951015013,4.529201737708792,4.0903427425931664e-16,-0.3336430864756412,-9.69263611143551,"[0, 0, 0]",-1.0401122784778372e-14,14.410597933808814,5.499178901078608,7.639477608706423e-16,-1.0584380409826042,-0.4039069141895145,9.566462025585295e-16,-0.34502449664798157,0.9041366698460419
8.999999999999984,0.0,0.0,-41.27209063758659,1,-4.973506667813143e-14,56.32745075524345,600.9778466501266,-1.0285834100939169e-14,14.343764046296254,3.5606034025161595,-3.691896410969277e-16,-0.31129500789953,-9.679330592417147,"[0, 0, 0]",-1.0287826332597288e-14,14.376010951015013,4.529201737708792,7.383886710153383e-16,-1.0318101489512623,-0.32507462157196465,-2.2913770336219416e-15,-0.27764567209811053,0.8812672637990127
9.099999999999984,0.0,0.0,-41.272085397474704,0,-5.0765715665209933e-14,57.76032181408537,601.2855431989849,-1.0327145640630924e-14,14.313657130542188,2.5933275746493964,-4.57041152738167e-16,-0.290843307181781,-9.666185964918116,"[0, 0, 0]",-1.0285834100939169e-14,14.343764046296254,3.5606034025161595,7.238603079745774e-16,-1.0094350500090845,-0.25057564123898735,-2.6463941833178823e-15,-0.21399112753293217,0.8620556389864144
9.199999999999983,0.0,0.0,-41.27208141131179,0,-5.1804232966704e-14,59.19028000474172,601.4965780256213,-1.0443200389250333e-14,14.285506682584806,1.6273689580772648,-1.8640538196500145e-15,-0.27216565196584164,-9.652986366524514,"[0, 0, 0]",-1.0327145640630924e-14,14.313657130542188,2.5933275746493964,7.153327729709705e-16,-0.9914673814865369,-0.1796326177387675,-8.556435466393617e-15,-0.15339163716946722,0.8466324588528378
9.299999999999983,0.0,0.0,-41.272078677387384,0,-5.289154501247763e-14,60.61751245493841,601.6110836817707,-1.1303040526222278e-14,14.259142321348815,0.6627441649101353,-1.5332748919788875e-14,-0.25512157275397784,-9.639509496818073,"[0, 0, 0]",-1.0443200389250333e-14,14.285506682584806,1.6273689580772648,7.149743581067694e-16,-0.9780307367389542,-0.11141479937528025,-6.52118561461566e-14,-0.09513272570175435,0.8351020719668906
9.399999999999983,0.0,0.0,-41.272077193983975,0,-5.4068179429877605e-14,62.042235722641614,601.6282118562463,-1.2229647821777298e-14,14.235323032715293,-0.32018067539702677,-3.1993969913115393e-15,-0.22126419991647503,-10.018987309325166,"[0, 0, 0]",-1.1303040526222278e-14,14.259142321348815,0.6627441649101353,7.682769676238477e-16,-0.969205639681461,-0.04504726636574611,-1.422647227370755e-14,0.03846249501795227,-0.8275322809813298
9.499999999999982,0.0,0.0,-41.272076972091085,0,-5.530119925481455e-14,63.464630226073226,601.5461405796229,-1.2430748676961546e-14,14.212567035916887,-1.3212448570692321,-8.226201123734151e-16,-0.23385573605163773,-10.002296324118944,"[0, 0, 0]",-1.2229647821777298e-14,14.235323032715293,-0.32018067539702677,8.291865462614193e-16,-0.9651740191073978,0.021708679782205406,-4.2895205295398056e-15,-0.018535154145505522,-0.8240781752217308
9.599999999999982,0.0,0.0,-41.27207803531201,1,-5.654520914461174e-14,64.88468260652337,601.3640446555422,-1.2449449118982303e-14,14.188480573086094,-2.3206736245460924,4.486112719582703e-16,-0.24787352056421913,-9.986279025418257,"[0, 0, 0]",-1.2430748676961546e-14,14.212567035916887,-1.3212448570692321,8.448926525903203e-16,-0.9659992149425957,0.08980232011925787,1.0421811087843382e-15,-0.07667547032436384,-0.8247943264753798
9.699999999999982,0.0,0.0,-41.27208039433721,0,-5.778782564677219e-14,66.30225306918727,601.082084215988,-1.2402880924226796e-14,14.1629286801921,-3.3185351665396077,4.82752623151892e-16,-0.2631643373156545,-9.970951814452052,"[0, 0, 0]",-1.2449449118982303e-14,14.188480573086094,-2.3206736245460924,8.522863282165388e-16,-0.9713400083035778,0.1588727648549191,1.1784022998424193e-15,-0.13565517197828583,-0.8293888256816068
9.799999999999981,0.0,0.0,-41.27208404709251,0,-5.902024214687834e-14,67.71718831882478,600.7004131784976,-1.2245449077896247e-14,14.135776312557999,-4.314885583267642,2.6658843034590607e-15,-0.2798830153663679,-9.956056520108628,"[0, 0, 0]",-1.2402880924226796e-14,14.1629286801921,-3.3185351665396077,8.591193965147064e-16,-0.9810339077625229,0.22986739508410403,1.0354866150389047e-14,-0.19628803568035752,-0.837723064726404
9.89999999999998,0.0,0.0,-41.272088991584475,0,-6.015056503439365e-14,69.12943057843367,600.2195406353916,-1.036100867240975e-14,14.10906887961986,-5.302565278850992,3.502292380627087e-14,-0.25426564339639507,-9.797537391558372,"[0, 0, 0]",-1.2245449077896247e-14,14.135776312557999,-4.314885583267642,8.618234545489911e-16,-0.9948629484247121,0.30367768268031703,1.464613596499215e-13,-0.07470006540213504,-0.244721069581268
9.99999999999998,0.0,0.0,-41.27209522121858,0,-6.108803531502887e-14,70.53929313563032,599.641001619395,-8.388396940294574e-15,14.088182264313083,-6.268215041080985,4.4293108360326505e-15,-0.16346666273912913,-9.515457853041509,"[0, 0, 0]",-1.036100867240975e-14,14.10906887961986,-5.302565278850992,7.436649254234779e-16,-1.0126832230241636,0.38059342843236044,1.7888136774885043e-14,0.32506418757740074,0.8649309855966602
10.09999999999998,0.0,0.0,-41.27210271610953,0,-6.191106671266666e-14,71.94732154432509,598.9666613235618,-8.072231012461332e-15,14.072385909582414,-7.218590875582553,1.894007720632195e-15,-0.15246043187426397,-9.492058836989838,"[0, 0, 0]",-8.388396940294574e-15,14.088182264313083,-6.268215041080985,6.159607366489911e-16,-1.0344964821451095,0.46027559039700666,7.35114240332406e-15,0.39317492243063484,0.8836837812132069
10.19999999999998,0.0,0.0,-41.272111452095075,0,-6.27123669237949e-14,73.35382512115393,598.1974045016593,-7.953773210103577e-15,14.05768562699425,-8.166545562466906,4.751483265229273e-16,-0.14154521988902324,-9.467034900697211,"[0, 0, 0]",-8.072231012461332e-15,14.072385909582414,-7.218590875582553,6.079890833388525e-16,-1.0599123087966233,0.5436941091835067,1.390712232899809e-15,0.4645053558357347,0.9055366534899841
10.29999999999998,0.0,0.0,-41.27212141771451,1,-6.351078106756565e-14,74.75891405972112,597.3334819955215,-8.01450966531142e-15,14.044093144349436,-9.111904560289785,-1.689877430679808e-15,-0.13030443300725872,-9.440145055760357,"[0, 0, 0]",-7.953773210103577e-15,14.05768562699425,-8.166545562466906,6.158233265771048e-16,-1.088420614733371,0.6322972911188114,-7.724256749248042e-15,0.5402977923944955,0.9300549972253466
10.399999999999979,0.0,0.0,-41.272132609719556,0,-6.432079275722249e-14,76.16270114498778,596.3751628095202,-8.185724127825512e-15,14.031648560983852,-10.054479159736195,-1.7344118196020199e-15,-0.11858723430442376,-9.411346933167835,"[0, 0, 0]",-8.01450966531142e-15,14.044093144349436,-9.111904560289785,6.390024117074156e-16,-1.1197452825249241,0.7264984674576126,-7.934768792926433e-15,0.6209106069872057,0.9570037022606324
10.499999999999979,0.0,0.0,-41.27214502462678,0,-6.526131699852539e-14,77.56446393961994,595.3215628031566,-1.062476069823235e-14,14.003607331659499,-11.01752096753875,-4.7046319588534745e-14,-0.44223735218263527,-9.849489222883268,"[0, 0, 0]",-8.185724127825512e-15,14.031648560983852,-10.054479159736195,6.7299573013274475e-16,-1.1536229930062332,0.8266368909513492,-1.9857233712926914e-13,-0.7066390105782052,-0.9861585168549758
10.599999999999978,0.0,0.0,-41.27215867389177,0,-6.644960421726377e-14,78.96253760128216,594.1706098467494,-1.314098367653535e-14,13.957865901584954,-12.001538160606197,-3.27813997752527e-15,-0.47259124930826163,-9.830854638465645,"[0, 0, 0]",-1.062476069823235e-14,14.003607331659499,-11.01752096753875,9.017078685942185e-16,-1.1884656302670278,0.9350408570128363,-1.469113386918896e-14,-0.7994793951264643,-1.016162851161307
10.699999999999978,0.0,0.0,-41.2721735843606,0,-6.777481754476887e-14,80.35588046378838,592.9213533251237,-1.3363282873566601e-14,13.908991348539363,-12.983592271906296,-1.1678439630997468e-15,-0.504899811603557,-9.810227587536335,"[0, 0, 0]",-1.314098367653535e-14,13.957865901584954,-12.001538160606197,1.1522478570903524e-15,-1.2238749754612022,1.0523372502196546,-6.064758616183194e-15,-0.8999753291488627,-1.0466770834614514
10.799999999999978,0.0,0.0,-41.272189768350444,0,-6.911433049962533e-14,81.74416981607305,591.57399806449,-1.342697622356263e-14,13.856795697154046,-13.963512940768135,-1.0602303682083495e-16,-0.539013216102774,-9.788185789700444,"[0, 0, 0]",-1.3363282873566601e-14,13.908991348539363,-12.983592271906296,1.2112221110281713e-15,-1.2606840716344174,1.1768076893301738,-1.6572057574321068e-15,-1.0066635424851162,-1.078412985411756
10.899999999999977,0.0,0.0,-41.27220722321004,1,-7.045558797702983e-14,83.12706460496715,590.1287647213375,-1.3398173324527449e-14,13.801100080727688,-14.941153922281249,6.8208101752445355e-16,-0.5748991124244099,-9.764633840561844,"[0, 0, 0]",-1.342697622356263e-14,13.856795697154046,-13.963512940768135,1.2583314105483118e-15,-1.2986126574560324,1.308613841449424,1.610827863322663e-15,-1.119688215275046,-1.1111309102080331
10.999999999999977,0.0,0.0,-41.27222594608321,0,-7.179222786632859e-14,84.50420606155386,588.5858890199893,-1.333462446144763e-14,13.741729051006491,-15.916360104682902,5.888962440719131e-16,-0.6125214819995386,-9.739489807471218,"[0, 0, 0]",-1.3398173324527449e-14,13.801100080727688,-14.941153922281249,1.2983539403006116e-15,-1.337399676528507,1.4478769305155252,1.1788255686074174e-15,-1.2391588925730928,-1.1446074367001644
11.099999999999977,0.0,0.0,-41.27224593391877,0,-7.314169314514129e-14,85.87589454681304,586.9462066397732,-1.3654681114806566e-14,13.692040654177148,-16.877287499638513,-6.990029311250654e-15,-0.3812464545873033,-9.479058091640976,"[0, 0, 0]",-1.333462446144763e-14,13.741729051006491,-15.916360104682902,1.3360186510702476e-15,-1.3768071506758743,1.5946871258718776,-3.073942808151337e-14,-0.22689794110286648,-0.19589717802058232
11.199999999999976,0.0,0.0,-41.27226717589329,0,-7.45315196647432e-14,87.24419226277683,585.2120116328898,-1.4141849277231812e-14,13.673913665098757,-17.806612638029524,-2.7533339372542527e-15,0.018706673019462102,-9.107444676179224,"[0, 0, 0]",-1.3654681114806566e-14,13.692040654177148,-16.877287499638513,1.4140818174473196e-15,-1.4179507796653286,1.7478156524058703,-1.2995922386487209e-14,1.4966400013238648,1.2141794552728342
11.299999999999976,0.0,0.0,-41.27228964229036,0,-7.595919055816629e-14,88.61173072553142,583.3859298008283,-1.441156859122992e-14,13.676855589992812,-18.715024003200693,-2.641052342707919e-15,0.04013182486161305,-9.060782627244143,"[0, 0, 0]",-1.4141849277231812e-14,13.673913665098757,-17.806612638029524,1.5130879089856677e-15,-1.463021775269885,1.9051942751201345,-1.2622618341838422e-14,1.6318354418588907,1.253106214034876
11.399999999999975,0.0,0.0,-41.272313299095806,0,-7.741274404032516e-14,89.9796713881891,581.4692446332159,-1.4659501051947528e-14,13.68195766316092,-19.618679349047472,-2.317596871644189e-15,0.06190963850055028,-9.012324289691414,"[0, 0, 0]",-1.441156859122992e-14,13.676855589992812,-18.715024003200693,1.5921732459982786e-15,-1.5110030127477014,2.0676139677290144,-1.1341095128484018e-14,1.7714245886046855,1.2945491431250775
11.499999999999975,0.0,0.0,-41.272338129685146,0,-7.888598571247427e-14,91.34823407184865,579.4624406980231,-1.480533239103462e-14,13.689296010029933,-20.51739935480768,-5.990299100976997e-16,0.08485729887969606,-8.962075825512699,"[0, 0, 0]",-1.4659501051947528e-14,13.68195766316092,-19.618679349047472,1.671352112745775e-15,-1.5599008974309057,2.2367556073783463,-4.1911586719736064e-15,1.916851317954216,1.3368014284864258
11.599999999999975,0.0,0.0,-41.272364127783966,1,-8.02896736606752e-14,92.71764824904378,577.36602039608,-1.3268426572984132e-14,13.698987533872646,-21.411006684055348,3.133714627110747e-14,0.10897317797458368,-8.91007075944066,"[0, 0, 0]",-1.480533239103462e-14,13.689296010029933,-20.51739935480768,1.7408808180687066e-15,-1.6096519961386837,2.4125325950175367,1.3007815758109888e-13,2.0680453484764207,1.379808641821143
11.699999999999974,0.0,0.0,-41.27239128688701,0,-8.141140126234564e-14,94.08815505809481,575.1805036961239,-9.166125460424543e-15,13.711148647147981,-22.299327315066005,5.07088759800843e-14,0.134249087532096,-8.856341860772481,"[0, 0, 0]",-1.3268426572984132e-14,13.698987533872646,-21.411006684055348,1.608029606050454e-15,-1.660210229616474,2.5948466801185903,2.1169777725232014e-13,2.2249261572043872,1.4235311838012592
11.799999999999974,0.0,0.0,-41.2724196002615,0,-8.216070052064045e-14,95.4571694565448,572.9046829494199,-5.819859705471721e-15,13.66913932185182,-23.21708761901273,1.6216439118972142e-14,-0.9744355934553178,-9.49886421816199,"[0, 0, 0]",-9.166125460424543e-15,13.711148647147981,-22.299327315066005,1.1441921271675996e-15,-1.7115397780912307,2.783587772739277,6.706991366371069e-14,-2.387402793129143,-1.4679382079428909
11.899999999999974,0.0,0.0,-41.27244908355611,0,-8.267124052296427e-14,96.81908236573389,570.5355754063007,-4.390940341004879e-15,13.56911886192997,-24.165063243369897,1.2361948170364701e-14,-1.025973604981657,-9.46064826898137,"[0, 0, 0]",-5.819859705471721e-15,13.66913932185182,-23.21708761901273,7.478158633501626e-16,-1.7563995938963521,2.983251710683825,5.125245584167881e-14,-2.5593365251995324,-1.5068180862533254
11.999999999999973,0.0,0.0,-41.27247977541623,0,-8.305453429990254e-14,98.17073401009074,568.0718720783942,-3.274935197760491e-15,13.463914025206908,-25.109003314759168,9.958154694523056e-15,-1.0781231294796154,-9.418153158804076,"[0, 0, 0]",-4.390940341004879e-15,13.56911886192997,-24.165063243369897,5.804639634270484e-16,-1.7937808084648352,3.194520375446884,4.130830167929703e-14,-2.741321174798226,-1.5393012832179682
12.099999999999973,0.0,0.0,-41.27251169280393,0,-8.334276225589356e-14,99.51160138393107,565.5139920004428,-2.489623922059959e-15,13.353433451599548,-26.048598244267616,5.748070819487583e-15,-1.1314883426675628,-9.3737454313649,"[0, 0, 0]",-3.274935197760491e-15,13.463914025206908,-25.109003314759168,4.451416902925478e-16,-1.8300665769608495,3.412911554627502,2.373399579465977e-14,-2.9295150390531877,-1.570860385293676
12.199999999999973,0.0,0.0,-41.27254483029486,1,-8.367139304082804e-14,100.84115099139467,562.8623792397048,-4.082991776629705e-15,13.237558697672553,-26.9836569704944,-3.7615427910882495e-14,-1.186006735872352,-9.327429093170801,"[0, 0, 0]",-2.489623922059959e-15,13.353433451599548,-26.048598244267616,3.477329800828827e-16,-1.8651127053041445,3.63828312147893,-1.585762293877906e-13,-3.1237993706423257,-1.6013701244442446
12.299999999999972,0.0,0.0,-41.27257918214048,0,-8.431952253828451e-14,102.15883779325831,560.1174969550469,-8.879598172499883e-15,13.11617733960025,-27.913988722662786,-5.831670000652108e-14,-1.2416204255736896,-9.279205950196888,"[0, 0, 0]",-4.082991776629705e-15,13.237558697672553,-26.9836569704944,5.856601373009264e-16,-1.8987817925039847,3.870507978163406,-2.458936167383111e-13,-3.3240680847610147,-1.6307110053762885
12.399999999999972,0.0,0.0,-41.27261474234508,0,-8.543240303700524e-14,103.46830195392056,557.281799047764,-1.3378011801914643e-14,13.073105873644643,-28.799969422996064,-3.16515725817741e-14,0.38019110646152754,-8.440408056468684,"[0, 0, 0]",-8.879598172499883e-15,13.11617733960025,-27.913988722662786,1.3072394389199984e-15,-1.9309414652675776,4.109450252922843,-1.344489054175391e-13,3.530207257631094,1.6587677560764007
12.499999999999972,0.0,0.0,-41.27265147912274,0,-8.690810560239775e-14,104.77761066769436,554.3597645821523,-1.6136039505935662e-14,13.113068401831454,-29.640719889240454,-2.3508981498646295e-14,0.41905945727468524,-8.37460126841912,"[0, 0, 0]",-1.3378011801914643e-14,13.073105873644643,-28.799969422996064,2.0200933632976104e-15,-1.97405225859174,4.348824620280423,-1.0091012336429229e-13,3.7368169408677643,1.6962449779334212
12.599999999999971,0.0,0.0,-41.27268933445132,0,-8.862637032149458e-14,106.09110236016693,551.3539900850119,-1.8229254876000936e-14,13.15676544761985,-30.474770053566182,-1.8355325902659164e-14,0.4548814584932682,-8.306402018095397,"[0, 0, 0]",-1.6136039505935662e-14,13.113068401831454,-29.640719889240454,2.4974317995383772e-15,-2.0295558897342185,4.587598858156508,-7.970871929391667e-14,3.943005057231575,1.7443872894265906
12.69999999999997,0.0,0.0,-41.272728274697,0,-9.051306087933516e-14,107.40914504378048,548.2651550259359,-1.9504556280810677e-14,13.204088224651308,-31.30193112795488,-7.150702193535628e-15,0.4915740821358678,-8.236819469678542,"[0, 0, 0]",-1.8229254876000936e-14,13.15676544761985,-30.474770053566182,2.8900677850361796e-15,-2.085874833288018,4.8314729146800035,-3.2969344272945074e-14,4.153670740691602,1.7932496811579965
12.79999999999997,0.0,0.0,-41.27276829106177,1,-9.212442250156621e-14,108.72691279646108,545.0917646461588,-1.272267616381029e-14,13.151266828960555,-32.16587646758539,1.4278830453354335e-13,-1.5480019959509281,-9.042087322931698,"[0, 0, 0]",-1.9504556280810677e-14,13.204088224651308,-31.30193112795488,3.1655518045619826e-15,-2.1429980105860316,5.080242951533272,5.974704102394062e-13,-4.368639417432776,-1.8428224141722613
12.89999999999997,0.0,0.0,-41.27280940291518,0,-9.267522214599315e-14,110.03414120499083,541.8301004920363,1.7066832752712796e-15,12.993301341634533,-33.06740661486488,1.4579888424808801e-13,-1.6113077505695281,-8.988515622658099,"[0, 0, 0]",-1.272267616381029e-14,13.151266828960555,-32.16587646758539,2.1126089965113573e-15,-2.1837767668262833,5.341165579564862,6.111872925000805e-13,-4.594154969766865,-1.8783557140712543
12.99999999999997,0.0,0.0,-41.27285165843553,0,-9.202513228975249e-14,111.32526061906562,538.4785682176694,1.1295113849541865e-14,12.829086939861137,-33.963238872472985,4.596972723732369e-14,-1.6729802848984001,-8.92812952950404,"[0, 0, 0]",1.7066832752712796e-15,12.993301341634533,-33.06740661486488,-2.898090873723067e-16,-2.206371186929179,5.615122074305028,1.936604876894312e-13,-4.830984751872419,-1.8982571384870117
13.09999999999997,0.0,0.0,-41.272895078283184,0,-9.068730147882821e-14,112.59964861644289,535.037759215105,1.5461502368943842e-14,12.658673007684408,-34.852941178814504,3.7358043150715824e-14,-1.7352983586361628,-8.865916597326306,"[0, 0, 0]",1.1295113849541865e-14,12.829086939861137,-33.963238872472985,-1.9604228840010346e-15,-2.2266650830405474,5.894788807559486,1.5910623577961585e-13,-5.072830505744884,-1.9161830776430353
13.199999999999969,0.0,0.0,-41.27293965480203,0,-8.897107258672569e-14,113.85668220336714,531.5082955157286,1.8863075473106425e-14,12.481998730800578,-35.73633280871215,3.067341893253582e-14,-1.7981871790404322,-8.801916000626626,"[0, 0, 0]",1.5461502368943842e-14,12.658673007684408,-34.852941178814504,-2.741540716943354e-15,-2.244559852265456,6.179914154970868,1.3176862420187483e-13,-5.3194762202012225,-1.932046701545282
13.299999999999969,0.0,0.0,-41.2729853799391,0,-8.696251992014816e-14,115.09573264754833,527.8908170685366,2.1307977858444367e-14,12.299010152823138,-36.6132361351278,1.822462877422299e-14,-1.8615843805083827,-8.736150527686316,"[0, 0, 0]",1.8863075473106425e-14,12.481998730800578,-35.73633280871215,-3.4152912200173795e-15,-2.259952823406209,6.470312004594554,8.007680402709834e-14,-5.570762226859049,-1.9457577647221453
13.399999999999968,0.0,0.0,-41.273032245409404,1,-8.531576769075123e-14,116.32024913737736,524.1873530054005,1.1627066729494182e-14,12.191319643757494,-37.456045127594415,-2.1184285135322668e-13,-0.2922258008045074,-8.120029321645974,"[0, 0, 0]",2.1307977858444367e-14,12.299010152823138,-36.6132361351278,-3.937509083305205e-15,-2.272738619972434,6.765773402290793,-8.871749334962742e-13,1.0434970124495198,0.3505284346674856
13.499999999999968,0.0,0.0,-41.27308022493069,0,-8.529682304211762e-14,117.53899139017771,520.401670863692,-1.124817375682203e-14,12.18352541224962,-38.25759770657568,-2.4566195837309753e-13,0.1363411706470608,-7.911022257979317,"[0, 0, 0]",1.1627066729494182e-14,12.191319643757494,-37.456045127594415,-2.191819278848193e-15,-2.298186640832225,7.060842061894735,-1.031179976731013e-12,2.8717028714879405,0.9346915166548955
13.599999999999968,0.0,0.0,-41.27312926969907,0,-8.721957788744476e-14,118.7600582762353,516.5371733231235,-2.7206923149720827e-14,12.237812308901937,-39.032353104793785,-7.351302948487838e-14,0.9493967623992474,-7.584085706382846,"[0, 0, 0]",-1.124817375682203e-14,12.18352541224962,-38.25759770657568,2.1619485044114836e-15,-2.3417272094945227,7.353278668365451,-3.113929414184276e-13,6.335344471131951,2.0175555964436427
13.699999999999967,0.0,0.0,-41.27317933563726,0,-9.028124333727365e-14,119.98870409248113,512.5962198633003,-3.4026385846856844e-14,12.335104016014531,-39.78671609166836,-6.287622445784195e-14,0.9964373798526369,-7.503174031108727,"[0, 0, 0]",-2.7206923149720827e-14,12.237812308901937,-39.032353104793785,5.329194148466284e-15,-2.397098613016006,7.645516790790482,-2.698166932493228e-13,6.588591230142522,2.0657207788135863
13.799999999999967,0.0,0.0,-41.27323039218285,0,-9.397481208953467e-14,121.22730949939327,508.58023948420265,-3.9844989198363626e-14,12.437004122228394,-40.53289149028615,-5.3495842572293693e-14,1.0415647444246439,-7.420333941246991,"[0, 0, 0]",-3.4026385846856844e-14,12.335104016014531,-39.78671609166836,6.789059809629727e-15,-2.461141753333237,7.938380420148135,-2.318181822838311e-13,6.842461668450036,2.121373279751481
13.899999999999967,0.0,0.0,-41.273282420828096,0,-9.81807758053832e-14,122.47633125129056,504.49005812512945,-4.427428511860688e-14,12.543430915717384,-41.270735691177876,-3.509007583257142e-14,1.0869711253551484,-7.3365500765875575,"[0, 0, 0]",-3.9844989198363626e-14,12.437004122228394,-40.53289149028615,8.094309100310443e-15,-2.5265148183623074,8.234052990161002,-1.5569996577327095e-13,7.0988357078391715,2.1781877807206627
13.999999999999966,0.0,0.0,-41.27333541087807,1,-1.0139270668179826e-13,123.73622329081107,500.32651349916813,-1.996433240969424e-14,12.65440987469281,-42.000156828048475,5.212891300108242e-13,1.1326080541533947,-7.251872660824485,"[0, 0, 0]",-4.427428511860688e-14,12.543430915717384,-41.270735691177876,9.153267172056468e-15,-2.593229323030723,8.53231326393383,2.1836383562732728e-12,7.357520981563308,2.236174243022037
14.099999999999966,0.0,0.0,-41.27338935148538,0,-9.901207871113004e-14,125.00744186351713,496.09045228269645,6.757689182305868e-14,12.769961579428402,-42.7210675013848,1.229535354644234e-12,1.1784260405584608,-7.166340805902063,"[0, 0, 0]",-1.996433240969424e-14,12.65440987469281,-42.000156828048475,4.198656769976068e-15,-2.6613223322524666,8.832964668556283,5.1678156270071966e-12,7.6183463748078575,2.2953647051578376
14.199999999999966,0.0,0.0,-41.27344423168649,0,-8.888584593510677e-14,126.28107716573943,491.7799295037334,1.349477636974067e-13,12.702744465017723,-43.48938807787603,1.1788208284272694e-13,-2.522768328772056,-8.200070723922412,"[0, 0, 0]",6.757689182305868e-14,12.769961579428402,-42.7210675013848,-1.4451178044318556e-14,-2.730829776643529,9.135811607351897,5.103196489760884e-13,-7.881141470694144,-2.3557902381428515
14.299999999999965,0.0,0.0,-41.27350007668516,0,-7.493077979202005e-14,127.53855618819632,487.39016301582495,1.4415355916432757e-13,12.446835984120085,-44.30594168029302,6.62338264956903e-14,-2.5954012891806992,-8.131001324417372,"[0, 0, 0]",1.349477636974067e-13,12.702744465017723,-43.48938807787603,-2.93327080053007e-14,-2.7611120336444297,9.45300230893754,3.0794388857118983e-13,-8.156388214780993,-2.382386136689582
14.399999999999965,0.0,0.0,-41.27355694844258,0,-6.030371414594861e-14,128.77009831780174,482.9191174391441,1.4838775375710127e-13,12.184006607988211,-45.11496985332387,1.845006535978365e-14,-2.6611862334567755,-8.049562136199627,"[0, 0, 0]",1.4415355916432757e-13,12.446835984120085,-44.30594168029302,-3.1838789701745087e-14,-2.74909752938365,9.785728273892751,1.0944859670484211e-13,-8.445125686110742,-2.372483019067722
14.499999999999964,0.0,0.0,-41.2736148733346,0,-4.547081992472073e-14,129.97502896019589,478.3675800189117,1.4827013066745635e-13,11.914606239894983,-45.9157785513231,-2.080252715268192e-14,-2.7268211284077783,-7.966611823784909,"[0, 0, 0]",1.4838775375710127e-13,12.184006607988211,-45.11496985332387,-3.329142865838343e-14,-2.7335341124381713,10.121736883729689,-5.421395877593301e-14,-8.736780890834886,-2.3595049814409825
14.599999999999964,0.0,0.0,-41.273673841168666,1,-3.0495269403837053e-14,131.16342661168127,473.739165525882,1.5124087975021727e-13,11.853346789812512,-46.65251130927079,8.021750880790028e-14,1.5016321267583819,-6.768043335168973,"[0, 0, 0]",1.4827013066745635e-13,11.914606239894983,-45.9157785513231,-3.3779144418628785e-14,-2.7144051405145557,10.460607998367047,3.712123868189896e-13,9.030988701318524,2.34343569308921
14.699999999999964,0.0,0.0,-41.27373380511984,0,-1.4649680824681542e-14,132.35642297822127,469.0402832522454,1.6567089183289289e-13,12.006580540987514,-47.325134163462,2.0838273284561227e-13,1.563042896741657,-6.684413748655274,"[0, 0, 0]",1.5124087975021727e-13,11.853346789812512,-46.65251130927079,-3.497601743483759e-14,-2.741209021438948,10.788875677177282,9.115335452026167e-13,9.316115678306433,2.3670140528325976
14.799999999999963,0.0,0.0,-41.27379468215804,0,2.7694635178397068e-15,133.56501437493426,464.2745752403812,1.8271199501753209e-13,12.16524739327216,-47.98902607382187,1.3243933084717158e-13,1.6102941489512603,-6.593424458542057,"[0, 0, 0]",1.6567089183289289e-13,12.006580540987514,-47.325134163462,-3.887656029355963e-14,-2.8174807726151556,11.105381345821556,5.959797849289021e-13,9.591148815587832,2.4333137722800324
14.899999999999963,0.0,0.0,-41.27385642510419,0,2.174965729439663e-14,134.7897081186893,459.4429346266645,1.9689188051360633e-13,12.328627481828772,-48.64378620051158,1.511583790743133e-13,1.6573076221809497,-6.501778075252091,"[0, 0, 0]",1.8271199501753209e-13,12.16524739327216,-47.98902607382187,-4.349135054908603e-14,-2.895721426753545,11.422936711328386,6.79335852890513e-13,9.867150643616407,2.5013287092266774
14.999999999999963,0.0,0.0,-41.27391902239288,0,4.221874431474579e-14,136.0309742474393,454.54627756499315,2.1248985989337686e-13,12.496695093171027,-49.289355032916156,1.6080120852109722e-13,1.7040446046641462,-6.409598572839418,"[0, 0, 0]",1.9689188051360633e-13,12.328627481828772,-48.64378620051158,-4.752384861611873e-14,-2.9757642852644826,11.741164366339643,7.239307076611675e-13,10.143791623580858,2.5709147652472057
15.099999999999962,0.0,0.0,-41.27398246216049,0,6.420080099833677e-14,137.28928002174638,449.5855257508241,2.2715127377844275e-13,12.669420392970475,-49.925681250464336,1.3242706918022075e-13,1.7504613913247864,-6.316925778124162,"[0, 0, 0]",2.1248985989337686e-13,12.496695093171027,-49.289355032916156,-5.199098058433228e-14,-3.057630290138971,12.059878536399179,6.09042626778784e-13,10.420908853000519,2.6420901722634995
15.199999999999962,0.0,0.0,-41.27404673247156,1,3.929939244673833e-14,138.56508950362428,444.5616058141654,-7.251794448104115e-13,12.84676924458761,-50.55271748271002,-1.9179041440957306e-11,1.7965156410179497,-6.223798866789547,"[0, 0, 0]",2.2715127377844275e-13,12.669420392970475,-49.925681250464336,-5.6321363081448154e-14,-3.1413384310579735,12.378897877274001,-8.061990800039821e-11,10.698343214431986,2.7148714708959365
15.299999999999962,0.0,0.0,-41.2741118213267,0,-1.1038026404197701e-13,139.84581666457225,439.47213347746856,-2.2684136849638955e-12,12.767773974372007,-51.23672925122636,-1.1685643362112371e-11,-3.376421045330023,-7.456436503537212,"[0, 0, 0]",-7.251794448104115e-13,12.84676924458761,-50.55271748271002,1.8215361551701812e-13,-3.2269053988785483,12.698043676752869,-4.9337563547961716e-11,-10.975937820335446,-2.7892732071034496
15.399999999999961,0.0,0.0,-41.27417775962199,0,-3.7149631988010136e-13,141.1055256928711,434.31136698330965,-2.9539074317985906e-12,12.426406591605106,-51.97860063195183,-2.024231574581531e-12,-3.4509266100079885,-7.38099111097222,"[0, 0, 0]",-2.2684136849638955e-12,12.767773974372007,-51.23672925122636,5.770634816051153e-13,-3.248003726496456,13.034150500746042,-9.091950489825991e-12,-11.268245563783156,-2.807954655744538
15.499999999999961,0.0,0.0,-41.274244621753006,0,-6.77941862948256e-13,142.33075653220106,429.07683663464786,-3.175003429564502e-12,12.078210194993899,-52.712006341284194,-2.3976883807366974e-12,-3.5130013222161796,-7.2871230756751215,"[0, 0, 0]",-2.9539074317985906e-12,12.426406591605106,-51.97860063195183,7.608703479749343e-13,-3.20080589041196,13.388698482674705,-1.0846695457741668e-11,-11.576559354760237,-2.767581884181604
15.59999999999996,0.0,0.0,-41.27431243972365,0,-1.0080830031981953e-12,143.52085905121635,423.7694381079284,-3.427819375434284e-12,11.723840185311845,-53.435964193104816,-2.6586305366589446e-12,-3.5743988714248824,-7.192033960737298,"[0, 0, 0]",-3.175003429564502e-12,12.078210194993899,-52.712006341284194,8.278868731131385e-13,-3.14941129764647,13.744734162819945,-1.201135960445638e-11,-11.886221430682571,-2.723559409492354
15.69999999999996,0.0,0.0,-41.27438120193664,0,-1.3643515435567277e-12,144.67521953806198,418.39012189640346,-3.697551431736366e-12,11.363369551600805,-54.15036003739405,-2.7360105893827044e-12,-3.6350138027959336,-7.0958829250474516,"[0, 0, 0]",-3.427819375434284e-12,11.723840185311845,-53.435964193104816,9.045954466975801e-13,-3.093900607904574,14.101656068985086,-1.2413565721852822e-11,-12.196707538314715,-2.6759552695531075
15.79999999999996,0.0,0.0,-41.27445089608449,0,-1.743449926985686e-12,145.79323196538866,412.9398493975999,-3.884416236842797e-12,10.996878994932766,-54.85508993867634,-1.0012855127459086e-12,-3.6947973305648327,-6.998715100598362,"[0, 0, 0]",-3.697551431736366e-12,11.363369551600805,-54.15036003739405,9.87321919059085e-13,-3.0342522720219494,14.459254557212128,-5.1992081039499915e-12,-12.50783401054162,-2.6247496794797973
15.89999999999996,0.0,0.0,-41.274521509718454,1,-2.112069783922806e-12,146.88953632485573,407.4226469025195,-3.4879809018996033e-12,10.929208194408805,-55.488959962931865,8.929992211609782e-12,2.3413813200856066,-5.6786853845120335,"[0, 0, 0]",-3.884416236842797e-12,10.996878994932766,-54.85508993867634,1.04924914204071e-12,-2.970450422155846,14.81732454643003,3.651457291318488e-11,12.8194210804707,2.5699278328524158
15.99999999999996,0.0,0.0,-41.2745929906808,0,-2.4115122275411596e-12,147.99433152511688,401.8455682059311,-2.500867970467474e-12,11.166695810814202,-56.05261396883536,1.08122664170328e-11,2.4083710080223413,-5.594394733557915,"[0, 0, 0]",-3.4879809018996033e-12,10.929208194408805,-55.488959962931865,9.52845758524183e-13,-2.9856383864942164,15.158460333542186,4.452872265483687e-11,13.11639974042906,2.5834303547949307
16.09999999999996,0.0,0.0,-41.2746652475889,0,-2.610798923229535e-12,149.12315170572248,396.2125778671785,-1.4848659433000287e-12,11.409707801297888,-56.607192806216986,9.507774126316104e-12,2.451868801651357,-5.497182014074578,"[0, 0, 0]",-2.500867970467474e-12,11.166695810814202,-56.05261396883536,6.907412306591996e-13,-3.084248068208465,15.481765535691618,3.9303508143701013e-11,13.39798196466703,2.669120643711527
16.19999999999996,0.0,0.0,-41.27473822908361,0,-2.711324212886616e-12,150.27648855479558,390.5246164953608,-5.256398498415906e-13,11.657029180164049,-57.15203463013579,9.676747742852656e-12,2.4945587756718646,-5.399654464301428,"[0, 0, 0]",-1.4848659433000287e-12,11.409707801297888,-56.607192806216986,4.145586614780545e-13,-3.1854681665400935,15.804121702475994,4.029047463219565e-11,13.678776529543402,2.757085019488919
16.29999999999996,0.0,0.0,-41.27481192298403,0,-2.7162451326042115e-12,151.45476889930436,384.7826588469429,4.2722145548967956e-13,11.908577710011235,-57.687118338222305,9.380478363772745e-12,2.536411821271866,-5.302019697428861,"[0, 0, 0]",-5.256398498415906e-13,11.657029180164049,-57.15203463013579,1.483049149582146e-13,-3.2889338997997455,16.12497157143921,3.931047754529357e-11,13.958296207771085,2.8470074119384696
16.399999999999963,0.0,0.0,-41.274886316666795,0,-2.6316566215964577e-12,152.6584111963841,378.9876811712186,1.2645487646653963e-12,12.164268231583808,-58.21243517626494,7.366067819741587e-12,2.5773986101796034,-5.204317063423872,"[0, 0, 0]",4.2722145548967956e-13,11.908577710011235,-57.687118338222305,-1.2178279039257616e-13,-3.3946324663627223,16.44416063533863,3.1106990198274195e-11,14.236404828974837,2.9388767908813227
16.499999999999964,0.0,0.0,-41.27496139748908,1,-2.554808023613866e-12,153.88782524624312,373.1406604000705,2.724231949864369e-13,12.424012765596972,-58.72798024669673,-2.7208579213320774e-11,2.6174920700836797,-5.106584345211938,"[0, 0, 0]",1.2645487646653963e-12,12.164268231583808,-58.21243517626494,-3.6411100520502247e-13,-3.502548938519953,16.761542836246818,-1.140881979918762e-10,14.512973586344257,3.0326802685307324
16.599999999999966,0.0,0.0,-41.27503715279913,0,-2.746906289950695e-12,155.14341191935554,367.24257376724626,-4.114388521723014e-12,12.687720696651546,-59.23375240978829,-6.052765512086823e-11,2.656666551007815,-5.008858916619237,"[0, 0, 0]",2.724231949864369e-13,12.424012765596972,-58.72798024669673,-7.92154669555936e-14,-3.6126658478475697,17.076976058637648,-2.545290767356302e-10,14.787877115376526,3.12840273555721
16.699999999999967,0.0,0.0,-41.27511356994124,0,-3.3727683963385095e-12,156.40766076066757,361.2905638414845,-8.402853606033275e-12,12.597256129588697,-59.80644610544585,-2.5241646565336992e-11,-4.465957892264791,-6.445014996532079,"[0, 0, 0]",-4.114388521723014e-12,12.687720696651546,-59.23375240978829,1.2079353233310918e-12,-3.724963240862388,17.390322156369344,-1.0738638402662407e-10,-15.06099352101072,-3.2260269092303036
16.79999999999997,0.0,0.0,-41.27519068594265,0,-4.324318298391827e-12,157.64487870510752,355.2778880339106,-1.0628144435033078e-11,12.1471027592101,-60.4470700460333,-1.9264170014659052e-11,-4.537109515307142,-6.367463815216993,"[0, 0, 0]",-8.402853606033275e-12,12.597256129588697,-59.80644610544585,2.4902678603579944e-12,-3.7333200766092514,17.72422531218314,-8.352458875612254e-11,-15.35193447226848,-3.2336355564558175
16.89999999999997,0.0,0.0,-41.275268588168615,0,-5.47166400199187e-12,158.83677837820113,349.20160666714276,-1.2318769636967789e-11,11.690890702662077,-61.07855728932316,-1.454833402403517e-11,-4.587131615653305,-6.262281050580029,"[0, 0, 0]",-1.0628144435033078e-11,12.1471027592101,-60.4470700460333,3.1790200343793116e-12,-3.63336076840519,18.080526461651477,-6.437627726920136e-11,-15.662310680253148,-3.147409744340349
16.99999999999997,0.0,0.0,-41.2753473147134,0,-6.765182016456639e-12,159.98280961470118,343.0627045998012,-1.3551590652327583e-11,11.229734027338813,-61.69948405750875,-1.010808628316073e-11,-4.636001890811978,-6.1562543131318375,"[0, 0, 0]",-1.2318769636967789e-11,11.690890702662077,-61.07855728932316,3.718393077406809e-12,-3.528869224654043,18.43642598210949,-4.623784275462767e-11,-15.972373995664261,-3.0572313252394787
17.099999999999973,0.0,0.0,-41.27542685282385,0,-8.13405999343031e-12,161.0824840353189,336.8622414310388,-1.382596888714583e-11,10.763754385015837,-62.3097793177393,4.6205215867958054e-12,-4.683590955647536,-6.049650891479108,"[0, 0, 0]",-1.3551590652327583e-11,11.229734027338813,-61.69948405750875,4.127232795081133e-12,-3.4200949354761336,18.79101432258788,1.5308892856078678e-11,-16.281330672564014,-2.963315104768632
17.199999999999974,0.0,0.0,-41.27550718877831,1,-9.465002465529492e-12,162.15504424429608,330.60468934483504,-1.2792880554837802e-11,10.687449794527376,-62.841262406336405,1.6041245059364754e-11,3.157499145878343,-4.580010880463085,"[0, 0, 0]",-1.382596888714583e-11,10.763754385015837,-62.3097793177393,4.247901520869525e-12,-3.307064336365197,19.144105450356598,6.322925418939518e-11,16.589017247936642,2.865683510690044
17.299999999999976,0.0,0.0,-41.27558826463994,0,-1.066298251192806e-11,163.23974461969047,324.2978615594085,-1.1166720373133585e-11,11.006557713360488,-63.29529330219511,1.6481958574719587e-11,3.224659230783888,-4.500607036711006,"[0, 0, 0]",-1.2792880554837802e-11,10.687449794527376,-62.841262406336405,3.964350873637333e-12,-3.3119046760635475,19.473707461985388,6.536665685304895e-11,16.876365054475322,2.8701731525946337
17.399999999999977,0.0,0.0,-41.275669979182986,0,-1.1703211390126995e-11,164.35660628748357,317.9460766399285,-9.637857190845105e-12,11.330675642501634,-63.740405087404284,1.4095305071050006e-11,3.2576993520390083,-4.401628667472368,"[0, 0, 0]",-1.1166720373133585e-11,11.006557713360488,-63.29529330219511,3.489514659629935e-12,-3.439465054147899,19.779294769033978,5.58020859326616e-11,17.142907998960666,2.981017962339485
17.49999999999998,0.0,0.0,-41.27575227645933,0,-1.2600271474832707e-11,165.50604201445574,311.55027553161733,-8.303344503269129e-12,11.658038896941614,-64.17561707881886,1.2594948680469502e-11,3.289565736760587,-4.302611160819082,"[0, 0, 0]",-9.637857190845105e-12,11.330675642501634,-63.740405087404284,3.0365738472731923e-12,-3.5699256221225326,20.08251868339202,4.994380954127714e-11,17.40741383560513,3.094391378209379
17.59999999999998,0.0,0.0,-41.27583514428271,0,-1.3378192182834597e-11,166.6883704150757,305.1114476106483,-7.2550696567686524e-12,11.98852911545742,-64.6009413405613,8.370548249540024e-12,3.3202386335555243,-4.2038740740298355,"[0, 0, 0]",-8.303344503269129e-12,11.658038896941614,-64.17561707881886,2.6371937060350723e-12,-3.7026654490394786,20.38257395854703,3.257333923727645e-11,17.669178549646322,3.2097544236433952
17.69999999999998,0.0,0.0,-41.275918569839284,1,-1.4229979462287256e-11,167.88258808108407,298.6266254632034,-9.78067593228454e-12,11.895824204710248,-65.09550160833726,-5.888267375985775e-11,-5.1743368484989505,-5.6873312814892225,"[0, 0, 0]",-7.2550696567686524e-12,11.98852911545742,-64.6009413405613,2.322413474612635e-12,-3.8376366976089025,20.679346131709252,-2.500111266154355e-10,-17.9281010572478,-3.327065473808017
17.799999999999983,0.0,0.0,-41.276002591582,0,-1.554295565872686e-11,169.0461337663346,292.08882808497725,-1.6478847996507554e-11,11.375089500300756,-65.66044595618624,-7.508076752460254e-11,-5.240357239690872,-5.611555675490487,"[0, 0, 0]",-9.78067593228454e-12,11.895824204710248,-65.09550160833726,3.15500164682875e-12,-3.837295624156283,20.998182149919817,-3.1898065123667536e-10,-18.20615550020656,-3.327068997442619
17.899999999999984,0.0,0.0,-41.27608729996735,0,-1.7441309979845787e-11,170.15734652410862,285.495001525488,-2.148823842587097e-11,10.849165655179409,-66.21608523359825,-2.5107041062665774e-11,-5.278119662736089,-5.5012298727498665,"[0, 0, 0]",-1.6478847996507554e-11,11.375089500300756,-65.66044595618624,5.355998714520188e-12,-3.697161643464099,21.341131625869025,-1.1096823223753314e-10,-18.505136309208464,-3.20585062539739
17.999999999999986,0.0,0.0,-41.276172734571034,0,-1.9706251256815023e-11,171.21578144594218,278.8461641200399,-2.3810587113513743e-11,10.31953278149181,-66.76066287536463,-2.1339932690189635e-11,-5.314537811015881,-5.390322962577847,"[0, 0, 0]",-2.148823842587097e-11,10.849165655179409,-66.21608523359825,7.036387060691246e-12,-3.5525912977348235,21.68265244052617,-9.6802359443356e-11,-18.80289882007584,-3.0807584498074823
18.099999999999987,0.0,0.0,-41.27625888220542,0,-2.2185506604234354e-11,172.22107472071258,272.1434240345917,-2.5774519834872872e-11,9.786332713916174,-67.29413883359855,-1.793872173699293e-11,-5.3494635404968545,-5.279196202100585,"[0, 0, 0]",-2.3810587113513743e-11,10.31953278149181,-66.76066287536463,7.854124346481536e-12,-3.403985516066026,22.02157154617382,-8.331297529044417e-11,-19.098418938989703,-2.952139056550551
18.19999999999999,0.0,0.0,-41.276345728518855,0,-2.4845575823664273e-11,173.172877142873,265.38789241177693,-2.7426864553725496e-11,9.249715729292179,-67.81649362269657,-1.510817264005957e-11,-5.38287615198306,-5.1678995798598635,"[0, 0, 0]",-2.5774519834872872e-11,9.786332713916174,-67.29413883359855,8.563296619035527e-12,-3.251399846776175,22.35772674899587,-7.211550306922686e-11,-19.391554046904652,-2.8200405418985355
18.29999999999999,0.0,0.0,-41.27643325912099,0,-2.765678857618153e-11,174.07085462665347,258.5806820979756,-2.8797390496619635e-11,8.70983394631687,-68.32771265332937,-1.2302346217823212e-11,-5.414759507523132,-5.056481032796227,"[0, 0, 0]",-2.7426864553725496e-11,9.249715729292179,-67.81649362269657,9.176855583373553e-12,-3.0948964388072238,22.690970268481706,-6.092641294438532e-11,-19.682174110929996,-2.6845167854506595
18.39999999999999,0.0,0.0,-41.27652145959929,0,-3.058477752828875e-11,174.9146883746175,251.722907159479,-2.976238854552481e-11,8.166841012963737,-68.82778611660285,-6.997614760280344e-12,-5.445099159539551,-4.944988232673366,"[0, 0, 0]",-2.8797390496619635e-11,8.70983394631687,-68.32771265332937,9.702495005532446e-12,-2.934540904776639,23.0211584912947,-3.913781246577091e-11,-19.97015274502113,-2.545624718541533
18.499999999999993,0.0,0.0,-41.276610315525225,1,-3.3482997704028646e-11,175.72815141565675,244.8185392183475,-2.8202014969273145e-11,8.10241980782143,-69.25957270602726,3.820508628531365e-11,4.156675056693423,-3.6907435558148154,"[0, 0, 0]",-2.976238854552481e-11,8.166841012963737,-68.82778611660285,1.0096166252646666e-11,-2.7704021301816266,23.34815199297288,1.5061271554909405e-10,20.255367231050347,2.403424157141089
18.599999999999994,0.0,0.0,-41.27669977544476,0,-3.610628947440319e-11,176.55933614923862,237.87430673779107,-2.4263820438217742e-11,8.521274863815698,-69.6250769051012,4.0558804335794404e-11,4.220426063191935,-3.6193404256639927,"[0, 0, 0]",-2.8202014969273145e-11,8.10241980782143,-69.25957270602726,9.630709367740611e-12,-2.7668962813320594,23.65145952841964,1.6097903728598563e-10,20.520028633325396,2.4005618279139096
18.699999999999996,0.0,0.0,-41.27678975218263,0,-3.836044249127206e-11,177.43261466350222,230.89395224358302,-2.0819239899159616e-11,8.944295421456353,-69.98201297906002,2.8332806445368073e-11,4.239985089621177,-3.519381053512492,"[0, 0, 0]",-2.4263820438217742e-11,8.521274863815698,-69.6250769051012,8.33987472741305e-12,-2.928902522297791,23.931285708018343,1.1084147217849866e-10,20.764309502415248,2.5413025951639105
18.799999999999997,0.0,0.0,-41.276880197251565,0,-4.030262255778727e-11,178.34828958459352,223.87840367338043,-1.8024361431144585e-11,9.36920300036942,-70.32895842499148,2.7564762914932542e-11,4.258166488640193,-3.4195278651169514,"[0, 0, 0]",-2.0819239899159616e-11,8.944295421456353,-69.98201297906002,7.201732661907303e-12,-3.0939854089990244,24.207980265295916,1.0874885549032495e-10,21.005872056878953,2.6847287933580666
18.9,0.0,0.0,-41.2769710986328,0,-4.197027348532502e-11,179.30654264716236,216.82865842193607,-1.5328657119610453e-11,9.795858251007322,-70.66594660389602,2.6349323315750096e-11,4.2749385241178315,-3.320235712973857,"[0, 0, 0]",-1.8024361431144585e-11,9.36920300036942,-70.32895842499148,6.2739930077137316e-12,-3.261270272277017,24.48038978156279,1.0456387435589269e-10,21.243708130197962,2.8300805018277524
19.0,0.0,0.0,-41.27706244340738,0,-4.3375791355179364e-11,180.3075415747892,209.7457093204197,-1.2781700277476414e-11,10.224120301529599,-70.99303542643112,2.4589813526930685e-11,4.290302486327684,-3.221540737728309,"[0, 0, 0]",-1.5328657119610453e-11,9.795858251007322,-70.66594660389602,5.36835961249661e-12,-3.4306781992776285,24.748431044352177,9.806816729689173e-11,21.477744237026528,2.977288895266873
19.1,0.0,0.0,-41.27715421871536,0,-4.453698276737139e-11,181.35144002059712,202.6305432389643,-1.0442127966364045e-11,10.653848614628616,-71.31028620267739,2.220163269531669e-11,4.304263775652657,-3.1234747871970905,"[0, 0, 0]",-1.2781700277476414e-11,10.224120301529599,-70.99303542643112,4.503207844108562e-12,-3.602129430471043,25.01203964019893,8.88874872584145e-11,21.707923334430504,3.1262844071176055
19.200000000000003,0.0,0.0,-41.277246411773916,0,-4.5479261871715203e-11,182.4383776139279,195.4841407596063,-8.403454120512265e-12,11.084903251987082,-71.61776338448259,1.8571844221718924e-11,4.316828971516682,-3.026068848906758,"[0, 0, 0]",-1.0442127966364045e-11,10.653848614628616,-71.31028620267739,3.700513001270402e-12,-3.7755432071885977,25.27115565594872,7.442155419102112e-11,21.934192339947884,3.2769965893809294
19.300000000000004,0.0,0.0,-41.277339009881544,0,-4.6248538101248113e-11,183.56848002596348,188.30747586639671,-6.982070470145874e-12,11.517144988724432,-71.91553447970917,9.855828785608892e-12,4.328005763230313,-2.929353055624715,"[0, 0, 0]",-8.403454120512265e-12,11.084903251987082,-71.61776338448259,2.995126297830965e-12,-3.9508379248359153,25.52572352136831,3.8463207588290495e-11,22.156501993905373,3.4293542467442477
19.400000000000006,0.0,0.0,-41.27743200042201,1,-4.8063124789012315e-11,184.741859046529,181.10151564410052,-2.9309663285138165e-11,11.95043542258572,-72.20366996621475,-4.564076850854547e-10,4.337802913995431,-2.8333566744869825,"[0, 0, 0]",-6.982070470145874e-12,11.517144988724432,-71.91553447970917,2.5024871049474154e-12,-4.1279312409303826,25.77569195991134,-1.9223716942581402e-09,22.37480681604244,3.583285531553304
19.500000000000007,0.0,0.0,-41.277525370868396,0,-5.2890436499414654e-11,185.9317623454414,173.86277598582777,-6.723657092290866e-11,11.847630555662763,-72.57112319924028,-3.0213046766995515e-10,-6.3939002524545945,-4.515707986023664,"[0, 0, 0]",-2.9309663285138165e-11,11.95043542258572,-72.20366996621475,1.0562720110562029e-11,-4.306740181219519,26.02101393622083,-1.281468097862331e-09,-22.589065059216406,-3.738718037089666
19.60000000000001,0.0,0.0,-41.27761916636974,0,-6.067646514890898e-11,187.08442294294184,166.58325424337127,-8.848400206697781e-11,11.20558139434598,-73.0193116498895,-1.2281815521142762e-10,-6.447082973881047,-4.4480610269608345,"[0, 0, 0]",-6.723657092290866e-11,11.847630555662763,-72.57112319924028,2.4360783244962194e-11,-4.2925681064819825,26.293568780108462,-5.409927374716591e-10,-22.826949118996733,-3.7266235928620164
19.70000000000001,0.0,0.0,-41.27771349062471,0,-7.019798949811451e-11,188.17271441007318,159.25937122958237,-1.0194648491713285e-10,10.560247948280596,-73.45834862588856,-1.4643150179167328e-10,-6.459585947426636,-4.332678493020368,"[0, 0, 0]",-8.848400206697781e-11,11.20558139434598,-73.0193116498895,3.222862380668218e-11,-4.081421034959169,26.595902884295842,-6.481896175274481e-10,-23.090689682462028,-3.543509201086873
19.80000000000001,0.0,0.0,-41.27780839001624,0,-8.117797328889536e-11,189.19641348631518,151.8921619726296,-1.1765319089848404e-10,9.913733576559173,-73.88583651316702,-1.6770261783535027e-10,-6.470701487001818,-4.217079252548727,"[0, 0, 0]",-1.0194648491713285e-10,10.560247948280596,-73.45834862588856,3.7326423955550984e-11,-3.8665020408861075,26.895850956640288,-7.427639143010211e-10,-23.352365957029367,-3.3570966309240795
19.900000000000013,0.0,0.0,-41.277903851138774,0,-9.383653440448633e-11,190.155409512596,144.4827810943256,-1.3551803141333537e-10,9.266186949057676,-74.301781052913,-1.8959419246167628e-10,-6.480231063028123,-4.101811542370989,"[0, 0, 0]",-1.1765319089848404e-10,9.913733576559173,-73.88583651316702,4.32990822213474e-11,-3.648482136131329,27.191688433992763,-8.408230150054682e-10,-23.610471820386493,-3.1679674791589743
20.000000000000014,0.0,0.0,-41.27799985903701,0,-1.0838715160065306e-10,191.04960720680765,137.03238115530786,-1.5549431250999901e-10,8.61776693517514,-74.70621772744177,-2.099314294715966e-10,-6.488169214622607,-3.986921948204461,"[0, 0, 0]",-1.3551803141333537e-10,9.266186949057676,-74.301781052913,5.012641308763987e-11,-3.4274458528627667,27.483293044937124,-9.331985002298797e-10,-23.864899769277667,-2.9761954511584428
20.100000000000016,0.0,0.0,-41.278096398782154,0,-1.2500797559266686e-10,191.87892718459355,129.5421109449527,-1.7692216733027707e-10,7.96863262054292,-75.0991864796615,-2.186256669339648e-10,-6.494517078021812,-3.8724530961900756,"[0, 0, 0]",-1.5549431250999901e-10,8.61776693517514,-74.70621772744177,5.780194948286859e-11,-3.2034852014931228,27.77056571030592,-9.77446161348541e-10,-24.115562572845004,-2.781860788637835
20.200000000000017,0.0,0.0,-41.27819345549409,1,-1.428802328390445e-10,192.64330596072986,122.01311504674872,-1.805229775972761e-10,7.318942902183468,-75.4807314844179,1.466094615939844e-10,-6.499277289167213,-3.758446998937874,"[0, 0, 0]",-1.7692216733027707e-10,7.96863262054292,-75.0991864796615,6.608953670841312e-11,-2.976694475532258,28.05341194104949,5.506200411307475e-10,-24.362377025610318,-2.585045742577003
20.30000000000002,0.0,0.0,-41.27829101434705,0,-1.5876200936290085e-10,193.35643590128996,114.44786514875862,-1.371125528798506e-10,6.943655909018343,-75.82426647538422,7.215990327545256e-10,-1.0064625741352928,-3.1122528203884734,"[0, 0, 0]",-1.805229775972761e-10,7.318942902183468,-75.4807314844179,6.775719239523255e-11,-2.7470797842659214,28.33081147560111,2.9676337709220343e-09,-1.4865835991030507,-0.1441456682677584
20.40000000000002,0.0,0.0,-41.278389043318654,0,-1.693131436578873e-10,194.0614888972184,106.85147131712286,-7.391013301987822e-11,7.157404009550215,-76.10361015733122,5.424493644449218e-10,5.281424584772741,-2.4746208185515677,"[0, 0, 0]",-1.371125528798506e-10,6.943655909018343,-75.82426647538422,5.170759885932453e-11,-2.618576977961452,28.594688614304566,2.230094100081469e-09,24.834777014795943,2.2742606580167015
20.50000000000002,0.0,0.0,-41.2784874761984,0,-1.740351237230702e-10,194.8037040366843,99.22892589187568,-2.0529468283780125e-11,7.686898779768188,-76.34729834761235,5.251639302770403e-10,5.308470819586712,-2.3991429870711074,"[0, 0, 0]",-7.391013301987822e-11,7.157404009550215,-76.10361015733122,2.800044877290755e-11,-2.7115432773272548,28.831435563382925,2.1810904394702622e-09,25.04151272490043,2.3551080324819416
20.600000000000023,0.0,0.0,-41.278586248300286,0,-1.7396359544801816e-10,195.59892492723026,91.58244312172583,2.1960033784820952e-11,8.217519031150635,-76.58235705538468,3.246261110949812e-10,5.303934208062236,-2.302031168375419,"[0, 0, 0]",-2.0529468283780125e-11,7.686898779768188,-76.34729834761235,7.812574096102014e-12,-2.9252811351973897,29.05428027325896,1.3577202486311373e-09,25.23616742300951,2.5408608918513753
20.700000000000024,0.0,0.0,-41.27868533093585,1,-1.7263471557612141e-10,196.41695795307805,83.90969550629622,4.617563653114109e-12,8.143141485805211,-76.87259525320759,-6.714755137291181e-10,-6.791485114970708,-3.5027327880828243,"[0, 0, 0]",2.1960033784820952e-11,8.217519031150635,-76.58235705538468,-8.394027985595874e-12,-3.141073706695462,29.272926199691447,-2.816153420036744e-09,-25.427163790511088,-2.728411743785801
20.800000000000026,0.0,0.0,-41.27878475426819,0,-1.7559717955727179e-10,197.1972001818354,76.20507127525913,-6.386684327612152e-11,7.4617030893417065,-77.2198893675341,-6.982126248555943e-10,-6.837282814299389,-3.4431494984471964,"[0, 0, 0]",4.617563653114109e-12,8.143141485805211,-76.87259525320759,-1.7726444782606522e-12,-3.1260846357305505,29.51075323309615,-2.935243892074751e-09,-25.634799908344046,-2.715503514957002
20.900000000000027,0.0,0.0,-41.27888459101861,0,-1.853311628013363e-10,197.90919768555682,68.46614948584426,-1.3081282160516878e-10,6.7782469850867795,-77.55854642076353,-6.407069417253512e-10,-6.831839270799141,-3.329991566141626,"[0, 0, 0]",-6.386684327612152e-11,7.4617030893417065,-77.2198893675341,2.4622353649042705e-11,-2.8766834693177454,29.770305329279463,-2.7197424588188016e-09,-25.861302924954728,-2.498959342081982
21.00000000000003,0.0,0.0,-41.278984872562425,0,-2.0151912042128497e-10,198.5528800753995,60.69392769323588,-1.9294633079380473e-10,6.095400811766519,-77.88588943140405,-6.019632420473679e-10,-6.82508419560608,-3.2168686466686456,"[0, 0, 0]",-1.3081282160516878e-10,6.7782469850867795,-77.55854642076353,5.064458785099361e-11,-2.6242192523610846,30.027030757407967,-2.5827901454536487e-09,-26.085352061975275,-2.2797353370933724
21.10000000000003,0.0,0.0,-41.27908558597805,1,-2.19036669384548e-10,199.15958282790444,52.89198242206146,-1.5740464847145597e-10,6.038654238332788,-78.15301599208425,1.3127968884943432e-09,5.690152726931476,-2.125662566935411,"[0, 0, 0]",-1.9294633079380473e-10,6.095400811766519,-77.88588943140405,7.500970293530925e-11,-2.3696444616552927,30.278872912827353,5.447242449753379e-09,26.305150723757585,2.058658355778915
21.20000000000003,0.0,0.0,-41.279186684924895,0,-2.2811184287101226e-10,199.79202405114057,45.06618064325433,-2.4098821257829105e-11,6.6101702263896085,-78.36301958405838,1.3533196557781944e-09,5.740167034204925,-2.074409272547176,"[0, 0, 0]",-1.5740464847145597e-10,6.038654238332788,-78.15301599208425,6.143966774765165e-11,-2.3570645063471236,30.505422696594056,5.631270642503249e-09,26.50295488683562,2.0478055622567815
21.300000000000033,0.0,0.0,-41.27928809338159,0,-2.247320190029544e-10,200.4817084947851,37.219747519394105,9.169529861898644e-11,7.183518646500723,-78.56564289314599,9.625627417581162e-10,5.726801368017363,-1.9780569092050444,"[0, 0, 0]",-2.4098821257829105e-11,6.6101702263896085,-78.36301958405838,9.443597385484608e-12,-2.5903252943237285,30.708091443363685,4.039556076027885e-09,26.67999328464414,2.250542388316885
21.400000000000034,0.0,0.0,-41.27938976955895,0,-2.107259526937297e-10,201.2286578065395,29.35353307773592,1.884260275655073e-10,7.755467588587684,-78.75864594001767,9.720518371723012e-10,5.712177473721856,-1.8820040282286012,"[0, 0, 0]",9.169529861898644e-11,7.183518646500723,-78.56564289314599,-3.6072573536750116e-11,-2.825968272432867,30.907418083681726,4.124987924719703e-09,26.854121162845722,2.455361822356079
21.500000000000036,0.0,0.0,-41.27949170244498,0,-1.871839967224983e-10,202.03272557627596,21.468495988325255,2.8241309185912066e-10,8.325887806141564,-78.94209584819565,9.076894486999663e-10,5.696226877355737,-1.7869941353309462,"[0, 0, 0]",1.884260275655073e-10,7.755467588587684,-78.75864594001767,-7.440870656069611e-11,-3.062604033509052,31.1014834340291,3.892585041366807e-09,27.023661080009223,2.661055495933814
21.600000000000037,0.0,0.0,-41.27959387961974,1,-1.6622472111411466e-10,202.89375234059713,13.565586275177484,1.3677242030855218e-10,8.894647480281943,-79.11609841475976,-3.820502879711335e-09,5.678966605451864,-1.693057195951234,"[0, 0, 0]",2.8241309185912066e-10,8.325887806141564,-78.94209584819565,-1.1193998113329094e-10,-3.3001293169592283,31.29025167246006,-1.595892401675176e-08,27.188581397289447,2.867533169594262
21.70000000000004,0.0,0.0,-41.27969628877511,0,-1.819729280718946e-10,203.7790575126674,5.642088526668726,-4.5173655946415117e-10,8.811455961123684,-79.3538565554154,-7.949676715742732e-09,-7.342796988617028,-3.0621056171617123,"[0, 0, 0]",1.3677242030855218e-10,8.894647480281943,-79.11609841475976,-5.441037646761261e-11,-3.538440841048574,31.47371882199996,-3.338573542326751e-08,-27.348878311308734,-3.0747045978550247
21.80000000000004,0.0,0.0,-41.27979896510131,0,-2.5199024830415097e-10,204.62339529943102,-2.308471645644808,-9.486098451809753e-10,8.075299774148709,-79.65734689085525,-1.9877889985937457e-09,-7.380326750882464,-3.00770109163523,"[0, 0, 0]",-4.5173655946415117e-10,8.811455961123684,-79.3538565554154,1.8037024092959025e-10,-3.5182550567383917,31.684560228135076,-8.541962329378927e-09,-27.52693224131348,-3.0565918496952627
