time,thrust,OF,ox_tank.pressure,ox_tank.temperature,combustion_chamber.temperature,propellant_mass,propellant_CG,combustion_chamber.fuel_grain.geometry.length_regressed,nozzle.exit_pressure,ox_tank.ox_mass,ox_tank.oxidizer_center_of_mass,fuel_grain.fuel_mass,fuel_grain.total_CG
0.007,220.99766418210893,10.08159361685112,3037883.8060095813,272.03161642623604,2715.6842331597127,32.63073200002746,2.4093944360972,5.8370395639330794e-06,5474.762044485529,22.033627211897436,2.0339610642187558,10.597104788130022,3.19
0.014,520.3306410934161,9.416656268601987,3036928.6566176824,272.01944604614897,2851.172722387438,32.60368953154659,2.4098460700268145,1.165156279581151e-05,19141.82363102513,22.0088664969588,2.0342886632450417,10.594823034587792,3.19
0.021,1287.5311836070252,9.086750094508817,3036039.686090157,272.0081163869433,2906.223090830924,32.578457999516026,2.4102641309515067,1.7257990925813783e-05,30710.9296375349,21.98583505713438,2.034592793746565,10.592622942381645,3.19
0.028,1919.5638886107126,8.801427928964717,3035212.3515801667,271.99757007539847,2941.2362832978424,32.55491392603305,2.4106510472587925,2.2663788618269947e-05,40159.110187954015,21.964412343828577,2.034875169994576,10.590501582204475,3.19
0.035,2423.9744139993595,8.557466910708493,3034439.495929946,271.98771632060897,2966.1258871929654,32.532862915851084,2.411010523110335,2.7886023620602744e-05,47739.314429916696,21.944410659574075,2.035138369961862,10.588452256277009,3.19
0.042,2820.8863401179265,8.354668797677878,3033713.4269511127,271.9784574105848,2984.396890132695,32.5120958614274,2.411346493900066,3.2945367015790945e-05,53711.469766770635,21.925629008639717,2.0353851233557743,10.586466852787682,3.19
0.049,3129.5082615402866,8.190609202743234,3033026.5421284502,271.9696966859947,2998.0622576272153,32.49240583331904,2.4116628164147857,3.786410586671854e-05,58363.58526142049,21.907869207542046,2.035618101667919,10.584536625776998,3.19
0.056,3366.928534843964,8.0611401412709,3032371.7403153824,271.9613438032896,3008.2586043231295,32.47359928389382,2.4119630688085394,4.266454033026202e-05,61934.225681920194,21.89094645974674,2.035839782302667,10.582652824147075,3.19
0.063,3547.9725966734554,7.961062483857068,3031742.6794249536,271.95331803573714,3015.8783533421533,32.45550312647051,2.4122504290006703,4.73677212503507e-05,64661.8708028328,21.874695939411158,2.036052365569048,10.580807187059355,3.19
0.07,3684.895716211165,7.885051216344627,3031133.911803434,271.94555001427466,3021.4511992312905,32.437968511457726,2.412527614201562,5.199254973488192e-05,66700.93039496757,21.85897621417625,2.036257733118265,10.578992297281474,3.19
0.07700000000000001,3787.8342520080855,7.828111504269335,3030540.9041698696,271.93798199456944,3025.5587792329075,32.42087145389772,2.4127968769584345,5.6555316866961336e-05,68231.72112185591,21.843669692082493,2.0364574450678665,10.577201761815225,3.19
0.08400000000000002,3864.7981208013366,7.7859979358973135,3029959.985347817,271.93056720096104,3028.597315927939,32.404111472557474,2.4130600357447056,6.106958288377997e-05,69376.27856007963,21.8286812132479,2.0366527609586442,10.575430259309572,3.19
0.09100000000000003,3922.068357550761,7.755202671885634,3029388.2425840446,271.9232685122961,3030.8201346096084,32.387608802224776,2.413318529624269,6.554633762727495e-05,70227.81751473724,21.813935325128693,2.036844677425598,10.573673477096087,3.19
0.09800000000000003,3964.500036306423,7.732957505026334,3028823.4042209717,271.9160569716252,3032.450256787804,32.37130121292297,2.4135734785189285,6.999429213194478e-05,70858.72434094339,21.799373216159836,2.037033969860471,10.571927996763137,3.19
0.10500000000000004,3995.807403051058,7.717120463857582,3028263.721676972,271.9089102853184,3033.629062158715,32.35514079560442,2.413825742930523,7.442023414362224e-05,71324.10795330555,21.784949640962317,2.0372212337738853,10.570191154642103,3.19
0.11200000000000004,4018.8054622622276,7.706065048281036,3027707.8627315504,271.90181146502186,3034.465330811752,32.339091047788365,2.414075977468199,7.882938259784849e-05,71665.77223227952,21.770630145086525,2.037406921912853,10.56846090270184,3.19
0.11900000000000005,4035.613881373647,7.698566495886316,3027154.820086711,271.8947476634554,3035.057794125639,32.32312437203658,2.414324676435267,8.322571026951383e-05,71915.3833746903,21.75638869010308,2.0375913758928252,10.566735681933501,3.19
0.12600000000000006,4047.822252073934,7.693706583353005,3026603.8364757737,271.88770922055863,3035.469081725597,32.30722002482678,2.4145722110075036,8.761221856544066e-05,72096.57442991942,21.74220571031123,2.037774852002956,10.565014314515553,3.19
0.13300000000000006,4056.6173514294655,7.69080217881503,3026054.3451689635,271.88068890553205,3035.745939933837,32.291362485956775,2.4148188586756403,9.199116169216439e-05,72226.99322257526,21.72806657011162,2.0379575416426934,10.563295915845158,3.19
0.14000000000000007,4062.8827566547075,7.689345734325921,3025505.9234027327,271.8736813233834,3035.923173344461,32.27554018165007,2.415064826235086,9.636422545253929e-05,72319.78085032072,21.713960357275827,2.038139587275117,10.561579824374247,3.19
0.14700000000000008,4067.2749483786133,7.688960803030166,3024958.256562688,271.86668245841514,3036.0266388522114,32.25974450231934,2.4153102674330587,0.00010073266657683518,72384.70192910117,21.69987895538658,2.038321094667857,10.559865546932764,3.19
0.15400000000000008,4070.280930578225,7.689368491882864,3024411.1109294966,271.8596893267893,3036.0755161316365,32.24396905512892,2.4155552963757407,0.00010509741973905203,72429.00079198806,21.68581633839593,2.0385021421879213,10.55815271673299,3.19
0.1610000000000001,4072.2615723155313,7.690362336090748,3023864.313101198,271.8526997141586,3036.0840162066443,32.2282090996957,2.415799997637932,0.00010945917889739165,72458.04576156427,21.67176803824604,2.038682787805947,10.556441061449656,3.19
0.1680000000000001,4073.484052932836,7.69178956615883,3023317.734544557,271.84571197866285,3036.062660285953,32.212461124509886,2.416044433844377,0.00011381845864939819,72475.81157110179,21.65773074536711,2.038863074344983,10.554730379142775,3.19
0.1750000000000001,4074.1460642385787,7.693537181561765,3022771.2800454684,271.8387249036244,3036.0192333814866,32.19672253032972,2.416288651332131,0.00011817564025472966,72485.2392879359,21.643702010132493,2.039043033397683,10.553020520197231,3.19
0.1820000000000001,4074.3938167988103,7.695521617239914,3022224.8791008084,271.8317375877427,3035.9594935501423,32.18099139427034,2.4165326843671333,0.00012253100601620207,72488.50412919621,21.629680020439487,2.0392226882409092,10.551311373830858,3.19
0.22200000000000011,4074.3354107741056,7.697681085569978,3021678.479517087,271.82474936342766,3035.8876984017033,32.16526629442219,2.41677655827731,0.00012688476488700086,72487.21435066142,21.6156634363766,2.03940205599958,10.54960285804559,3.19
0.2620000000000001,4067.442175875633,7.705766299483687,3018547.5026777317,271.78468759998594,3035.48086652486,32.07544466319564,2.41816894044251,0.00015173573217894734,72383.84926046408,21.535593900100057,2.0404229530416194,10.539850763095586,3.19
0.3020000000000001,4063.295914730042,7.7174530125616,3015410.5271624676,271.7445185310463,3035.0132196219593,31.98565738009637,2.4195590203221182,0.00017655812847572564,72320.33065153533,21.455547500030764,2.0414363845747965,10.530109880065604,3.19
0.3420000000000001,4057.5495724446396,7.734454347770927,3012269.532447275,271.7042673031237,3034.338939540687,31.89595872832963,2.42094583139435,0.00020134410999325957,72232.14843694205,21.37557544129151,2.0424416529011307,10.52038328703812,3.19
0.38200000000000006,4052.377270585482,7.748981198382607,3009123.3317945823,271.66391851839006,3033.7575044976247,31.806317461435853,2.4223299253960664,0.00022609835783102841,72152.93598762591,21.295648314394533,2.0434390811669894,10.510669147041321,3.19
0.42200000000000004,4047.01790341519,7.764353358938465,3005972.3238774347,271.62347708719886,3033.144715008732,31.71674511212416,2.4237110952974135,0.00025081928973258476,72070.80315733585,21.21577703113489,2.0444284832446393,10.500968080989269,3.19
0.462,4041.709851931303,7.77945553255967,3002816.350780839,271.5829407829655,3032.5419314241985,31.627238233786855,2.425089399514048,0.00027550751454984417,71989.48845476871,21.135958383832477,2.045409849424034,10.491279849954378,3.19
0.502,4036.381936025153,7.794631673384054,2999655.4291408556,271.54230961653576,3031.936448893011,31.53779807567497,2.426464813399832,0.0003001629538522723,71907.87355311419,21.056193590960373,2.0463831143247666,10.4816044847146,3.19
0.542,4031.054785915264,7.809779752395916,2996489.523105068,271.5015829230134,3031.332025559775,31.448424486526758,2.427837337105701,0.00032478573327092273,71826.28300539614,20.976482550557353,2.047348228297473,10.471941935969404,3.19
0.5820000000000001,4025.7224320896767,7.824929278366857,2993318.611846602,271.4607602286604,3030.7275747267427,31.35911772348985,2.4292069636152305,0.00034937591818479504,71744.62291993335,20.89682554542729,2.0483051363788642,10.462292178062558,3.19
0.6220000000000001,4020.3864989930635,7.840071734523625,2990142.669947392,271.4198409987895,3030.1234080479576,31.269877927800056,2.430573687999146,0.0003739335902933283,71662.9189451632,20.817222748866747,2.0492537843349514,10.452655178933309,3.19
0.6620000000000001,4015.0464656807253,7.8552094506665835,2986961.6730109844,271.37882470992173,3029.519438805147,31.18070527455506,2.431937504775904,0.00039845882576350117,71581.1629418143,20.73767436586309,2.0501941169359963,10.443030908691972,3.19
0.7020000000000002,4009.7024118005224,7.870341690760974,2983775.5960694347,271.33771082925773,3028.9156927438717,31.091599930395326,2.433298408657459,0.00042295170140757506,71499.35623401839,20.65818059319969,2.0511260784282,10.433419337195637,3.19
0.7420000000000002,4004.354249881866,7.8854685758137135,2980584.4140274874,271.29649882037353,3028.3121641939833,31.002562065371265,2.434656394341329,0.0004474122929585317,71417.4975123111,20.578741630646338,2.052049612390281,10.423820434724927,3.19
0.7820000000000003,3999.001938323051,7.900589986703433,2977388.1015355205,271.2551881415569,3027.7088562678487,30.91359184965417,2.4360114565691173,0.00047184067555443684,71335.5861910303,20.499357677860242,2.0529646617605364,10.414234171793929,3.19
0.8220000000000003,3993.645422724221,7.915705868722076,2974186.633021381,271.2137782461921,3027.105769713755,30.82468945445423,2.4373635901111794,0.0004962369236099333,71253.62148318574,20.42002893525362,2.053871168816732,10.404660519200611,3.19
0.8620000000000003,3988.284651922049,7.930816147635691,2970979.9826783,271.1722685825768,3026.5029059848316,30.73585505177938,2.4387127897716465,0.000520601110856419,71171.60265341577,20.34075560376832,2.0547690751686503,10.395099448011063,3.19
0.9020000000000004,3982.9195947764283,7.945920752633087,2967768.1244647535,271.13065859389405,3025.8975929326525,30.647088814511406,2.4400590503879047,0.0005449333103360144,71089.50062431979,20.261537884949536,2.0556583217469746,10.38555092956187,3.19
0.9420000000000004,3977.540338107865,7.961021463096591,2964551.0321010672,271.0889477181403,3025.275744684884,30.558390916395965,2.4414023668316043,0.0005692335944079835,71003.538265915,20.18237598093839,2.056538848792916,10.376014935457578,3.19
0.9820000000000004,3972.1560482815366,7.976103715493943,2961328.6783141326,271.0471353782939,3024.642513830305,30.46976151253312,2.4427427343482613,0.0005935020375803349,70914.69944772098,20.103270076073596,2.057410596049502,10.366491436459523,3.19
1.0220000000000005,3966.7695180193828,7.991181791159341,2958101.041092171,271.005221063505,3024.0095286697333,30.381200901540453,2.4440801457439516,0.0006177386930234743,70825.85685870535,20.024220489838047,2.05827350107829,10.356980411702406,3.19
1.0620000000000005,3961.377330148947,8.006258160830074,2954868.0951182907,270.96320421797543,3023.376632029921,30.292709302791824,2.445414595259961,0.0006419436248790432,70736.95857094898,19.945227466776263,2.059127501580847,10.347481836015561,3.19
1.1020000000000005,3955.981040253586,8.021326520945632,2951629.8122513485,270.92108424702855,3022.7440739010576,30.204286869831954,2.446746078332748,0.0006661169062875594,70648.03146853116,19.866291189134998,2.0599725352136664,10.337995680696954,3.19
1.1420000000000006,3950.5800551959055,8.036389334302346,2948386.165327485,270.8788605664515,3022.1117570809115,30.11593378892188,2.4480745898852474,0.000690258605116678,70559.06529325825,19.787411869808132,2.0608085385624886,10.328521919113749,3.19
1.1820000000000006,3945.1744815288703,8.051445702477407,2945137.126514662,270.8365325810842,3021.479714844001,30.027650236573663,2.4494001250639426,0.0007143687901157952,70470.06219254626,19.708589712286578,2.0616354475649565,10.319060524287087,3.19
1.2220000000000006,3939.7642206208293,8.066495778748044,2941882.667845662,270.7940996917196,3020.8479399390067,29.939436393391734,2.4507226790001972,0.0007384475289170609,70381.02063653467,19.629824923715184,2.0624531973583387,10.30961146967655,3.19
1.2620000000000007,3934.349230411627,8.081539411582181,2938622.761057658,270.7515612929851,3020.216436798167,29.851292440031262,2.452042246881165,0.0007624948886246441,70291.94011829366,19.551117711082355,2.0632617223079874,10.300174728948907,3.19
1.3020000000000007,3928.9294533467487,8.096576531148614,2935357.3776327795,270.70891677383963,3019.585206717123,29.763218558330756,2.453358823931267,0.0007865109356554454,70202.8198521971,19.472468282290126,2.064060955983699,10.290750276040628,3.19
1.3420000000000007,3923.504835608438,8.11160704372963,2932086.4887831747,270.6661655173469,3018.9542518930884,29.675214931019894,2.4546724054182922,0.0008104957357857499,70113.6591226357,19.393876845880317,2.0648508311499727,10.281338085139575,3.19
1.3820000000000008,3918.0753220831093,8.126630859764237,2928810.065450833,270.6233069006409,3018.3235743540877,29.587281741808027,2.455982986652963,0.0008344493541428257,70024.45719253786,19.315343611119722,2.0656312797523015,10.271938130688303,3.19
1.4220000000000008,3912.6408576469375,8.141647886519612,2925528.0783034973,270.58034029483963,3017.6931762380655,29.499419175373287,2.4572905629902366,0.0008583718552108245,69935.21332682355,19.23686878799155,2.06640223290417,10.262550387381737,3.19
1.4620000000000009,3907.20138683222,8.156658029950568,2922240.497731475,270.53726506497003,3017.0630597218865,29.411627417377414,2.4585951298301962,0.0008822633028329255,69845.92678633964,19.15845258721108,2.0671636208735653,10.253174830166333,3.19
1.502000000000001,3901.7568539030945,8.171661194207763,2918947.293844208,270.49408056988926,3016.4332270398095,29.323906654474168,2.4598966826190716,0.0009061237602143502,69756.59682927153,19.08009522023527,2.067915373069281,10.2438114342389,3.19
1.542000000000001,3896.307202828807,8.186657281739397,2915648.436466784,270.4507861622045,3015.803680479397,29.236257074319525,2.461195216850261,0.000929953289925079,69667.22271068208,19.00179689927399,2.0686574180269464,10.234460175045532,3.19
1.582000000000001,3890.852377282295,8.201646193244299,2912343.8951364057,270.4073811881919,3015.174422383067,29.148678865581537,2.462490728065393,0.0009537519539025618,69577.8036825134,18.923557837301004,2.06938968339479,10.225121028280533,3.19
1.622000000000001,3885.3923206324607,8.216627827661304,2909033.639098824,270.363864987714,3014.545455148266,29.061172217950478,2.4637832118554037,0.000977519813454351,69488.33899347467,18.84537824806507,2.0701120959191215,10.215793969885405,3.19
1.662000000000001,3879.9269759378417,8.231602082149498,2905717.6373046595,270.3202368941356,3013.9167812279816,28.973737322148992,2.4650726638616467,0.001001256929260675,69398.82788895474,18.767258346101173,2.0708245814295334,10.20647897604782,3.19
1.702000000000001,3874.4562859399034,8.246568852070077,2902395.8584057046,270.27649623423827,3013.2884031311964,28.886374369942462,2.4663590797770323,0.0010249633613769469,69309.26961092938,18.68919834674182,2.0715270648238104,10.197176023200644,3.19
1.742000000000001,3868.974740552151,8.261528030967558,2899068.2707511554,270.2326423281337,3012.650954353881,28.799083554149426,2.467642455347198,0.0010486391692362115,69217.4619912322,18.611198466128453,2.072219470052547,10.187885088020973,3.19
1.7820000000000011,3863.4873374307026,8.27646790316984,2895734.8423837475,270.1886744891748,3012.003659739087,28.71186506865218,2.4689227863716994,0.0010722844116515299,69123.199211669,18.533258921222977,2.072901720103457,10.178606147429202,3.19
1.8220000000000012,3857.998636937837,8.291397327622136,2892395.5457367864,270.1445920859496,3011.356874876979,28.624719224137635,2.4702000667515787,0.0010958991302329215,69028.96696411299,18.455380039041046,2.0735737360486413,10.169339185096591,3.19
1.8620000000000012,3852.50238763969,8.306327022990805,2889050.3516669306,270.10039446363146,3010.710087327875,28.537646300183305,2.4714742909977203,0.0011194833706244653,68934.66365348632,18.37756211707195,2.07423543827681,10.160084183111353,3.19
1.9020000000000012,3847.00119366999,8.32124530597942,2885699.225690905,270.0560808940853,3010.0637680643736,28.450646453598985,2.472745455771651,0.0011430371956179899,68840.33818505517,18.299805336766465,2.0748867471787107,10.15084111683252,3.19
1.9420000000000013,3841.494156071194,8.336156420803214,2882342.135157246,270.01165067050266,3009.4177471814955,28.363719895325495,2.4740135568988246,0.0011665606597925674,68745.97353631949,18.222109930483498,2.0755275816880503,10.141609964841996,3.19
1.9820000000000013,3835.981448447209,8.35105893591555,2878979.0464083576,269.96710306987416,3008.7720794462493,28.276866820718215,2.475278590546704,0.0011900538195112327,68651.57358482038,18.14447611569659,2.0761578598269175,10.132390705021624,3.19
2.022000000000001,3830.4629554330854,8.365953088590162,2875609.9256455298,269.92243736438246,3008.126144806593,28.190087430898338,2.4765405528664513,0.0012135167298654454,68557.12943594085,18.0669041151461,2.07677749851818,10.123183315752238,3.19
2.062000000000001,3824.9384373323105,8.380839109467392,2872234.7386862147,269.8776528181486,3007.477217801838,28.10338192692558,2.477799440092645,0.0012369494455132578,68462.60591701946,17.989394151340825,2.0773864136133335,10.113987775584755,3.19
2.102000000000001,3819.406930942299,8.395718468733843,2868853.450841289,269.8327486855556,3006.8285479525484,28.01675050696548,2.4790552485921435,0.00126035202108705,68368.02569589556,17.91194644388532,2.0779845198939766,10.104804063080161,3.19
2.1420000000000012,3813.869927691522,8.410586958968665,2865466.026348012,269.7877242036549,3006.1803172683517,27.93019335279248,2.4803079750906196,0.001283724513122645,68273.41448506578,17.834561196739983,2.078571731146541,10.095632156052494,3.19
2.1820000000000013,3808.326760543013,8.42544728759116,2862072.4303804873,269.7425786188368,3005.5324151465716,27.843710678483298,2.481557615860513,0.0013070669731068453,68178.76009377927,17.757238644186156,2.079147959791985,10.08647203429714,3.19
2.2220000000000013,3802.777549083008,8.440298330843738,2858672.6272595595,269.69731116301426,3004.884884300394,27.757302687203264,2.482804167445796,0.0013303794536571472,68084.06531721521,17.679979010037492,2.0797131171823646,10.077323677165772,3.19
2.2620000000000013,3797.222182597621,8.45514024287158,2855266.5810988685,269.6519210621613,3004.2377170026334,27.67096958694153,2.4840476264008102,0.0013536620062769215,67989.32842535879,17.602782522494255,2.0802671134674444,10.068187064447278,3.19
2.3020000000000014,3791.6606100465324,8.469972815595652,2851854.255609663,269.6064075336703,3003.590919701145,27.58471158593447,2.485287989368505,0.0013769146820124143,67894.54888809,17.525649409824542,2.08080985760696,10.05906217610993,3.19
2.3420000000000014,3786.0927653461613,8.484795930894995,2848435.614145819,269.56076978690334,3002.944495319912,27.498528893877705,2.4865252530621365,0.0014001375312830337,67799.72587432656,17.448579901509728,2.0813412573415,10.049948992367979,3.19
2.3820000000000014,3780.518585321935,8.499609446451336,2845010.619686705,269.51500702291554,3002.2984477067744,27.412421721647284,2.487759414271856,0.0014233306039244259,67704.85861734409,17.37157422798252,2.081861219173333,10.040847493664765,3.19
2.4220000000000015,3774.9380056157074,8.514413222749267,2841579.2348349476,269.4691184343756,3001.6527805848846,27.326390281379474,2.4889904698653584,0.001446493949180339,67609.94633065874,17.294632620703567,2.0823696483443217,10.031757660675908,3.19
2.4620000000000015,3769.3509615597045,8.529207116984395,2838141.4218106624,269.4231032054387,3001.0074977881277,27.240434786469162,2.4902184167899524,0.0014696276157060537,67514.98822625742,17.21775531216122,2.082866448813955,10.022679474307942,3.19
2.5020000000000016,3763.757387986709,8.543990984331304,2834697.1424463424,269.3769605116267,3000.362603211908,27.154555451586127,2.4914432520743657,0.0014927316515692397,67419.98351067728,17.14094253588812,2.0833515232367903,10.013612915698006,3.19
2.5420000000000016,3758.155885653243,8.558764677655025,2831246.358181502,269.3306895197049,2999.7159889316013,27.068752492687786,2.4926649728306627,0.0015158061042512673,67324.41494111787,17.06419452647448,2.0838247729394386,10.004557966213305,3.19
2.5820000000000016,3752.542036706859,8.57352396258819,2827789.030057272,269.2842893875563,2999.057900845892,26.983026127032893,2.493883576256194,0.0015388510206483573,67225.88565066061,16.987511519582213,2.0842860978970643,9.99551460745068,3.19
2.6220000000000017,3746.931643836378,8.588253099467455,2824325.120368008,269.23775928632404,2998.401168092258,26.89737661185576,2.495099059001201,0.0015618664415806534,67127.48987496784,16.910893788464396,2.084735396497639,9.986482823391363,3.19
2.6620000000000017,3741.3102078745724,8.602991526250698,2820854.5981606133,269.1910984744276,2997.7440433616953,26.811804371905694,2.496311415085838,0.001584852383697581,67028.9718101877,16.834341764403966,2.0851725648655846,9.97746260750173,3.19
2.7020000000000017,3735.6832353160344,8.617711792620275,2817377.4196180934,269.14430603384517,2997.087645409758,26.72630954217427,2.497520643403956,0.0016078089044446473,66930.4424205018,16.757855604935436,2.085597499330354,9.968453937238833,3.19
2.7420000000000018,3730.0490137566026,8.632423189259281,2813893.545298597,269.0973811016036,2996.431599074159,26.640892370908936,2.498726741106672,0.001630736044784115,66831.86643914154,16.6814355743808,2.0860100941583255,9.959456796528137,3.19
2.782000000000002,3724.4079003854436,8.647122889972188,2810402.9339176714,269.05032278615033,2995.7760151658645,26.555553074765925,2.499929705981083,0.0016536338497800277,66733.25224654653,16.60508190708046,2.0864102423171578,9.950471167685466,3.19
2.822000000000002,3718.759724682385,8.661811403504421,2806905.54412587,269.0031301912058,2995.1208716582446,26.47029188031663,2.501129535772713,0.0016765023627052472,66634.59683053082,16.528794846587086,2.0867978352280994,9.941497033729545,3.19
2.862000000000002,3713.1044392282815,8.676488407124126,2803401.334047442,268.95580240949323,2994.466179457498,26.385109013502213,2.502326228360605,0.0016993416265417053,66535.89989364092,16.45257463570894,2.0871727627935592,9.93253437779327,3.19
2.902000000000002,3707.4419689583733,8.69115376634359,2799890.261381081,268.90833852403495,2993.811942020083,26.30000470212503,2.5035197817192256,0.001722151683629572,66437.16052748743,16.376421518863648,2.0875349133567638,9.92358318326138,3.19
2.942000000000002,3701.772243780473,8.705807303064061,2796372.2833700282,268.8607376076871,2993.1581644974704,26.214979175321652,2.504710193929737,0.0017449325757448112,66338.37794415306,16.300335741581637,2.0878841736759823,9.914643433740016,3.19
2.982000000000002,3696.0951919617924,8.720448844850093,2792847.3568004053,268.8129987230539,2992.5048517997648,26.130032663689395,2.5058974631806596,0.0017676843440839827,66239.55132550138,16.224317550626697,2.088220428894918,9.905715113062698,3.19
3.022000000000002,3690.4107413549964,8.735078215110713,2789315.4379936457,268.76512092232105,2991.8520089794765,26.045165399280855,2.5070815877707675,0.001790407029267723,66140.67985182544,16.148367193991913,2.088543562513103,9.89679820528894,3.19
3.062000000000002,3684.718819178338,8.749695234853172,2785776.4827998998,268.7171032471007,2991.1996411629048,25.96037761562347,2.508262566111626,0.0018131006713406565,66041.762696703,16.07248492091916,2.088853456355509,9.887892694704314,3.19
3.102000000000002,3679.019352034191,8.764299722358281,2782230.446591118,268.66894472827113,2990.5477535622986,25.875669547735107,2.509440396730266,0.0018357653097718326,65942.79902760657,15.996670981914859,2.0891499905415087,9.878998565820249,3.19
3.142000000000002,3673.3122803892365,8.778891493183387,2778677.2842540406,268.62064438581376,2989.8947171439295,25.791041432140418,2.510615078271917,0.0018584009834550145,65843.76727586398,15.920925628766492,2.089433043453139,9.870115803373924,3.19
3.182000000000002,3667.5969999527647,8.79347156493677,2775116.950183032,268.5722012286465,2989.239480303011,25.706493506887476,2.511786609502802,0.001881007730708911,65744.64441028638,15.845249114559277,2.0897024917026497,9.8612443923282,3.19
3.222000000000002,3661.873303484119,8.808039399020752,2771549.3977818773,268.5236142477653,2988.5846944017085,25.622026000597415,2.512954989489044,0.0019035855908267217,65645.46166781055,15.769641683333907,2.0899582101335974,9.852384317263509,3.19
3.2620000000000022,3656.1420524372897,8.822592576449251,2767974.579840939,268.4748824212846,2987.9304663780326,25.537639141211443,2.5141202174583843,0.0019261346028400452,65546.2342614615,15.694103578348493,2.090200071751752,9.843535562862952,3.19
3.3020000000000023,3650.4027946509386,8.837132793732088,2764392.449489356,268.4260047273562,2987.2767247953066,25.453333177357322,2.515282292461246,0.0019486548025042236,65446.9538071435,15.618635062262015,2.0904279476289016,9.834698115095305,3.19
3.3420000000000023,3644.65556170918,8.85165918819134,2760802.958993153,268.37698012772705,2986.6235018717884,25.369108351643945,2.516441213803114,0.0019711462260755103,65347.62173497329,15.543236391911172,2.0906417069534435,9.825871959732773,3.19
3.3820000000000023,3638.8965977001617,8.866171740503278,2757206.0601869137,268.3278075735453,2985.9657120733414,25.284964910494494,2.5175969808901697,0.0019936089089238984,65246.87478573087,15.467907827599147,2.0908412169636295,9.81705708289535,3.19
3.4220000000000024,3633.132785005911,8.880655137646675,2753601.704342366,268.27848600349057,2985.304522194833,25.20090310141711,2.5187495932765582,0.002016042885921096,65144.953490292726,15.39264963051854,2.0910263429185565,9.808253470898574,3.19
3.4620000000000024,3627.36409183281,8.895124100677517,2749989.848344458,268.22901442832796,2984.6439583430742,25.116923308703456,2.5198990485090853,0.0020384481723094974,65043.03553958587,15.31746219094248,2.0911969477790553,9.799461117760973,3.19
3.5020000000000024,3621.5854391786497,8.909586139944496,2746370.445540894,268.17939180571955,2983.983632639043,25.03302585142768,2.521045345355653,0.002060824792215675,64941.03775125851,15.242345837412953,2.0913528926734366,9.790680014014729,3.19
3.5420000000000025,3615.7989274670226,8.924030345878709,2742743.4440561906,268.1296170168004,2983.32399451068,24.94921094789067,2.522188484365108,0.0020831727836434243,64839.004278299,15.167300803144409,2.0914940368591246,9.781910144746263,3.19
3.5820000000000025,3610.0038192698767,8.938460478988132,2739108.7934628953,268.0796889574717,2982.6648889772855,24.865478862403585,2.5233284655343096,0.0021054921777700873,64736.91977371091,15.092327364682717,2.091620237365472,9.77315149772087,3.19
3.6220000000000026,3604.2001982845604,8.95287519366412,2735466.4421461793,268.0296065021955,2982.006367778791,24.781829847713077,2.524465289227781,0.0021277830070691663,64634.78716419411,15.017425787517885,2.09173134906964,9.764404060195192,3.19
3.6620000000000026,3598.387943568971,8.967274542189113,2731816.3380559934,267.97936851422486,2981.3484265083416,24.698264161667794,2.525598955917016,0.0021500453029624626,64532.60466982333,14.942596341829203,2.0918272246226897,9.755667819838589,3.19
3.7020000000000026,3592.566978507328,8.98165823793549,2728158.4285087474,267.92897384279246,2980.691074252631,24.614782063114763,2.52672946624971,0.0021722790964007165,64430.37157362298,14.867839298609491,2.0919077144130753,9.746942764505272,3.19
3.7420000000000027,3586.7372166698283,8.996026063079327,2724492.6602198547,267.87842132346725,2980.034317340261,24.531383812831997,2.527856821039221,0.0021944844177343185,64328.08693068236,14.793154930546947,2.0919726665206353,9.738228882285052,3.19
3.7820000000000027,3580.898572363399,9.01037778251798,2720818.9792857743,267.82770977781513,2979.3781627531907,24.4480696733676,2.528981021271447,0.002216661296738078,64225.749827683176,14.718543511874001,2.0920219266711717,9.729526161493595,3.19
3.8220000000000027,3575.0509588087593,9.024713160054102,2717137.331175688,267.77683801319006,2978.722617488857,24.364839909092517,2.530102068108434,0.0022388097626058704,64123.35933644937,14.644005318417959,2.0920553381896587,9.720834590674556,3.19
3.8620000000000028,3569.1942883736615,9.03903195570676,2713447.6607212583,267.72580482249697,2978.0676886645356,24.281694786217194,2.5312199628926497,0.0022609298439503376,64020.91452061905,14.569540627617526,2.09207274195238,9.712154158599667,3.19
3.902000000000003,3563.3284725386384,9.053333925987083,2709749.9121064846,267.6746089839537,2977.41338350632,24.198634572813543,2.532334707151291,0.002283021568801809,63918.41443478228,14.495149718544365,2.0920739763378933,9.703484854269178,3.19
3.942000000000003,3557.4534218764607,9.067618823836323,2706044.028857249,267.6232492608467,2976.7597093508807,24.115659538836887,2.533446302600699,0.002305084964607196,63815.85812423456,14.420832871924603,2.0920588771768363,9.694826666912286,3.19
3.982000000000003,3551.5690460379583,9.08188639856309,2702329.9538307074,267.57172440128227,2976.1066736473863,24.032769956148186,2.534554751150881,0.0023271200582288187,63713.24462482074,14.34659037016059,2.092027277700488,9.686179585987597,3.19
4.022000000000003,3545.675253733979,9.096136395795169,2698607.6292043906,267.5200331379317,2975.4542839588003,23.949966098536624,2.5356600549101516,0.0023491268759431474,63610.57296270635,14.272422497353013,2.091979008488108,9.677543601183611,3.19
4.062000000000003,3539.771952718283,9.110368557423598,2694876.99646515,267.46817418777175,2974.8025479634866,23.86724824174259,2.5367622161898784,0.002371105443439468,63507.84215417036,14.198329539323328,2.091913897412964,9.668918702419262,3.19
4.102000000000003,3533.8590497696255,9.124582621547983,2691137.99639781,267.41614625181904,2974.1514734567436,23.78461666348099,2.5378612375093526,0.0023930557858184622,63405.05120538427,14.124311783636527,2.091831769587049,9.66030487984446,3.19
4.142000000000003,3527.936450673662,9.13877832241979,2687390.569073625,267.3639480148589,2973.50106835241,23.70207164346493,2.5389571216007725,0.0024149779275907082,63302.19911219071,14.050369519624244,2.091732447304432,9.651702123840685,3.19
4.182000000000003,3522.0040602042827,9.152955390385019,2683634.653838427,267.31157814516797,2972.851340684483,23.619613463429825,2.540049871414357,0.0024368718926750976,63199.28485987424,13.976503038408213,2.0916157499832098,9.643110425021613,3.19
4.222000000000003,3516.059297012426,9.16711355182516,2679870.1893005962,267.2590352942312,2972.1966268859405,23.537242407157837,2.5411394901235864,0.0024587377043971677,63095.3744774752,13.902712632924077,2.0914814941060156,9.63452977423376,3.19
4.262000000000003,3510.10626384343,9.18124124200814,2676097.113318706,267.2063180964521,2971.5377963258234,23.45495876050275,2.5422259811305628,0.002480575385487347,62990.40876840295,13.828998597945567,2.09132949315904,9.625960162557183,3.19
4.302000000000003,3504.1471463178955,9.19534532167906,2672315.3676608964,267.15342523423476,2970.879924144071,23.372762907212838,2.543309346594452,0.002502384944648297,62885.44783512437,13.755361320636085,2.091159557787649,9.617401586576754,3.19
4.342000000000003,3498.1760315960705,9.209438958157472,2668524.8927338514,267.1003553643636,2970.2223885566373,23.29065521988312,2.5443895891271735,0.002524166391863414,62780.38867185985,13.681801177508367,2.09097149557143,9.608854042374753,3.19
4.382000000000003,3492.195188663088,9.223508974519525,2664725.6222898355,267.0471070436176,2969.56573135352,23.20863595265198,2.545466713447611,0.0025459197534323085,62675.2816772417,13.608318433021367,2.090765110650081,9.600317519630613,3.19
4.422000000000003,3486.2038345636656,9.23755961762097,2660917.4916549795,266.9936788437191,2968.9097769681,23.126705410541668,2.546540723774915,0.0025676450482193503,62570.10991973083,13.534913399600157,2.0905402040195167,9.59179201094151,3.19
4.462000000000003,3480.202030174965,9.251589361803632,2657100.4346577786,266.94006930821655,2968.2545837456364,23.04486388681066,2.547611624800704,0.002589342296441679,62464.87634112001,13.461586378436882,2.090296573318411,9.58327750837378,3.19
4.502000000000003,3474.1896370845006,9.265598187401837,2653274.38446206,266.8862769640187,2967.600149475909,22.96311168029213,2.548679421428766,0.0026110115172394335,62359.57900254992,13.388337675875754,2.090034012800808,9.574774004416378,3.19
4.542000000000003,3468.166556141847,9.279585730454835,2649439.2733538016,266.8323003182691,2966.9464856465047,22.88144909137011,2.549744118843733,0.0026326527292414225,62254.21698790986,13.315167599611177,2.089752313252502,9.566281491758934,3.19
4.582000000000003,3462.1326798976324,9.293551689021681,2645595.032767126,266.7781378585713,2966.2936012469013,22.799876422833837,2.550805722504923,0.002654265950446859,62148.78917812393,13.242076459495694,2.0894512619189842,9.557799963338143,3.19
4.622000000000003,3456.0879006282407,9.307495745564033,2641741.5932621756,266.7237880525353,2965.6415058381417,22.718393979762325,2.551864238155254,0.0026758511982429944,62043.29446974617,13.169064567431489,2.089130642428589,9.549329412330838,3.19
4.6620000000000035,3450.0321092798054,9.321417579182794,2637878.884510735,266.6692493474296,2964.9902090734204,22.637002069573317,2.5529196718278087,0.002697408489399694,61937.73174349735,13.096132237417176,2.088790234714171,9.54086983215614,3.19
4.7020000000000035,3443.9651954863266,9.335316864194088,2634006.835280483,266.6145201698104,2964.3397207514063,22.55570100205177,2.553972029852898,0.0027189378400668354,61832.09986636698,13.023279785575307,2.0884298149326592,9.532421216476463,3.19
4.7420000000000035,3437.887047574913,9.349193270024193,2630125.3734189346,266.55959892514284,2963.690050820125,22.474491089379747,2.5550213188652795,0.002740439265771491,61726.39769178501,12.950507530181126,2.0880491553825,9.523983559198623,3.19
4.782000000000004,3431.797552526119,9.363046461204549,2626234.425837001,266.5044839974134,2963.041209376127,22.393372646167435,2.5560675458115623,0.0027619127814149168,61620.62405901432,12.877815791692411,2.0876480244189373,9.515556854475022,3.19
4.822000000000004,3425.6965959520107,9.376876097263558,2622333.9184922073,266.44917374873336,2962.3932066678785,22.312345989484395,2.557110717957799,0.0027833584012694717,61514.77779293251,12.805204892779537,2.087226186367038,9.507141096704858,3.19
4.862000000000004,3419.5840620682784,9.390681832652573,2618423.7763714893,266.39366651893295,2961.746053097753,22.23141143889149,2.5581508428972644,0.002804776138975421,61408.85770368289,12.732675158356116,2.0867834014324087,9.498736280535374,3.19
4.902000000000004,3413.459833667069,9.404463316660356,2614503.9234736054,266.3379606251454,2961.099759224462,22.150569316473316,2.5591879285584427,0.0028261660075376265,61302.862586349125,12.660226915610158,2.086319425609527,9.49034240086316,3.19
4.942000000000004,3407.3237920888564,9.418220193327905,2610574.28279111,266.2820543613814,2960.4543357654434,22.06981994687124,2.560221983213212,0.0028475280193221257,61196.79122061501,12.587860494035747,2.0858340105876145,9.481959452835495,3.19
4.982000000000004,3401.1758171938045,9.431952101360865,2606634.7762919585,266.22594599809366,2959.8097935993287,21.98916365731702,2.561253015485244,0.002868862186052595,61090.64237041866,12.515576225465276,2.0853269036539666,9.473587431851744,3.19
5.022000000000004,3395.0157873322487,9.445658674040413,2602685.3249005787,266.1696337817297,2959.1661437684434,21.908600777666997,2.5622810343586138,0.0028901685188066966,60984.4147835949,12.44337444410223,2.0847978475946753,9.465226333564768,3.19
5.062000000000004,3388.8435793147823,9.459339539131431,2598725.848478606,266.1131159342756,2958.523397481391,21.828131640436972,2.5633060491866346,0.002911447028012304,60878.107191514144,12.371255486554539,2.0842465805926467,9.456876153882432,3.19
5.102000000000004,3383.6277618298695,9.47299431878949,2594756.265805063,266.05639065278683,2957.8787177984314,21.747756580837645,2.564328069700922,0.0029326977234436055,60770.56345765237,12.299219691868528,2.0836728361228296,9.448536888969116,3.19
5.142000000000004,3378.7145389423476,9.486600676518599,2590776.494556088,265.99945610890876,2957.2350765727697,21.66747593681075,2.5653471060206914,0.0029539206142170844,60662.727522781686,12.227267401563445,2.0830763428445795,9.440208535247304,3.19
5.182000000000004,3373.791371111451,9.50019294780413,2586786.460568142,265.9423105814248,2956.5918919260484,21.587290225019064,2.5663631660327435,0.002975115684214822,60554.78548445891,12.155399125977025,2.082456825947203,9.431891099042039,3.19
5.222000000000004,3368.8574087693637,9.513757357622032,2582786.078561622,265.88495218026463,2955.9496894803415,21.50719977399998,2.5673762608941386,0.00299628294333979,60446.763295146455,12.083615197532817,2.0818140041633644,9.423584576467164,3.19
5.262000000000004,3363.912834725056,9.52729372841176,2578775.262705668,265.8273789972345,2955.3036341598713,21.427204926900746,2.56838640200215,0.003017422399178925,60338.648795260575,12.011915962355355,2.0811475911594473,9.415288964545391,3.19
5.302000000000004,3358.9540951141576,9.540813568368202,2574753.926197842,265.7695890998148,2954.6576861448066,21.347306033838713,2.5693936011200242,0.0030385340580725024,60230.373404506,11.940301773050063,2.0804572953632094,9.407004260788652,3.19
5.342000000000004,3353.9846880193286,9.554295500269802,2570721.976071292,265.7115804562111,2954.013117571607,21.26750335536996,2.5703978718235936,0.003059617938590273,60122.04764536221,11.868772897460223,2.0797428189222575,9.398730457909739,3.19
5.382000000000004,3349.003818782513,9.567751333525678,2566679.324519098,265.6533510979326,2953.369444286309,21.187797275296607,2.571399226344412,0.0030806740418157495,60013.62792763516,11.797329719813144,2.0790038595306943,9.390467555483463,3.19
5.422000000000004,3344.0113794932554,9.581177180837038,2562625.8805130823,265.5948989991666,2952.7268181538307,21.10818814362719,2.5723976779215136,0.0031017023732819856,59905.12383000551,11.725972592288661,2.078240108888974,9.382215551338525,3.19
5.462000000000004,3339.007148987413,9.59457341274221,2558561.5522216274,265.5362221113128,2952.0852201824473,21.028676322384698,2.573393240131613,0.0031227029365743755,59796.531560594936,11.654701878316768,2.07745125299255,9.37397444406793,3.19
5.502000000000004,3333.9909133948304,9.607939433761272,2554486.246405101,265.4773183540445,2951.4446697538324,20.949262174830046,2.574385927061687,0.003143675734836376,59687.850118568684,11.58351794239193,2.0766369718907196,9.365744232438114,3.19
5.542000000000004,3328.9624557608745,9.621274822873811,2550399.8685056423,265.41818561635984,2950.8051793022755,20.869946067659107,2.5753757532890362,0.0031646207704633506,59579.07799073391,11.512421152150022,2.0757969395657607,9.357524915509087,3.19
5.582000000000004,3323.9215544346303,9.634579125174676,2546302.322601813,265.35882175567883,2950.166762515674,20.79072837069855,2.576362733898809,0.0031855380451456636,59470.213705822374,11.441411878081047,2.0749308237832893,9.349316492617502,3.19
5.622000000000004,3318.867984061173,9.647851880941136,2542193.5113833505,265.29922459722366,2949.5294332088815,20.71160945698842,2.5773468844961425,0.0032064275598577235,59361.255768365365,11.370490493607436,2.074038285942284,9.341118963380984,3.19
5.662000000000004,3313.8015151531868,9.661092623682574,2538073.336123316,265.2393919333546,2948.8932053915414,20.632589702829613,2.578328221219165,0.0032272893148518945,59252.20265827256,11.299657375129113,2.0731189809203645,9.332932327700497,3.19
5.702000000000004,3308.721914092699,9.674300879362994,2533941.6966492343,265.17932152288444,2948.2580932991677,20.553669487828458,2.579306760752414,0.003248123309652761,59143.05283330991,11.228912902065854,2.0721725569144835,9.324756585762605,3.19
5.742000000000004,3303.628943028554,9.687476166605574,2529798.491313706,265.11901109037734,2947.6241113830665,20.474849194945463,2.5802825203405604,0.0032689295430507782,59033.80472735999,11.158257456903499,2.0711986552769845,9.316591738041963,3.19
5.7820000000000045,3298.522359791837,9.700617996449832,2525643.616964161,265.05845832542843,2946.9912743183572,20.39612921054386,2.5812555178025276,0.003289708013095899,58924.456750185695,11.087691425240047,2.070196910346785,9.308437785303814,3.19
5.8220000000000045,3293.4019178062917,9.713725872234283,2521476.968911841,264.9976608819239,2946.35959700691,20.31750992443949,2.582225771545982,0.0033104587170909756,58815.0072867782,11.017215195832915,2.0691669492755596,9.300294728606579,3.19
5.8620000000000045,3288.2673659969814,9.726799289445674,2517298.4408999225,264.93661637728064,2945.729094581574,20.238991729951593,2.5831933005822174,0.003331181651584988,58705.454696773995,10.94682916064707,2.0681083918487144,9.292162569304525,3.19
5.902000000000005,3283.1184486969682,9.739837735570013,2513107.9250708027,264.8753223916657,2945.0997824102847,20.160575023954628,2.5841581245414544,0.003351876812366079,58595.79731384219,10.876533714904154,2.067020850301018,9.284041309050473,3.19
5.942000000000005,3277.9549055517646,9.752840689939227,2508905.3119324953,264.8137764671937,2944.471676100295,20.082260206931203,2.585120263688551,0.0033725441944543956,58486.03344505519,10.806329257132564,2.0659039291266486,9.275930949798639,3.19
5.982000000000005,3272.644814024943,9.765807623573806,2504690.4903241075,264.75197610710256,2943.844628430515,20.00404768302607,2.586079738939141,0.003393183792094728,58376.08756250539,10.736216189218572,2.0647572248835018,9.267831493807497,3.19
6.022000000000005,3265.9838266126326,9.778735506614096,2500463.347380372,264.68991877490583,2943.2172804912484,19.925937860101225,2.5870365718762276,0.003413795598748948,58265.30047495748,10.666194916458462,2.0635803259915337,9.259742943642763,3.19
6.062000000000005,3259.3164204454188,9.79160320766424,2496223.7695824886,264.6276019095134,2942.592247258716,19.847931168647357,2.5879907844926033,0.0034343796044593563,58154.559533742315,10.59626586543529,2.0623728128360472,9.251665303212068,3.19
6.102000000000005,3252.6298842837027,9.804455231354174,2491971.6511850874,264.5650230490844,2941.967594822579,19.770028207588926,2.5889423970888155,0.003454935775522127,58043.62816014304,10.526429621847353,2.0611342600650486,9.243598585741573,3.19
6.142000000000005,3245.9287847156957,9.817261381428004,2487706.8697976167,264.5021794715105,2941.344545536419,19.692229321624907,2.589891434447263,0.003475464113430683,57932.60934954146,10.456686530979683,2.059864229388094,9.235542790645223,3.19
6.182000000000005,3239.2116524655053,9.830030720363895,2483429.3066137913,264.4390684913417,2940.722730302456,19.614534953777436,2.5908379207137644,0.0034959646056979873,57821.47078763842,10.387037030954215,2.0585622750631316,9.227497922823224,3.19
6.222000000000005,3232.4789458949476,9.842760238444088,2479138.8394691115,264.37568735729366,2940.0988853191193,19.53694552579671,2.591781881159147,0.00351643724253933,57710.1357942305,10.317481539681392,2.057227941684378,9.219463986115317,3.19
6.262000000000005,3225.7309457034157,9.855448132243838,2474835.344585177,264.3120332775459,2939.4740031296146,19.459461469076487,2.5927233417498403,0.0035368820125595414,57598.63395929144,10.248020484083252,2.055860764461823,9.211440984993237,3.19
6.302000000000005,3218.9667944012126,9.86809572088766,2470518.6969019854,264.2481034243028,2938.85047412701,19.38208323093629,2.5936623290782035,0.003557298901877365,57487.01453518149,10.178654306031982,2.0544602691045917,9.203428924904305,3.19
6.342000000000005,3212.185995085166,9.880702707198814,2466188.7688451535,264.18389491516353,2938.2282978317307,19.304811254436622,2.594598870677013,0.003577687896940344,57375.27083321437,10.1093834432698,2.0530259711920675,9.195427811166823,3.19
6.382000000000005,3205.3885015945357,9.893267627001473,2461845.4303831086,264.11940481350973,2937.6075273128913,19.227645980350317,2.5955329950126624,0.0035980489842488686,57263.40400353912,10.040208331271971,2.051557375926719,9.187437649078348,3.19
6.422000000000005,3198.574072647625,9.905790168639678,2457488.549543431,264.054630135723,2936.988168429083,19.150587856762215,2.596464731368877,0.0036183821490167324,57151.41098393753,9.971129412320886,2.050053978041631,9.17945844444133,3.19
6.462000000000005,3191.7425182095835,9.91826960391908,2453117.9921360947,263.9895678466398,2936.3702436380026,19.07363733528178,2.597394109925082,0.00363868737569896,57039.289955801345,9.902147131925803,2.048515261442842,9.171490203355976,3.19
6.502000000000005,3184.893632488316,9.93070529965073,2448733.621767687,263.924214859306,2935.7537715007156,18.996794872189415,2.5983211617639683,0.0036589646478313426,56927.03875472094,9.833261939906187,2.046940698938355,9.163532932283228,3.19
6.542000000000005,3178.027208668038,9.943096589030514,2444335.2997757155,263.85856803353255,2935.1387717850575,18.920060928266253,2.599245918898807,0.0036792139480535564,56814.655239761945,9.764474290230579,2.045329751931522,9.155586638035674,3.19
6.582000000000005,3171.143036138168,9.955442797975765,2439922.885178578,263.79262417466816,2934.525264425891,18.84343596891367,2.600168414297298,0.0036994352580918028,56702.13722123173,9.695784641129295,2.0436818701103956,9.147651327784375,3.19
6.622000000000005,3164.2409007709307,9.96774324046386,2435496.234620876,263.726380032288,2933.9132697036457,18.76692046422299,2.6010886819068624,0.00371962855874832,56589.48247028812,9.62719345516001,2.0419964911257775,9.139727009062982,3.19
6.662000000000005,3157.3205848192297,9.979997218771052,2431055.2023174106,263.65983229884733,2933.302808232617,18.690514889053645,2.6020067566805873,0.0037397938298896474,56476.68871705963,9.558701199281316,2.0402730402587843,9.131813689772327,3.19
6.702000000000005,3150.3818668164645,9.992204023236116,2426599.6399955465,263.59297760829435,2932.6939009668945,18.61421972311293,2.6029226746039273,0.003759931050434586,56363.753649381535,9.49030834492777,2.038510930077359,9.12391137818516,3.19
6.742000000000005,3143.4245214893863,10.004362931968567,2422129.396835679,263.52581253463774,2932.0865692086318,18.538035451037423,2.603836472722203,0.0037800401983418617,56250.67491178085,9.42201536808643,2.0367095600813223,9.116020082950993,3.19
6.782000000000005,3136.4483196617925,10.016473210590044,2417644.319409925,263.45833359047043,2931.480834614848,18.461962562476344,2.604748189168909,0.0038001212505974244,56137.45010428527,9.353822749375281,2.0348683163355075,9.108139813101065,3.19
6.822000000000005,3129.453028156848,10.028534111954315,2413144.2516188454,263.3905372254459,2930.876719204983,18.386001552176953,2.6056578631948684,0.003820174183201394,56024.076781234624,9.285730974123464,2.0329865710905204,9.10027057805349,3.19
6.862000000000005,3122.4384096960225,10.040544875862146,2408629.034626214,263.32241982470595,2930.274245368541,18.310152920071907,2.6065655351982584,0.003840198971154639,55910.552450046045,9.217740532453403,2.031063682390627,9.092412387618504,3.19
6.9020000000000055,3115.4042227947066,10.052504728767417,2404098.5067916443,263.2539777072574,2929.67343587296,18.234417171368783,2.607471246755536,0.003860195588444973,55796.874569937216,9.149851919364888,2.029098993668282,9.084565252003893,3.19
6.9420000000000055,3108.3502216546294,10.064412883473915,2399552.503601125,263.1852071242967,2929.0743138717403,18.158794816641716,2.608375040653304,0.0038801640080329634,55683.040550610865,9.082065634821166,2.0270918333247434,9.076729181820548,3.19
6.9820000000000055,3101.2766472085473,10.076268538823498,2394990.857595271,263.1161042574796,2928.4765710547267,18.08328637192534,2.6092769609211324,0.0039001042018373304,55568.570610721705,9.01438218383711,2.025041514296228,9.068904188088228,3.19
7.022000000000006,3094.1898093213326,10.088049946217668,2390413.3982952386,263.0466652171332,2927.8814202955664,18.007892358810935,2.6101770528653923,0.003920016140719935,55453.95468853181,8.946802076569531,2.022947333605029,9.061090282241402,3.19
7.062000000000006,3087.081053288054,10.099791210581298,2385819.961727208,262.97688618636084,2927.2874859979624,17.93261345267588,2.61107536097462,0.003939899773791449,55339.141361466005,8.879325968425661,2.0208085763729686,9.053287484250221,3.19
7.102000000000006,3079.951534744497,10.111475374601698,2381210.369627888,262.90676310480933,2926.6954205986767,17.857450161030506,2.6119719335803038,0.003959755073320021,55224.16824788975,8.811954356033192,2.0186245059020975,9.045495804997312,3.19
7.142000000000006,3072.801298722954,10.123103871560254,2376584.442226543,262.8362918616131,2926.1008305043288,17.782403024424593,2.6128668200072664,0.003979582006672767,55108.94134020054,8.744687767136021,2.0163943689369996,9.037715257288571,3.19
7.182000000000006,3065.6298757616933,10.134675597280031,2371941.9962461186,262.76546826431576,2925.5057582185077,17.707472586780867,2.613760071039799,0.003999380540457235,54993.49810239452,8.677526732552895,2.0141173942809165,9.02994585422797,3.19
7.222000000000006,3058.4367304790662,10.14618971872246,2367282.845003753,262.69428803961364,2924.912536631594,17.6326593984067,2.614651738919325,0.004019150640098605,54877.88131608715,8.610471789023238,2.0117927923491927,9.022187609383465,3.19
7.262000000000006,3051.221567751581,10.157645343454828,2362606.7982834307,262.6227468306085,2924.321191194292,17.557964015538715,2.6155418773931567,0.004038892269901108,54762.087811037374,8.54352347877581,2.009419754598704,9.014440536762905,3.19
7.302000000000006,3043.984102213298,10.16904151688705,2357913.6622435553,262.55084019456206,2923.7317498504335,17.483387000476796,2.6164305417561278,0.004058605393026957,54646.11462484416,8.476682349654501,2.006997452955146,9.006704650822293,3.19
7.342000000000006,3036.724036509726,10.180377309367785,2353203.2393419305,262.47856360088906,2923.1442393135417,17.408928922027584,2.617317788889132,0.0040782899714319285,54529.958587819616,8.409948955536525,2.004525039230436,8.998979966491062,3.19
7.382000000000006,3029.441069332661,10.191651758944728,2348475.32822717,262.405912428606,2922.5586873659067,17.334590355494143,2.618203677305634,0.0040979459658642275,54413.61650739026,8.343323856321623,2.0020016445035047,8.99126649917252,3.19
7.422000000000006,3022.134893030952,10.202863889410398,2343729.723637667,262.33288196386343,2921.9751221359716,17.26037188283614,2.619088267197191,0.004117573335839387,54297.0851116919,8.276807618082424,1.9994263784840896,8.983564264753717,3.19
7.462000000000006,3014.8051939394372,10.214012705198177,2338966.2162939287,262.2594673973432,2921.39357229322,17.18627409278857,2.619971620481128,0.004137172039620827,54180.361060296025,8.210400813175522,1.9967983288515723,8.975873279613047,3.19
7.502000000000006,3007.4516521158603,10.225097191879852,2334184.5927877133,262.18566382157144,2920.8140670226044,17.11229758099371,2.6208538008496016,0.004156742034198416,54063.44093961787,8.144104020365026,1.9941165605695934,8.968193560628686,3.19
7.542000000000006,3000.073941174318,10.236116315518418,2329384.635467001,262.11146622813135,2920.2366360433944,17.038442950134893,2.6217348738203254,0.004176283275266639,53946.321261095705,8.077917824947749,1.9913801151751358,8.960525125187143,3.19
7.582000000000006,2992.6717280993753,10.247069022183943,2324566.1223168476,262.0368695047746,2919.6613096215233,16.96471081007412,2.6226149067889333,0.004195795717202056,53828.99845888636,8.011842818882013,1.988588010040884,8.952867991192107,3.19
7.622000000000006,2985.244673053389,10.257954237435294,2319728.8268358107,261.96186843242475,2919.0881185829894,16.89110177799357,2.623493969083109,0.00421527931304008,53711.46888749548,7.945879600919987,1.9857392376098342,8.94522217707358,3.19
7.662000000000006,2977.7924291772665,10.268770865781518,2314872.517907794,261.88645768206874,2918.51709432781,16.817616478540927,2.624372132018504,0.004234734014451027,53593.72881932974,7.880028776743687,1.9828327646008295,8.93758770179724,3.19
7.702000000000006,2970.31464238343,10.27951779012618,2309996.959669091,261.8106318115311,2917.9482688443723,16.74425554397893,2.6252494689565533,0.0042541597717154255,53475.7744421485,7.814290959104772,1.9798675311838376,8.929964584874158,3.19
7.742000000000006,2962.810951140983,10.290193871191299,2305101.911370419,261.7343852621253,2917.3816747243086,16.671019614339066,2.62612605536424,0.004273556533698554,53357.601856419045,7.7486667679682775,1.9768424501235462,8.922352846370789,3.19
7.782000000000006,2955.280986252566,10.300797946921094,2300187.127233645,261.657712355176,2916.817345177861,16.5979093375797,2.6270019688759008,0.004292924247824165,53239.207072566045,7.683156830660438,1.9737564058899442,8.914752506919264,3.19
7.822000000000006,2947.7243706226636,10.31132883186367,2295252.356303049,261.5806072884072,2916.2553140498167,16.524925369748793,2.627877289357158,0.004312262860047389,53120.586008115046,7.6177617820207475,1.9706082537343697,8.907163587728046,3.19
7.862000000000006,2940.1407190167215,10.321785316530839,2290297.342290756,261.50306413218823,2915.695615835967,16.452068375151317,2.6287520989710567,0.004331572314826758,53001.734484719185,7.552482264558424,1.9673968187294777,8.899586110592892,3.19
7.902000000000006,2932.529637810871,10.332166166733716,2285321.8234161558,261.42507682563246,2915.1382857001886,16.379339026521627,2.629626482246516,0.0043508525550953366,52882.648225069184,7.4873189286134405,1.964120894771528,8.892020097908187,3.19
7.942000000000006,2924.8907247314964,10.34247012289444,2280325.5322388904,261.34663917253937,2914.5833594921,16.30673800520094,2.6305005261491803,0.004370103522230912,52763.32284967393,7.422272432522298,1.9607792435432558,8.884465572678645,3.19
7.982000000000006,2917.2237916266436,10.352695899331149,2275308.1954852324,261.26774483717435,2914.028745263552,16.23426600132013,2.631374320154777,0.004389325156025214,52643.73934306461,7.357343442788745,1.9573705934355345,8.876922558531385,3.19
8.022000000000006,2909.5274230951077,10.362846662632597,2270269.533867396,261.1883873398766,2913.4708362967153,16.161923713988024,2.6322479563250956,0.004408517394652111,52523.845072786855,7.29253263425961,1.9538936384259429,8.869391079728414,3.19
8.062000000000005,2901.8000239544645,10.372924298910347,2265209.259689043,261.10856001765114,2912.9152703928858,16.089711821894245,2.6331215298223634,0.004427680178787258,52403.53595176715,7.227840662344267,1.9503470353662413,8.861871159549978,3.19
8.102000000000004,2894.0481116205033,10.382902847984216,2260127.07611381,261.02825601065047,2912.363220513072,16.01763097728712,2.633995139087393,0.004446813452450142,52282.88780197267,7.163268157322995,1.9467294022671024,8.854362819964125,3.19
8.142000000000003,2886.268023705202,10.392797355293395,2255022.6904580663,260.94746847064107,2911.813799770419,15.94568198608338,2.6348688832702467,0.004465917137711367,52162.00244613042,7.098815894531226,1.9430393266331472,8.846866091552155,3.19
8.182000000000002,2878.4565177038826,10.402613034937366,2249895.8005978176,260.8661903449358,2911.266737869684,15.873865627499704,2.6357428649702044,0.004484991160007298,52040.82785945642,7.0344846239251355,1.939275354924769,8.839381003574568,3.19
8.222000000000001,2870.6143869987764,10.412339635771026,2244746.0927323657,260.7844143386462,2910.7224277008177,15.80218262901253,2.6366171907075393,0.004504035451654788,51919.38732805247,6.970275046420737,1.9354359895473732,8.831907582591793,3.19
8.262,2862.7407717998713,10.421978907945109,2239573.2478096485,260.70213301441424,2910.180782956276,15.730633755012002,2.637491969711659,0.00452304993938983,51797.66634403731,6.906187897657679,1.9315196921999847,8.824445857354323,3.19
8.302,2854.8352671028765,10.431528447768951,2234376.9386775806,260.6193387452316,2909.641880232973,15.659219772530804,2.6383673145294044,0.004542034549176016,51675.661809209065,6.842223915615043,1.927524880502404,8.816995856915762,3.19
8.341999999999999,2846.897347429501,10.440986898860452,2229156.830564666,260.53602371993196,2909.1057548419512,15.587941461125281,2.639243340983814,0.0045609892048079515,51553.36765069998,6.77838384994441,1.9234499269852279,8.809557611180871,3.19
8.381999999999998,2838.926496072825,10.450352633580422,2223912.580647784,260.45217993410216,2908.5724521571624,15.51679961090764,2.640120168312607,0.004579913828179934,51430.77823161921,6.7146684601075055,1.919293157351764,8.802131150800134,3.19
8.421999999999997,2830.922180262686,10.459624031157688,2218643.837810176,260.36779918391574,2908.042016842573,15.445795023229099,2.64099791927152,0.004598808339181496,51307.88766552395,6.651078516018342,1.9150528488220615,8.794716507210756,3.19
8.461999999999996,2822.8838542609756,10.468799427940677,2213350.242349339,260.2828730590637,2907.5144947429867,15.374928510881212,2.641876720249269,0.004617672655660321,51184.689919346274,6.587614798230009,1.9107272283768733,8.787313712651203,3.19
8.501999999999995,2814.810958648338,10.477877122212364,2208031.425677036,260.1973929354489,2906.9899326879327,15.304200898375672,2.6427567013859976,0.00463650669337372,51061.178796919805,6.524278098195413,1.9063144709305073,8.779922800180259,3.19
8.541999999999994,2806.7029197558127,10.486855372904357,2202687.0100050787,260.11134996753566,2906.468378521996,15.233613022229465,2.6436379966965555,0.004655310365938907,50937.347931894794,6.461069218532931,1.9018126974246234,8.772543803696534,3.19
8.581999999999994,2798.5591491913465,10.49573239802225,2197316.6080162185,260.0247350803386,2905.9498811478015,15.163165731258161,2.644520744198803,0.0046740835847816865,50813.1907822875,6.397988973299573,1.8972199728391699,8.765176757958587,3.19
8.621999999999993,2790.3790432853634,10.504506373408606,2191919.8225194486,259.93753896103084,2905.434490554589,15.092859886880523,2.6454050860471727,0.0046928262590830655,50688.7006234607,6.335038188274627,1.8925343041165803,8.757821698605897,3.19
8.661999999999992,2782.161982527284,10.513175431295275,2186496.2460887083,259.84975205014933,2904.9222578541026,15.022696363433642,2.6462911686717727,0.004711538295723882,50563.8705411942,6.272217701253065,1.8877536379948177,8.750478662180576,3.19
8.701999999999991,2773.907330970197,10.521737658833123,2181045.460684036,259.7613645323722,2904.413235316373,14.952676048499509,2.6471791429233287,0.004730219599227293,50438.69342429975,6.209528362349557,1.8828758587447443,8.743147686149952,3.19
8.74199999999999,2765.6144356067443,10.530191096544693,2175567.0372539847,259.67236632684194,2903.9074764074585,14.882799843243497,2.6480691642242813,0.004748870071699027,50313.161956885946,6.146971034313497,1.877898785807042,8.73582880893,3.19
8.78199999999999,2757.2831517238487,10.538533736705881,2170060.535318266,259.5827470770069,2903.399886179865,14.813068662765314,2.6489613927263695,0.004767489612765294,50187.23367769081,6.084546592855591,1.8728201713235832,8.728522069909722,3.19
8.821999999999989,2748.909454341094,10.546775033303643,2164525.502529244,259.4924961399503,2902.891228168716,14.743483436463066,2.649855993475078,0.004786078119508227,50060.85237544156,6.0222559269865945,1.8676376975579978,8.72122750947647,3.19
8.861999999999988,2740.494294132843,10.554899989567462,2158961.468073522,259.40160247481856,2902.3859855932383,14.674045036582353,2.6507531377148092,0.0048046354965569004,49934.08090464448,5.9600998715263485,1.8623489683769072,8.713945165056005,3.19
8.901999999999987,2732.038662192608,10.562903702513202,2153367.9520015265,259.3100547908577,2901.8843586242374,14.604754395301534,2.651653001246641,0.004823161639520442,49806.93815626736,5.898079317687812,1.8569515154430367,8.70667507761372,3.19
8.941999999999986,2723.5409586762585,10.570790084541034,2147744.464385792,259.2178415301164,2901.386162103107,14.535612499715366,2.652555764685583,0.00484165643567473,49679.396578325235,5.836195208330195,1.8514427951988712,8.699417291385172,3.19
8.981999999999985,2715.0006784912694,10.578554469523832,2142090.4998568604,259.1249507738762,2900.891550139055,14.466620334434989,2.6534616145673424,0.0048601197720684625,49551.45389758842,5.774448483739923,1.8458201811373893,8.692171850695066,3.19
9.021999999999984,2706.4169640308564,10.58619519659956,2136405.5390916727,259.0313702624855,2900.400558616558,14.397778906049194,2.6543707431741974,0.004878551532044039,49423.09938389771,5.712840104726646,1.84008096253057,8.684938801322549,3.19
9.061999999999983,2697.7890142625492,10.593709707436034,2130689.04761448,258.9370873709767,2899.9132573269158,14.329089236600652,2.6552833488606615,0.004896951596143943,49294.324110996444,5.6513710464551385,1.8342223404747275,8.677718190145512,3.19
9.101999999999983,2689.115987454069,10.601095569625931,2124940.475310596,258.8420890961068,2899.429710329173,14.260552365734505,2.6561996362520164,0.0049153198417879835,49165.11840627809,5.590042300467245,1.828241424498708,8.67051006526726,3.19
9.141999999999982,2680.3970192294373,10.608350247222232,2119159.255730299,258.74636203967725,2898.949984734066,14.192169350857903,2.6571198164857814,0.004933656143231401,49035.472367877206,5.528854874824952,1.8221352288362476,8.663314476032951,3.19
9.18199999999998,2671.631218416202,10.615471140129964,2113344.805389002,258.64989239149986,2898.474149162624,14.123941267713922,2.6580441074584877,0.004951960371463209,48905.37575954737,5.46780979464444,1.8159006685584174,8.656131473069482,3.19
9.22199999999998,2662.817666169859,10.62245557540565,2107496.5230211755,258.5526659112877,2898.002274033487,14.055869210916118,2.6589727340857983,0.004970232394109026,48774.81800693122,5.406908102592492,1.809534555517682,8.648961108323626,3.19
9.26199999999998,2653.9554147626413,10.62930080464592,2101613.7887908854,258.4546679094965,2897.534431620257,13.987954294511884,2.6599059285757165,0.004988472075328664,48643.78818200582,5.34615085940967,1.8030335941000055,8.641803435102213,3.19
9.301999999999978,2645.0433756922585,10.63600441842484,2095695.963455214,258.35588322703086,2897.070678252558,13.920879770803882,2.6608698591778945,0.005006679275708879,48512.272974200336,5.2855391444570134,1.7963943767746393,8.635340626346869,3.19
9.341999999999977,2636.2233295657034,10.637397755824265,2089742.3872404255,258.2562962097687,2896.801775347601,13.855138347230099,2.6618837434453604,0.005024854814724099,48388.11237393848,5.225074053913556,1.7896133791624818,8.630064293316543,3.19
9.381999999999977,2627.6836840975134,10.629584487832508,2083752.5836414443,258.15589412119704,2896.873278633649,13.789555543410934,2.6629031618081407,0.005042999885361459,48278.28690136222,5.164758738198114,1.782687191127394,8.624796805212819,3.19
9.421999999999976,2619.1949970027804,10.62169236080614,2077726.4032586461,258.0546695899353,2896.9486925485708,13.724138190546954,2.66392827502104,0.005061113500845458,48169.21096026319,5.104599742051743,1.7756126990186514,8.619538448495211,3.19
9.461999999999975,2610.5882043178026,10.614100419213944,2071663.3788487623,257.95260979730017,2897.0101063321945,13.658889936148483,2.664959307635842,0.005079195132908492,48058.10646277233,5.044600559629429,1.7683863470989998,8.614289376519054,3.19
9.501999999999974,2601.9445558857433,10.606178187912537,2065562.6474403453,257.84969510257844,2897.07752898709,13.593810600876015,2.6659965623827864,0.005097244806326387,47946.71800256165,4.9847610187840585,1.761004014368191,8.609049582091956,3.19
9.541999999999973,2593.2371057626547,10.598167657335571,2059423.4938126202,257.7459081651587,2897.140610374946,13.52890180532183,2.6670403189589944,0.005115262284229434,47834.37835087839,4.925082671344966,1.7534616421547113,8.603819133976863,3.19
9.581999999999972,2584.4707530218116,10.58999529385719,2053245.1227068477,257.6412301034881,2897.20778081943,13.464164643083638,2.668090876651514,0.005133247405173181,47721.34836173972,4.865566564042774,1.7457549623465227,8.598598079040864,3.19
9.621999999999971,2575.642656875881,10.581675975892692,2047026.7253126586,257.53564160580765,2897.278419653073,13.399600373195849,2.669148542115087,0.005151199982705735,47607.569794444746,4.806213901785172,1.7378795717223494,8.593386471410676,3.19
9.66199999999997,2566.7517951748487,10.57320300559225,2040767.460659902,257.42912260563736,2897.3527332305644,13.33521024713209,2.670213633011052,0.005169119830429296,47493.03384970538,4.747025881934773,1.7298309046999567,8.588184365197318,3.19
9.70199999999997,2557.79672692013,10.564574232630376,2034466.4579834351,257.32165231083155,2897.4307523274942,13.270995548685892,2.671286477749162,0.00518700675616404,47377.72073491118,4.688003732495575,1.7216042312172903,8.582991816190317,3.19
9.741999999999969,2548.776021864396,10.555786531852148,2028122.8143208467,257.2132091512061,2897.5125428652045,13.206957587224416,2.6723674161258,0.0052048605628818995,47261.61181507304,4.629148705637776,1.7131946485827843,8.57780888158664,3.19
9.781999999999968,2539.6881879772277,10.546836805740533,2021735.592890382,257.1037707385841,2897.5981677905716,13.143097699924615,2.673456799826653,0.005222681048331645,47144.68748096211,4.570462079825084,1.7045970740950034,8.57263562009953,3.19
9.821999999999967,2530.53167607783,10.537721832096496,2015303.8211958345,256.9933138213243,2897.6876926778905,13.079417252645163,2.6745549929905716,0.00524046800485928,47026.927378626264,4.511945160634518,1.695806237121722,8.567472092010645,3.19
9.861999999999966,2521.3048768722456,10.52843826910371,2008826.4890046301,256.8818142357383,2897.7811854479737,13.015917641001613,2.6756623728081848,0.005258221219195451,46908.31035779406,4.453599281769838,1.686816670821703,8.562318359231774,3.19
9.901999999999965,2512.0061169327196,10.518982651783093,2002302.5461716056,256.76924685384057,2897.87871636927,12.952600291511008,2.676779330161267,0.005275940472229043,46788.81441479929,4.395425806140442,1.6776227034759699,8.557174485370565,3.19
9.941999999999965,2502.6336551268223,10.509351383353902,1995730.9002910308,256.6555855270371,2897.9803582527807,12.889466662789347,2.677906270307038,0.005293625538769076,46668.416647020385,4.337426126989715,1.6682184494097918,8.552040535799632,3.19
9.981999999999964,2493.1856784720444,10.49954072850872,1989110.414161613,256.5408030253851,2898.086186561259,12.826518246823136,2.6790436136113107,0.005311276187291458,46547.09319681658,4.279601669093047,1.6585977994923424,8.546916577730089,3.19
10.021999999999963,2483.660297737,10.489546805316884,1982439.9030448732,256.42487097196863,2898.1962795593404,12.763756570314492,2.680191796335327,0.0053288921796702735,46424.819193010284,4.2219538900249365,1.6487544111982797,8.541802680289555,3.19
10.061999999999962,2474.055542653199,10.479365576743445,1975718.1316957034,256.3077597718937,2898.3107184653054,12.701183196107593,2.6813512714815144,0.00534647327089205,46301.56868689511,4.1644842815025065,1.6386816982174761,8.536698914605086,3.19
10.101999999999961,2464.3693567244795,10.468992841436782,1968943.8111411291,256.18943853534364,2898.4295876164315,12.638799724702668,2.682522509704104,0.00536401920875162,46177.31458292447,4.107194370811184,1.628372819600012,8.531605353891484,3.19
10.14199999999996,2454.599591583759,10.45842422378938,1962115.595180173,256.06987499406233,2898.5529746462257,12.5766077958649,2.6837060002912896,0.005381529733527961,46052.02856332219,4.05008572231951,1.6178206684253817,8.52652207354539,3.19
10.18199999999996,2444.744907224734,10.447655163178254,1955232.07657437,255.94903541055467,2898.671147790058,12.514609090336336,2.684902252226424,0.005399004577638236,45925.55946110693,3.993159939090615,1.6070178599870597,8.52144915124572,3.19
10.221999999999959,2434.7999832497653,10.436690671046977,1948291.782894356,255.82688447919887,2898.7900777317677,12.45280533165976,2.6861117953367697,0.005416443465268061,45797.9105812794,3.936418664598764,1.5959567194867148,8.516386667060997,3.19
10.261999999999958,2424.764690379501,10.425510201680158,1941293.1653232179,255.703385100677,2898.913888199935,12.391198232815192,2.687335182801342,0.005433846120152552,45669.14507464982,3.87986353162467,1.5846292585290553,8.511334701190522,3.19
10.301999999999957,2414.6361804408734,10.414114803931142,1934234.6074290813,255.57849850584955,2899.042446749859,12.329789614313015,2.688572989911292,0.005451212248016066,45539.218449147535,3.823496275250919,1.5730271834325114,8.506293339062095,3.19
10.341999999999956,2404.411706918061,10.402498767590297,1927114.4120481366,255.45218399192237,2899.175865519126,12.268581340721704,2.689825816990293,0.005468541545813773,45408.09465282033,3.7673186720725087,1.561141869607811,8.501262668649195,3.19
10.381999999999955,2394.0884478487424,10.390656213505109,1919930.7957807423,255.32439878905274,2899.314259785117,12.207575327148856,2.691094290914476,0.005485833700637213,45275.73657574038,3.7113325463601523,1.548964348053567,8.496242780788704,3.19
10.421999999999954,2383.6633917931968,10.378581291015117,1912681.8825995321,255.19509790788405,2899.4577376985712,12.146773543356911,2.692379066836527,0.005503088388955978,45142.1042358415,3.6555397739558755,1.5364852909999795,8.491233769401035,3.19
10.461999999999954,2373.133723000859,10.366267716872759,1905365.6964769384,255.0642339658501,2899.606549091525,12.08617801559832,2.6936808301366217,0.005520305276184131,45007.084892554114,3.5999422839823105,1.5236949966633822,8.48623573161601,3.19
10.501999999999953,2362.4985289733086,10.353703192949922,1897980.1534001788,254.9317569982944,2899.761480335719,12.025790829909802,2.695000298534856,0.005537484016015412,44870.43258967964,3.54454206194396,1.5105833739146268,8.481248767965841,3.19
10.541999999999952,2351.756542675096,10.340867986587563,1890523.0566854926,254.79761432439673,2899.92268634885,11.965614167244713,2.6963382236132922,0.0055546242449926566,44732.45491149513,3.4893411832830923,1.4971399341344516,8.476272983961621,3.19
10.581999999999951,2340.8966206044133,10.32779387880345,1882992.0947577201,254.66175045376897,2900.088699459694,11.905650362063191,2.6976953918952087,0.005571725573524603,44592.959116075566,3.4343418693620453,1.4833537898435991,8.471308492701146,3.19
10.62199999999995,2329.918124823973,10.314444096845989,1875384.7956755618,254.52410620593233,2900.2607955593894,11.845901645228095,2.699072634371528,0.0055887876240478295,44451.968133198476,3.379546241437568,1.4692135769942702,8.466355403790526,3.19
10.66199999999995,2318.8157358621775,10.3008218842185,1867698.547416544,254.38461900730155,2900.4386876017907,11.786370396749952,2.7004708233866364,0.0056058099930508,44309.39899461307,3.324956562381356,1.4547074969759062,8.461413834368596,3.19
10.701999999999948,2307.5853433648667,10.286915025804227,1859930.570898204,254.24322232959577,2900.622673604195,11.727059049908132,2.701890878731502,0.005622792265122485,44165.20077652493,3.270575144879553,1.4398232774513273,8.456483905028579,3.19
10.741999999999948,2296.22237049287,10.272715587959345,1852077.9090110676,254.09984540828137,2900.809746474741,11.667970129053522,2.703333770722688,0.005639734006989287,44019.270422839545,3.216404387504343,1.424548165620197,8.45156574154918,3.19
10.781999999999947,2284.7220407019213,10.25821659470691,1844137.4079665693,253.95441281193004,2900.989004431774,11.609106244922,2.7048005248727414,0.005656634767877092,43871.39877610615,3.162446770132517,1.408868911903707,8.446659474789483,3.19
10.821999999999946,2273.07572935531,10.2434153698157,1836105.6958411236,253.80684394859338,2901.1741585152295,11.55047008725057,2.7062922272269705,0.005673494080251727,43721.643175402976,3.1087048467765785,1.3927717535877697,8.441765240473991,3.19
10.861999999999945,2261.281637680071,10.228279296474364,1827979.1554016874,253.65705245339478,2901.366287556589,11.492064397934673,2.70781003096823,0.005690311463466856,43570.00356244579,3.0551812198010224,1.3762423936632737,8.43688317813365,3.19
10.901999999999944,2249.3317047336195,10.212813282839939,1819753.9201236258,253.50494598944985,2901.5649470561243,11.433892121483847,2.7093551585285147,0.005707086400598334,43416.35486016061,3.001878683653048,1.3592660346137284,8.432013437830799,3.19
10.941999999999943,2330.5490736158235,10.01855057749485,1850841.7932060908,254.0772355330364,2910.8520138713566,11.375844640937714,2.7105417458808616,0.005724202908027579,44750.95220761756,2.948800100779609,1.3403518637182121,8.427044540158105,3.19
10.981999999999942,2286.053581231791,10.387568724591892,1850841.7932060908,254.0772355330364,2896.416992559744,11.317843113535563,2.716765926484807,0.005741017886739734,43763.67796846504,2.8956799376940205,1.3403518637182121,8.422163175841543,3.19
11.021999999999942,2302.437063961293,10.23138498025929,1850841.7932060908,254.0772355330364,2902.461407808666,11.25882172684516,2.7231724373616832,0.005757980544655973,44147.16386070148,2.8415827863823093,1.3403518637182121,8.41723894046285,3.19
11.06199999999994,2296.912410772442,10.293130928452895,1850841.7932060908,254.0772355330364,2900.101735749863,11.200172883337709,2.7296032301350728,0.005774881248584031,44009.0483399921,2.7878401930992194,1.3403518637182121,8.41233269023849,3.19
11.10199999999994,2298.3033017524854,10.281621686698,1850841.7932060908,254.0772355330364,2900.553047891002,11.14140287253366,2.7361163160315707,0.005791794183280907,44039.87417165364,2.733979983094263,1.3403518637182121,8.407422889439397,3.19
11.141999999999939,2297.636878660235,10.292658775348414,1850841.7932060908,254.0772355330364,2900.139824165331,11.082666562953802,2.7426947487330278,0.00580869607959314,44019.70766986851,2.6801502698861914,1.3403518637182121,8.402516293067611,3.19
11.181999999999938,2297.5575377979185,10.297113128586666,1850841.7932060908,254.0772355330364,2899.9785915881566,11.02391805735426,2.749345042478987,0.005825593838995594,44014.23847343168,2.626307159719435,1.3403518637182121,8.397610897634825,3.19
11.221999999999937,2297.3153550767056,10.303423227625016,1850841.7932060908,254.0772355330364,2899.7463843671576,10.965170416073653,2.7560667839441995,0.005842485507803285,44004.6643401069,2.572463145780645,1.3403518637182121,8.392707270293007,3.19
11.261999999999937,2297.1175645721837,10.309221724822587,1850841.7932060908,254.0772355330364,2899.5337322936966,10.906420020227781,2.7628615709911197,0.005859371636642341,43996.215396529406,2.518614769031606,1.3403518637182121,8.387805251196175,3.19
11.301999999999936,2296.9080366103994,10.315157433848155,1850841.7932060908,254.0772355330364,2899.315844210482,10.847667851873483,2.7697304731516814,0.005876252085580605,43987.46773173175,2.4647629709070493,1.3403518637182121,8.382904880966434,3.19
11.341999999999935,2296.7017303118387,10.321055753466924,1850841.7932060908,254.0772355330364,2899.0993871717824,10.788913648660989,2.7766747372161533,0.005893126901368354,43978.80244430923,2.41090750262874,1.3403518637182121,8.378006146032249,3.19
11.381999999999934,2296.49471324642,10.326962971075016,1850841.7932060908,254.0772355330364,2898.8825947353516,10.730157479503141,2.7836955959712033,0.005909996081058783,43970.11898025229,2.357048432254074,1.3403518637182121,8.373109047249068,3.19
11.421999999999933,2296.288006069997,10.332866980600448,1850841.7932060908,254.0772355330364,2898.665928654035,10.671399326327434,2.7907943204255723,0.005926859634729079,43961.443525343944,2.303185744635933,1.3403518637182121,8.368213581691501,3.19
11.461999999999932,2296.0813465224246,10.338770915101534,1850841.7932060908,254.0772355330364,2898.449269480679,10.612639193623284,2.7979722069444057,0.005943717569058865,43952.76932915182,2.249319446202824,1.3403518637182121,8.36331974742046,3.19
11.501999999999931,2295.874800865699,10.344673977338974,1850841.7932060908,254.0772355330364,2898.2326475917375,10.553877080094324,2.805230581599863,0.005960569891578082,43944.098101931966,2.195449537844307,1.3403518637182121,8.358427542250018,3.19
11.54199999999993,2295.668352160994,10.3505763724016,1850841.7932060908,254.0772355330364,2898.0160551727286,10.49511298591103,2.8125708000633236,0.005977416609580659,43935.429404605966,2.1415760218482736,1.3403518637182121,8.353536964062757,3.19
11.58199999999993,2295.462004311831,10.356478052542052,1850841.7932060908,254.0772355330364,2897.7994940383214,10.436346910875518,2.8199942486821974,0.005994257730399363,43926.7633381794,2.0876989001455355,1.3403518637182121,8.348648010729983,3.19
11.621999999999929,2295.25575605951,10.362379033082359,1850841.7932060908,254.0772355330364,2897.5829636023705,10.377578854880863,2.827502345290148,0.0060110932613371,43918.09986946792,2.0338181747491872,1.3403518637182121,8.343760680131675,3.19
11.661999999999928,2295.049607410335,10.368279313778883,1850841.7932060908,254.0772355330364,2897.366463870989,10.318808817797409,2.835096540121659,0.006027923209683973,43909.43899827781,1.9799338476458812,1.3403518637182121,8.338874970151528,3.19
11.701999999999927,2294.8442556234763,10.374178898175357,1850841.7932060908,254.0772355330364,2897.1502976767447,10.260036799500584,2.842778316739002,0.006044747582713175,43900.619258363324,1.9260459208224467,1.3403518637182121,8.333990878678138,3.19
11.741999999999926,2294.6420991109762,10.380064420988436,1850841.7932060908,254.0772355330364,2896.9347494305744,10.201262799864189,2.850549192996067,0.006061566387682046,43891.8463859776,1.8721543962594744,1.3403518637182121,8.329108403604714,3.19
11.781999999999925,2294.4387993944933,10.38596111234605,1850841.7932060908,254.0772355330364,2896.7187728106296,10.142486891313315,2.8584107117488218,0.006078379621005471,43883.04670937092,1.8182593453413027,1.3403518637182121,8.324227545972011,3.19
11.821999999999925,2294.236006593466,10.391852823501642,1850841.7932060908,254.0772355330364,2896.5029911961165,10.08370904559157,2.8663644661398617,0.006095187294116835,43874.259684987665,1.7643607431306385,1.3403518637182121,8.319348302460932,3.19
11.861999999999924,2294.033188328861,10.397745196248449,1850841.7932060908,254.0772355330364,2896.2871880898865,10.024929271748965,2.8744120814610676,0.00611198941286452,43865.47214821212,1.7104586003752662,1.3403518637182121,8.314470671373698,3.19
11.901999999999923,2293.8305031130976,10.403636479287991,1850841.7932060908,254.0772355330364,2896.071430493767,9.966147566903581,2.8825552231784255,0.006128785984861531,43856.68808976228,1.6565529164033113,1.3403518637182121,8.30959465050027,3.19
11.941999999999922,2293.627905512511,10.409527187988783,1850841.7932060908,254.0772355330364,2895.8556987229235,9.907363931716288,2.890795595879201,0.006145577017176523,43847.90635171779,1.602643693927666,1.3403518637182121,8.304720237788622,3.19
11.981999999999921,2293.4254077646765,10.415417181111122,1850841.7932060908,254.0772355330364,2895.6399981622267,9.84857836584181,2.899134945111043,0.006162362517012364,43839.12724772148,1.5487309346940352,1.3403518637182121,8.299847431147775,3.19
12.02199999999992,2293.223006275194,10.421306500764958,1850841.7932060908,254.0772355330364,2895.4243272042672,9.789790869211483,2.90757505842458,0.006179142491514917,43830.35068435758,1.4948146407081926,1.3403518637182121,8.294976228503291,3.19
12.06199999999992,2293.0207017019566,10.427195139172383,1850841.7932060908,254.0772355330364,2895.2086861425246,9.731001441681808,2.9161177666985183,0.006195916947825478,43821.57667818202,1.4408948138997404,1.3403518637182121,8.290106627782068,3.19
12.101999999999919,2292.818493581778,10.433083101850254,1850841.7932060908,254.0772355330364,2894.9930747642866,9.672210083128665,2.9247649454457205,0.006212685893066782,43812.80521661958,1.3869714562122808,1.3403518637182121,8.285238626916383,3.19
12.141999999999918,2292.6163817436955,10.438970390820844,1850841.7932060908,254.0772355330364,2894.777492989831,9.61341679342249,2.9335185161855657,0.00622944933434675,43804.036294719546,1.3330445695796735,1.3403518637182121,8.280372223842816,3.19
12.181999999999917,2292.4143659425854,10.444857009002815,1850841.7932060908,254.0772355330364,2894.5619407053628,9.554621572434732,2.9423804478622806,0.006246207278757578,43795.26990558959,1.2791141559322186,1.3403518637182121,8.275507416502514,3.19
12.221999999999916,2292.212445952933,10.4507429590786,1850841.7932060908,254.0772355330364,2894.3464178060804,9.49582442003619,2.9513527583173684,0.006262959733376033,43786.50604285249,1.225180217195088,1.3403518637182121,8.270644202841101,3.19
12.261999999999915,2292.0106215451096,10.45662824378299,1850841.7932060908,254.0772355330364,2894.13092418521,9.437025336097426,2.9604375158169014,0.0062797067052634365,43777.7447000227,1.1712427552887417,1.3403518637182121,8.265782580808684,3.19
12.301999999999914,2291.8088924913122,10.462512865830458,1850841.7932060908,254.0772355330364,2893.9154597367638,9.378224320488679,2.9696368406365057,0.006296448201465731,43768.985870662604,1.1173017721288392,1.3403518637182121,8.26092254835984,3.19
12.341999999999913,2291.607258564073,10.468396827933322,1850841.7932060908,254.0772355330364,2893.7000243548514,9.319421373079871,2.9789529067064877,0.006313184229013519,43760.229548343756,1.06335726962628,1.3403518637182121,8.25606410345359,3.19
12.381999999999913,2291.405719536636,10.474280132797256,1850841.7932060908,254.0772355330364,2893.4846179338515,9.260616493740612,2.988387943319809,0.0063299147949221184,43751.47572665625,1.00940924968721,1.3403518637182121,8.251207244053402,3.19
12.421999999999912,2291.2042751828517,10.48016278312245,1850841.7932060908,254.0772355330364,2893.2692403683654,9.2018096823402,2.997944236905718,0.006346639906191604,43742.724399206374,0.9554577142130366,1.3403518637182121,8.246351968127163,3.19
12.461999999999911,2291.0029252772183,10.48604478160331,1850841.7932060908,254.0772355330364,2893.0538915532297,9.143000938747614,3.0076241328720124,0.006363359569806856,43733.97555961717,0.9015026651004424,1.3403518637182121,8.24149827364717,3.19
12.50199999999991,2290.8016695948427,10.491926130928606,1850841.7932060908,254.0772355330364,2892.83857138351,9.08419026283152,3.0174300375190417,0.00638007379273761,43725.22920152808,0.8475441042413986,1.3403518637182121,8.236646158590121,3.19
12.54199999999991,2290.600507911465,10.49780683378138,1850841.7932060908,254.0772355330364,2892.6232797545063,9.02537765446027,3.0273644200287335,0.0063967825819385,43716.48531859518,0.7935820335231782,1.3403518637182121,8.231795620937092,3.19
12.581999999999908,2290.3994400034503,10.503686892839106,1850841.7932060908,254.0772355330364,2892.4080165617424,8.966563113501909,3.0374298145320977,0.0064134859443491085,43707.74390449076,0.7396164548283701,1.3403518637182121,8.226946658673539,3.19
12.621999999999908,2290.1984656477707,10.509566310773591,1850841.7932060908,254.0772355330364,2892.192781700975,8.907746639824152,3.0476288222588486,0.0064301838868940095,43699.00495290356,0.6856473700348915,1.3403518637182121,8.222099269789261,3.19
12.661999999999907,2289.9975846220336,10.515445090251012,1850841.7932060908,254.0772355330364,2891.9775750681897,8.848928233294414,3.0579641137729654,0.0064468764164828185,43690.26845753867,0.6316747810160018,1.3403518637182121,8.217253452278412,3.19
12.701999999999906,2289.796796704436,10.521323233932021,1850841.7932060908,254.0772355330364,2891.762396559594,8.79010789377978,3.0684384312982345,0.006463563540010236,43681.53441211724,0.5776986896403158,1.3403518637182121,8.212409204139464,3.19
12.741999999999905,2289.5961016738124,10.527200744471669,1850841.7932060908,254.0772355330364,2891.547246071627,8.731285621147036,3.079054591138027,0.0064802452643560925,43672.80281037669,0.5237190977718167,1.3403518637182121,8.207566523375219,3.19
12.781999999999904,2289.395499309589,10.533077624519443,1850841.7932060908,254.0772355330364,2891.3321235009507,8.672461415262639,3.0898154861937948,0.006496921596385399,43664.07364607057,0.4697360072698693,1.3403518637182121,8.20272540799277,3.19
12.821999999999903,2289.1949893918136,10.538953876719328,1850841.7932060908,254.0772355330364,2891.117028744453,8.613635275992737,3.1007240885870115,0.006513592542948387,43655.3469129684,0.4157494199892333,1.3403518637182121,8.197885856003504,3.19
12.861999999999902,2288.9945717011246,10.544829503709805,1850841.7932060908,254.0772355330364,2890.901961699244,8.554807203203163,3.1117834523895627,0.006530258110880558,43646.62260485573,0.36175933778007613,1.3403518637182121,8.193047865423086,3.19
12.901999999999902,2288.794246018775,10.550704508123838,1850841.7932060908,254.0772355330364,2890.68692226266,8.495977196759432,3.1229967164678394,0.006546918307002727,43637.90071553401,0.30776576248798587,1.3403518637182121,8.188211434271446,3.19
12.9419999999999,2288.5940121266126,10.556578892588934,1850841.7932060908,254.0772355330364,2890.4719103322577,8.437145256526744,3.134367107446106,0.006563573138121065,43629.1812388206,0.2537686959539844,1.3403518637182121,8.183376560572759,3.19
12.9819999999999,2288.3938698070847,10.56245265972716,1850841.7932060908,254.0772355330364,2890.2569258058147,8.378311382369978,3.1458979427950253,0.006580222611027152,43620.464168548635,0.1997681400145401,1.3403518637182121,8.178543242355438,3.19
13.021999999999899,2288.1938188432355,10.56832581215511,1850841.7932060908,254.0772355330364,2890.041968581333,8.319475574153708,3.1575926340515306,0.00659686673249801,43611.749498567064,0.14576409650158087,1.3403518637182121,8.173711477652127,3.19
13.061999999999898,2287.9938590186985,10.574198352484009,1850841.7932060908,254.0772355330364,2889.82703855703,8.26063783174218,3.1694546901766394,0.006613505509296158,43603.03722274044,0.0917565672425068,1.3403518637182121,8.168881264499673,3.19
13.101999999999897,2287.7939901177083,10.580070283319674,1850841.7932060908,254.0772355330364,2889.6121356313456,8.201798154999329,3.181487721058117,0.006630138948169649,43594.327334949,0.03774555406020293,1.3403518637182121,8.164052600939126,3.19
13.141999999999896,2287.594211925081,10.585941607262502,1850841.7932060908,254.0772355330364,2889.3972597029388,8.142956543788772,3.193695441165366,0.006646767055852121,43585.61982908863,-0.016268941226948178,1.3403518637182121,8.159225485015721,3.19
