time,thrust
0,0
0.01,3923.882373
0.02,4322.011921
0.03,5071.428104
0.04,5524.284376
0.05,5833.265363
0.06,6079.32717
0.07,6250.751144
0.08,6384.428254
0.09,6490.673064
0.1,6576.283102
0.11,6645.94599
0.12,6703.036006
0.13,6774.19655
0.14,6813.144929
0.15,6845.355603
0.16,6802.666873
0.17,6830.213475
0.18,6853.150443
0.19,6872.226215
0.2,6833.596388
0.21,6864.58061
0.22,6831.546382
0.23,6796.093974
0.24,6765.21943
0.25,6732.083346
0.26,6703.276324
0.27,6672.341786
0.28,6645.50627
0.29,6616.658379
0.3,6591.736328
0.31,6564.861082
0.32,6538.945359
0.33,6543.937431
0.34,6519.553615
0.35,6498.700769
0.36,6476.026989
0.37,6454.183122
0.38,6435.662932
0.39,6415.3729
0.4,6395.836337
0.41,6377.028539
0.42,6361.322481
0.43,6343.873449
0.44,6327.083098
0.45,6310.928913
0.46,6297.675791
0.47,6282.702771
0.48,6268.302545
0.49,6254.454858
0.5,6243.32731
0.51,6230.501101
0.52,6244.675361
0.53,6232.558496
0.54,6220.910607
0.55,6209.714495
0.56,6201.015115
0.57,6190.649067
0.58,6180.68711
0.59,6171.114076
0.6,6161.915287
0.61,6153.076549
0.62,6144.584142
0.63,6136.424807
0.64,6130.553913
0.65,6122.99956
0.66,6115.742009
0.67,6108.769718
0.68,6102.071552
0.69,6095.636771
0.7,6089.455023
0.71,6083.516328
0.72,6077.811072
0.73,6072.329995
0.74,6067.064176
0.75,6062.005029
0.76,6059.02459
0.77,6054.331844
0.78,6049.822756
0.79,6045.48993
0.8,6041.326256
0.81,6037.324892
0.82,6033.479262
0.83,6029.783045
0.84,6026.230162
0.85,6022.814788
0.86,6019.531285
0.87,6016.374275
0.88,6013.33858
0.89,6010.419226
0.9,6007.611436
0.91,6004.910624
0.92,6002.312386
0.93,5999.812494
0.94,5997.40689
0.95,5995.091679
0.96,5992.863123
0.97,5990.717634
0.98,5988.65177
0.99,5986.662228
1,5984.745839
1.01,5982.899564
1.02,5981.120487
1.03,5981.201783
1.04,5979.527096
1.05,5977.912441
1.06,5976.355316
1.07,5974.853321
1.08,5973.404154
1.09,5972.005622
1.1,5970.65558
1.11,5969.352015
1.12,5968.092979
1.13,5966.87661
1.14,5965.701118
1.15,5964.564791
1.16,5963.465984
1.17,5962.403125
1.18,5961.374703
1.19,5960.379273
1.2,5959.415447
1.21,5958.481897
1.22,5957.577349
1.23,5956.700583
1.24,5955.85043
1.25,5955.025769
1.26,5954.225524
1.27,5953.448669
1.28,5952.694215
1.29,5951.961232
1.3,5951.248786
1.31,5950.556025
1.32,5949.882116
1.33,5949.226263
1.34,5948.587703
1.35,5947.965703
1.36,5947.359564
1.37,5946.768615
1.38,5946.192211
1.39,5945.629737
1.4,5945.080602
1.41,5944.544241
1.42,5944.020112
1.43,5943.507695
1.44,5943.006492
1.45,5942.516029
1.46,5942.035847
1.47,5941.565523
1.48,5941.104611
1.49,5940.652723
1.5,5940.209475
1.51,5939.774498
1.52,5939.347438
1.53,5938.927958
1.54,5960.500541
1.55,5959.854976
1.56,5959.226013
1.57,5958.61297
1.58,5958.015174
1.59,5957.431984
1.6,5956.862783
1.61,5956.306982
1.62,5955.764028
1.63,5955.233353
1.64,5954.71445
1.65,5954.206823
1.66,5953.709993
1.67,5953.223505
1.68,5952.746921
1.69,5952.27982
1.7,5951.821801
1.71,5951.372478
1.72,5950.931483
1.73,5950.498462
1.74,5950.073075
1.75,5949.654999
1.76,5949.243934
1.77,5948.839556
1.78,5948.441593
1.79,5948.049772
1.8,5947.663828
1.81,5947.283512
1.82,5946.908582
1.83,5946.538808
1.84,5946.173968
1.85,5945.81385
1.86,5945.458252
1.87,5945.106978
1.88,5944.759843
1.89,5944.416667
1.9,5944.077293
1.91,5943.74153
1.92,5943.409233
1.93,5943.080254
1.94,5942.754446
1.95,5942.431673
1.96,5942.1118
1.97,5941.794702
1.98,5941.480257
1.99,5941.168348
2,5940.858862
2.01,5940.551694
2.02,5940.246754
2.03,5939.943917
2.04,5939.643102
2.05,5939.344218
2.06,5939.04718
2.07,5938.751904
2.08,5938.45831
2.09,5938.166324
2.1,5937.875871
2.11,5937.586882
2.12,5937.299289
2.13,5937.013042
2.14,5936.728054
2.15,5936.444277
2.16,5936.161655
2.17,5935.880135
2.18,5935.599665
2.19,5935.320194
2.2,5935.041675
2.21,5934.764062
2.22,5934.487312
2.23,5934.211382
2.24,5933.936233
2.25,5933.661838
2.26,5933.388135
2.27,5933.115102
2.28,5932.842704
2.29,5932.570908
2.3,5932.299685
2.31,5932.029003
2.32,5931.758835
2.33,5931.489152
2.34,5931.219929
2.35,5930.951153
2.36,5930.682774
2.37,5930.414782
2.38,5930.147154
2.39,5929.87987
2.4,5929.612909
2.41,5929.346251
2.42,5929.079877
2.43,5928.813771
2.44,5928.547913
2.45,5928.282302
2.46,5928.016894
2.47,5927.751689
2.48,5927.48667
2.49,5927.221825
2.5,5926.95714
2.51,5926.692602
2.52,5926.428199
2.53,5926.163919
2.54,5925.89975
2.55,5925.635695
2.56,5925.371718
2.57,5925.107821
2.58,5924.843996
2.59,5924.580232
2.6,5924.316521
2.61,5924.052854
2.62,5923.789224
2.63,5923.525623
2.64,5923.262056
2.65,5922.99849
2.66,5922.734931
2.67,5922.471374
2.68,5922.20781
2.69,5921.944235
2.7,5921.680643
2.71,5921.417028
2.72,5921.153385
2.73,5920.889721
2.74,5920.626006
2.75,5920.362248
2.76,5920.098443
2.77,5919.834586
2.78,5919.570672
2.79,5919.306699
2.8,5919.042663
2.81,5918.778559
2.82,5918.514396
2.83,5918.250147
2.84,5917.98582
2.85,5917.721412
2.86,5917.456921
2.87,5917.192343
2.88,5916.927675
2.89,5916.662916
2.9,5916.398076
2.91,5916.133125
2.92,5915.868075
2.93,5915.602924
2.94,5915.337668
2.95,5915.072307
2.96,5914.806839
2.97,5914.54126
2.98,5914.275583
2.99,5914.00978
3,5913.743862
3.01,5913.477827
3.02,5913.211674
3.03,5912.945402
3.04,5912.679008
3.05,5912.412491
3.06,5912.145864
3.07,5911.879099
3.08,5911.612207
3.09,5911.345187
3.1,5911.078039
3.11,5910.81076
3.12,5910.543351
3.13,5910.27581
3.14,5910.008149
3.15,5909.74034
3.16,5909.472398
3.17,5909.204319
3.18,5908.936104
3.19,5908.667751
3.2,5908.39926
3.21,5908.13063
3.22,5907.861874
3.23,5907.592964
3.24,5907.323913
3.25,5907.05472
3.26,5906.785385
3.27,5906.515907
3.28,5906.246285
3.29,5905.976532
3.3,5905.706622
3.31,5905.436566
3.32,5905.166364
3.33,5904.896017
3.34,5904.625522
3.35,5904.35488
3.36,5904.084104
3.37,5903.813166
3.38,5903.54208
3.39,5903.270845
3.4,5902.99946
3.41,5902.727926
3.42,5902.456242
3.43,5902.184407
3.44,5901.912434
3.45,5901.640297
3.46,5901.368009
3.47,5901.095568
3.48,5900.822976
3.49,5900.550231
3.5,5900.277334
3.51,5900.004296
3.52,5899.731092
3.53,5899.457734
3.54,5899.184222
3.55,5898.910557
3.56,5898.636737
3.57,5898.362775
3.58,5898.088645
3.59,5897.81436
3.6,5897.53992
3.61,5897.265324
3.62,5896.990572
3.63,5896.715665
3.64,5896.440614
3.65,5896.165393
3.66,5895.890016
3.67,5895.614482
3.68,5895.338791
3.69,5895.062943
3.7,5894.786938
3.71,5894.510787
3.72,5894.234466
3.73,5893.957987
3.74,5893.681349
3.75,5893.404554
3.76,5893.1276
3.77,5892.850499
3.78,5892.573228
3.79,5892.295797
3.8,5892.018207
3.81,5891.740458
3.82,5891.462549
3.83,5891.184493
3.84,5890.906265
3.85,5890.627877
3.86,5890.349329
3.87,5890.07062
3.88,5889.791751
3.89,5889.512722
3.9,5889.233544
3.91,5888.954193
3.92,5888.674681
3.93,5888.395008
3.94,5888.115174
3.95,5887.835178
3.96,5887.555033
3.97,5887.274714
3.98,5886.994234
3.99,5886.713591
4,5886.432786
4.01,5886.151819
4.02,5885.870703
4.03,5885.589411
4.04,5885.307957
4.05,5885.02634
4.06,5884.74456
4.07,5884.462617
4.08,5884.180524
4.09,5883.898255
4.1,5883.615823
4.11,5883.333227
4.12,5883.050468
4.13,5882.767544
4.14,5882.48447
4.15,5882.201219
4.16,5881.917804
4.17,5881.634225
4.18,5881.350482
4.19,5881.066587
4.2,5880.782514
4.21,5880.498277
4.22,5880.213875
4.23,5879.929308
4.24,5879.644577
4.25,5879.359692
4.26,5879.07463
4.27,5878.789403
4.28,5878.504009
4.29,5878.218451
4.3,5877.932726
4.31,5877.646849
4.32,5877.360792
4.33,5877.07457
4.34,5876.788182
4.35,5876.501627
4.36,5876.214918
4.37,5875.92803
4.38,5875.640976
4.39,5875.353754
4.4,5875.066366
4.41,5874.778811
4.42,5874.491101
4.43,5874.203212
4.44,5873.915155
4.45,5873.626931
4.46,5873.338539
4.47,5873.049992
4.48,5872.761264
4.49,5872.472369
4.5,5872.183305
4.51,5871.894074
4.52,5871.604674
4.53,5871.315118
4.54,5871.025381
4.55,5870.735476
4.56,5870.445402
4.57,5870.155159
4.58,5869.864759
4.59,5869.574178
4.6,5869.283428
4.61,5868.992508
4.62,5868.701419
4.63,5868.410173
4.64,5868.118745
4.65,5867.827147
4.66,5867.535379
4.67,5867.243441
4.68,5866.951346
4.69,5866.659068
4.7,5866.366619
4.71,5866.074
4.72,5865.78121
4.73,5865.488263
4.74,5865.195131
4.75,5864.901829
4.76,5864.608356
4.77,5864.314712
4.78,5864.020909
4.79,5863.726922
4.8,5863.432764
4.81,5863.138434
4.82,5861.207352
4.83,5860.933199
4.84,5860.658043
4.85,5860.381927
4.86,5860.104884
4.87,5859.826943
4.88,5859.548147
4.89,5859.268497
4.9,5858.988034
4.91,5858.706783
4.92,5858.424768
4.93,5858.142026
4.94,5857.858554
4.95,5857.574387
4.96,5857.289545
4.97,5857.004049
4.98,5856.71793
4.99,5856.431181
5,5856.143833
5.01,5855.855903
5.02,5855.567407
5.03,5855.278373
5.04,5854.988791
5.05,5854.698689
5.06,5854.408079
5.07,5854.116975
5.08,5853.825402
5.09,5853.533348
5.1,5853.240836
5.11,5852.947878
5.12,5852.654497
5.13,5852.360678
5.14,5852.066445
5.15,5851.771805
5.16,5851.476769
5.17,5851.181357
5.18,5850.885554
5.19,5850.589379
5.2,5850.29284
5.21,5849.995945
5.22,5849.698713
5.23,5849.401126
5.24,5849.103203
5.25,5848.80495
5.26,5848.506386
5.27,5848.207492
5.28,5847.908285
5.29,5847.608772
5.3,5847.308956
5.31,5847.008855
5.32,5846.70845
5.33,5846.407756
5.34,5846.106779
5.35,5845.805534
5.36,5845.504002
5.37,5845.202197
5.38,5844.900125
5.39,5844.597787
5.4,5844.295201
5.41,5843.992343
5.42,5843.689231
5.43,5843.385866
5.44,5843.082264
5.45,5842.778403
5.46,5842.474298
5.47,5842.169951
5.48,5841.865365
5.49,5841.560554
5.5,5841.255495
5.51,5840.950204
5.52,5840.644682
5.53,5840.338943
5.54,5840.032965
5.55,5839.726761
5.56,5839.420334
5.57,5839.113697
5.58,5838.806827
5.59,5838.499738
5.6,5838.192431
5.61,5837.884908
5.62,5837.577182
5.63,5837.26923
5.64,5836.961065
5.65,5836.652689
5.66,5836.344114
5.67,5836.035318
5.68,5835.726313
5.69,5835.417101
5.7,5835.107694
5.71,5834.798069
5.72,5834.488239
5.73,5834.178205
5.74,5833.867979
5.75,5833.557538
5.76,5833.246896
5.77,5832.936052
5.78,5832.625006
5.79,5832.313773
5.8,5832.002328
5.81,5831.690684
5.82,5831.378841
5.83,5831.066811
5.84,5830.754572
5.85,5830.442135
5.86,5830.129502
5.87,5829.816684
5.88,5829.503657
5.89,5829.190435
5.9,5828.877016
5.91,5828.563415
5.92,5828.249607
5.93,5827.935604
5.94,5827.621406
5.95,5827.307027
5.96,5826.992441
5.97,5826.677661
5.98,5826.362688
5.99,5826.047534
6,5825.732174
6.01,5825.416621
6.02,5825.100875
6.03,5824.784949
6.04,5824.468817
6.05,5824.152493
6.06,5823.835977
6.07,5823.519281
6.08,5823.20238
6.09,5822.885287
6.1,5822.568001
6.11,5822.250536
6.12,5821.932867
6.13,5821.615006
6.14,5821.296953
6.15,5820.97872
6.16,5820.660283
6.17,5820.341655
6.18,5820.022835
6.19,5819.703835
6.2,5819.384631
6.21,5819.065235
6.22,5818.745647
6.23,5818.42588
6.24,5818.105909
6.25,5817.785746
6.26,5817.465391
6.27,5817.144857
6.28,5816.824118
6.29,5816.503187
6.3,5816.182077
6.31,5815.860762
6.32,5815.539255
6.33,5815.217556
6.34,5814.895677
6.35,5814.573594
6.36,5814.251318
6.37,5813.92885
6.38,5813.606201
6.39,5813.283348
6.4,5812.960303
6.41,5812.637064
6.42,5812.313645
6.43,5811.990021
6.44,5811.666204
6.45,5811.342206
6.46,5811.018003
6.47,5810.693607
6.48,5810.369018
6.49,5810.044247
6.5,5809.719271
6.51,5809.394101
6.52,5809.068738
6.53,5808.743193
6.54,5808.417442
6.55,5808.091497
6.56,5807.76537
6.57,5807.439037
6.58,5807.11251
6.59,5806.785788
6.6,5806.458884
6.61,5806.131774
6.62,5805.804469
6.63,5805.476969
6.64,5805.149286
6.65,5804.821396
6.66,5804.493311
6.67,5804.165043
6.68,5803.836567
6.69,5803.507896
6.7,5803.179029
6.71,5802.849979
6.72,5802.520721
6.73,5802.191267
6.74,5801.861617
6.75,5801.531782
6.76,5801.20174
6.77,5800.871501
6.78,5800.541077
6.79,5800.210445
6.8,5799.879616
6.81,5799.548591
6.82,5799.21738
6.83,5798.88596
6.84,5798.554342
6.85,5798.222539
6.86,5797.890527
6.87,5797.558317
6.88,5797.22591
6.89,5796.893316
6.9,5796.560512
6.91,5796.22751
6.92,5795.894322
6.93,5795.560924
6.94,5795.227327
6.95,5794.893531
6.96,5794.559548
6.97,5794.225354
6.98,5793.890962
6.99,5793.556382
7,5793.22159
7.01,5792.8866
7.02,5792.551421
7.03,5792.216031
7.04,5791.880441
7.05,5791.544651
7.06,5791.208672
7.07,5790.872482
7.08,5790.536091
7.09,5790.199511
7.1,5789.862719
7.11,5789.525726
7.12,5789.188532
7.13,5788.851149
7.14,5804.598109
7.15,5804.054781
7.16,5803.519219
7.17,5802.991111
7.18,5802.470168
7.19,5801.956114
7.2,5801.448649
7.21,5800.94752
7.22,5800.452472
7.23,5799.96327
7.24,5799.479657
7.25,5799.001417
7.26,5798.528345
7.27,5798.060208
7.28,5797.596817
7.29,5797.137991
7.3,5796.68352
7.31,5796.233238
7.32,5795.786974
7.33,5795.344574
7.34,5794.905857
7.35,5794.470683
7.36,5794.038917
7.37,5793.610395
7.38,5793.184993
7.39,5792.762595
7.4,5792.343052
7.41,5791.926255
7.42,5791.512102
7.43,5791.100458
7.44,5790.691228
7.45,5790.284311
7.46,5789.879619
7.47,5789.477036
7.48,5789.076482
7.49,5788.677882
7.5,5788.281127
7.51,5787.886151
7.52,5787.492886
7.53,5787.101236
7.54,5786.71114
7.55,5786.322541
7.56,5785.93535
7.57,5785.549516
7.58,5785.164988
7.59,5784.781685
7.6,5784.399563
7.61,5784.018567
7.62,5783.638656
7.63,5783.259758
7.64,5782.881836
7.65,5782.504855
7.66,5782.128749
7.67,5781.753484
7.68,5781.379034
7.69,5781.005333
7.7,5780.632358
7.71,5780.260081
7.72,5779.888446
7.73,5779.517431
7.74,5779.147014
7.75,5778.777141
7.76,5778.407794
7.77,5778.038955
7.78,5777.670575
7.79,5777.302638
7.8,5776.935129
7.81,5776.568002
7.82,5776.201245
7.83,5775.834845
7.84,5775.468759
7.85,5775.102977
7.86,5774.73749
7.87,5774.372256
7.88,5774.007268
7.89,5773.642507
7.9,5773.277969
7.91,5772.913613
7.92,5772.549436
7.93,5772.185433
7.94,5771.821566
7.95,5771.457834
7.96,5771.094234
7.97,5770.730729
7.98,5770.367319
7.99,5770.004003
8,5769.640747
8.01,5769.277551
8.02,5768.914415
8.03,5768.551307
8.04,5768.188227
8.05,5767.825178
8.06,5767.462128
8.07,5767.099079
8.08,5766.736034
8.09,5766.372962
8.1,5766.009867
8.11,5765.646752
8.12,5765.283587
8.13,5764.920377
8.14,5764.557127
8.15,5764.193807
8.16,5763.830422
8.17,5763.466978
8.18,5763.103445
8.19,5762.739843
8.2,5762.376141
8.21,5762.012347
8.22,5761.648466
8.23,5761.284472
8.24,5760.920371
8.25,5760.55617
8.26,5760.191842
8.27,5759.827394
8.28,5759.462834
8.29,5759.098135
8.3,5758.733306
8.31,5758.368352
8.32,5758.00325
8.33,5757.638006
8.34,5757.27263
8.35,5756.907094
8.36,5756.541408
8.37,5756.175581
8.38,5755.809586
8.39,5755.443433
8.4,5755.07713
8.41,5754.710652
8.42,5754.344009
8.43,5753.977208
8.44,5753.610227
8.45,5753.243073
8.46,5752.875756
8.47,5752.508252
8.48,5752.140581
8.49,5751.772718
8.5,5751.404674
8.51,5751.036458
8.52,5750.668046
8.53,5750.299447
8.54,5749.930671
8.55,5749.561695
8.56,5749.192528
8.57,5748.823179
8.58,5748.453626
8.59,5748.083878
8.6,5747.713945
8.61,5747.343803
8.62,5746.973463
8.63,5746.602935
8.64,5746.232195
8.65,5745.861264
8.66,5745.49012
8.67,5745.118772
8.68,5744.74723
8.69,5744.375472
8.7,5744.003507
8.71,5743.631347
8.72,5743.258967
8.73,5742.886378
8.74,5742.513591
8.75,5742.140582
8.76,5741.767373
8.77,5741.393941
8.78,5741.020297
8.79,5740.646451
8.8,5740.27238
8.81,5739.898094
8.82,5739.523604
8.83,5739.148888
8.84,5738.773955
8.85,5738.398817
8.86,5738.02345
8.87,5737.647876
8.88,5737.272073
8.89,5736.896051
8.9,5736.519821
8.91,5736.143359
8.92,5735.766678
8.93,5735.389786
8.94,5735.012663
8.95,5734.635317
8.96,5734.257761
8.97,5733.879971
8.98,5733.501969
8.99,5733.123733
9,5732.745273
9.01,5732.366601
9.02,5731.987692
9.03,5731.608559
9.04,5731.229212
9.05,5730.849629
9.06,5730.46983
9.07,5730.089794
9.08,5729.709532
9.09,5729.329054
9.1,5728.948338
9.11,5728.567395
9.12,5728.186235
9.13,5727.804836
9.14,5727.423219
9.15,5727.041363
9.16,5726.659278
9.17,5726.276975
9.18,5725.894431
9.19,5725.511658
9.2,5725.128666
9.21,5724.745432
9.22,5724.361979
9.23,5723.978284
9.24,5723.594358
9.25,5723.210212
9.26,5722.825824
9.27,5722.441204
9.28,5722.056362
9.29,5721.671278
9.3,5721.285972
9.31,5720.900422
9.32,5720.51464
9.33,5720.128635
9.34,5719.742386
9.35,5719.355914
9.36,5718.969198
9.37,5718.582248
9.38,5718.195074
9.39,5717.807655
9.4,5717.420001
9.41,5717.032123
9.42,5716.643999
9.43,5716.255651
9.44,5715.867056
9.45,5715.478226
9.46,5715.089171
9.47,5714.699868
9.48,5714.31034
9.49,5713.920565
9.5,5713.530553
9.51,5713.140315
9.52,5712.749829
9.53,5712.359105
9.54,5711.968155
9.55,5711.576957
9.56,5711.185531
9.57,5710.793856
9.58,5710.401943
9.59,5710.009803
9.6,5709.617413
9.61,5709.224795
9.62,5708.831926
9.63,5708.438819
9.64,5708.045483
9.65,5707.651897
9.66,5707.258081
9.67,5706.864015
9.68,5706.469709
9.69,5706.075173
9.7,5705.680385
9.71,5705.285368
9.72,5704.890099
9.73,5704.494589
9.74,5704.098848
9.75,5703.702855
9.76,5703.306632
9.77,5702.910155
9.78,5702.513437
9.79,5702.116487
9.8,5701.719284
9.81,5701.321849
9.82,5700.92416
9.83,5700.526229
9.84,5700.128065
9.85,5699.729647
9.86,5699.330997
9.87,5698.932092
9.88,5698.532943
9.89,5698.133561
9.9,5697.733924
9.91,5697.334053
9.92,5696.933927
9.93,5696.533556
9.94,5696.132951
9.95,5695.73209
9.96,5695.330995
9.97,5694.929643
9.98,5694.528046
9.99,5694.126214
10,5693.724124
10.01,5693.3218
10.02,5692.919218
10.03,5692.51639
10.04,5692.113325
10.05,5691.710004
10.06,5691.306445
10.07,5690.902629
10.08,5690.498576
10.09,5690.094265
10.1,5689.689705
10.11,5689.284909
10.12,5688.879853
10.13,5688.47456
10.14,5688.069008
10.15,5687.663207
10.16,5687.257168
10.17,5686.850869
10.18,5686.444332
10.19,5686.037534
10.2,5685.630497
10.21,5683.752019
10.22,5683.364052
10.23,5682.975111
10.24,5682.585198
10.25,5682.194363
10.26,5681.802609
10.27,5681.409972
10.28,5681.016487
10.29,5680.622155
10.3,5680.227019
10.31,5679.831079
10.32,5679.434377
10.33,5679.036911
10.34,5678.638711
10.35,5678.239805
10.36,5677.840189
10.37,5677.439902
10.38,5677.038938
10.39,5676.637323
10.4,5676.235083
10.41,5675.83221
10.42,5675.428741
10.43,5675.024666
10.44,5674.620021
10.45,5674.214795
10.46,5673.809011
10.47,5673.402691
10.48,5672.995825
10.49,5672.588444
10.5,5672.180537
10.51,5671.772135
10.52,5671.363227
10.53,5670.953831
10.54,5670.543967
10.55,5670.133622
10.56,5669.722824
10.57,5669.311562
10.58,5668.899862
10.59,5668.487711
10.6,5668.075126
10.61,5667.662124
10.62,5667.248691
10.63,5666.834852
10.64,5666.420595
10.65,5666.005943
10.66,5665.590883
10.67,5665.17543
10.68,5664.759599
10.69,5664.343373
10.7,5663.926779
10.71,5663.509799
10.72,5663.092459
10.73,5662.674743
10.74,5662.256673
10.75,5661.838235
10.76,5661.419441
10.77,5661.000305
10.78,5660.580811
10.79,5660.16098
10.8,5659.740797
10.81,5659.320285
10.82,5658.899426
10.83,5658.478232
10.84,5658.056717
10.85,5657.634862
10.86,5657.212691
10.87,5656.790185
10.88,5656.367367
10.89,5655.944218
10.9,5655.520761
10.91,5655.096978
10.92,5654.67288
10.93,5654.248479
10.94,5653.823757
10.95,5653.398736
10.96,5652.973397
10.97,5652.547761
10.98,5652.12181
10.99,5651.695566
11,5651.269009
11.01,5650.842151
11.02,5650.415003
11.03,5649.987546
11.04,5649.559801
11.05,5649.13175
11.06,5648.703413
11.07,5648.274771
11.08,5647.845845
11.09,5647.416616
11.1,5646.987095
11.11,5646.557292
11.12,5646.127189
11.13,5645.696806
11.14,5645.266123
11.15,5644.835162
11.16,5644.403903
11.17,5643.972367
11.18,5643.540533
11.19,5643.108413
11.2,5642.676017
11.21,5642.243326
11.22,5641.81036
11.23,5641.377099
11.24,5640.943565
11.25,5640.509736
11.26,5640.075634
11.27,5639.641239
11.28,5639.206571
11.29,5638.771611
11.3,5638.336368
11.31,5637.900854
11.32,5637.465048
11.33,5637.02897
11.34,5636.592601
11.35,5636.155961
11.36,5635.71903
11.37,5635.281828
11.38,5634.844336
11.39,5634.406574
11.4,5633.968521
11.41,5633.530197
11.42,5633.091584
11.43,5632.652691
11.44,5632.213527
11.45,5631.774074
11.46,5631.334351
11.47,5630.894338
11.48,5630.454056
11.49,5630.013484
11.5,5629.572642
11.51,5629.13151
11.52,5628.690109
11.53,5628.248418
11.54,5627.806457
11.55,5627.364207
11.56,5626.921677
11.57,5626.478877
11.58,5626.035788
11.59,5625.592429
11.6,5625.148779
11.61,5624.70486
11.62,5624.260651
11.63,5623.816172
11.64,5623.371402
11.65,5622.926362
11.66,5622.481033
11.67,5622.035432
11.68,5621.589541
11.69,5621.14338
11.7,5620.696928
11.71,5620.250205
11.72,5619.803191
11.73,5619.355897
11.74,5618.908331
11.75,5618.460474
11.76,5618.012345
11.77,5617.563926
11.78,5617.115234
11.79,5616.666251
11.8,5616.216996
11.81,5615.767449
11.82,5615.31763
11.83,5614.867518
11.84,5614.417134
11.85,5613.966458
11.86,5613.515509
11.87,5613.064267
11.88,5612.612752
11.89,5612.160944
11.9,5611.708862
11.91,5611.256487
11.92,5610.803839
11.93,5610.350896
11.94,5609.89767
11.95,5609.44417
11.96,5608.990375
11.97,5608.536305
11.98,5608.081942
11.99,5607.627303
12,5607.172369
12.01,5606.71716
12.02,5606.261656
12.03,5605.805876
12.04,5605.349801
12.05,5604.89345
12.06,5604.436803
12.07,5603.979879
12.08,5603.522659
12.09,5603.065162
12.1,5602.607369
12.11,5602.149299
12.12,5601.690932
12.13,5601.232287
12.14,5600.773345
12.15,5600.314124
12.16,5599.854607
12.17,5599.39481
12.18,5598.934716
12.19,5598.474343
12.2,5598.013672
12.21,5597.552722
12.22,5597.091472
12.23,5596.629943
12.24,5596.168116
12.25,5595.706008
12.26,5595.2436
12.27,5594.780912
12.28,5594.317925
12.29,5593.854656
12.3,5593.391087
12.31,5592.927228
12.32,5601.638887
12.33,5601.010102
12.34,5600.387082
12.35,5599.769612
12.36,5599.157486
12.37,5598.550479
12.38,5597.948408
12.39,5597.35106
12.4,5596.758269
12.41,5596.169834
12.42,5595.585603
12.43,5595.00539
12.44,5594.429053
12.45,5593.85642
12.46,5593.28736
12.47,5592.721711
12.48,5592.159354
12.49,5591.600138
12.5,5591.043953
12.51,5590.490658
12.52,5589.940153
12.53,5589.392305
12.54,5588.847022
12.55,5588.30418
12.56,5587.763696
12.57,5587.225453
12.58,5586.689376
12.59,5586.155353
12.6,5585.623317
12.61,5585.093163
12.62,5584.564831
12.63,5584.038222
12.64,5583.513279
12.65,5582.989912
12.66,5582.46807
12.67,5581.947674
12.68,5581.428653
12.69,5580.91096
12.7,5580.394519
12.71,5579.879289
12.72,5579.365195
12.73,5578.852204
12.74,5578.340244
12.75,5577.829284
12.76,5577.319259
12.77,5576.810139
12.78,5576.301862
12.79,5575.794403
12.8,5575.287704
12.81,5574.781742
12.82,5574.27646
12.83,5573.771841
12.84,5573.26783
12.85,5572.764412
12.86,5572.261535
12.87,5571.759185
12.88,5571.257314
12.89,5570.755911
12.9,5570.254929
12.91,5569.754359
12.92,5569.254156
12.93,5568.754313
12.94,5568.254788
12.95,5567.755575
12.96,5567.256634
12.97,5566.75796
12.98,5566.259514
12.99,5565.761295
13,5565.263264
13.01,5564.765422
13.02,5564.267731
13.03,5563.770193
13.04,5563.272781
13.05,5562.77547
13.06,5562.278263
13.07,5561.781127
13.08,5561.284065
13.09,5560.787045
13.1,5560.290072
13.11,5559.793114
13.12,5559.296178
13.13,5558.799233
13.14,5558.302285
13.15,5557.805306
13.16,5557.308302
13.17,5556.811246
13.18,5556.314144
13.19,5555.816971
13.2,5555.319733
13.21,5554.822405
13.22,5554.324995
13.23,5553.827477
13.24,5553.329862
13.25,5552.832132
13.26,5552.334272
13.27,5551.83629
13.28,5551.338164
13.29,5550.839904
13.3,5550.341486
13.31,5549.842921
13.32,5549.344185
13.33,5548.845292
13.34,5548.346216
13.35,5547.846971
13.36,5547.347533
13.37,5546.847916
13.38,5546.348097
13.39,5545.848088
13.4,5545.347868
13.41,5544.84745
13.42,5544.346821
13.43,5543.845968
13.44,5543.344904
13.45,5542.843609
13.46,5542.342097
13.47,5541.840345
13.48,5541.338369
13.49,5540.836148
13.5,5540.333695
13.51,5539.830991
13.52,5539.32805
13.53,5538.824851
13.54,5538.32141
13.55,5537.817714
13.56,5537.313753
13.57,5536.809542
13.58,5536.30506
13.59,5535.800323
13.6,5535.295312
13.61,5534.79004
13.62,5534.28449
13.63,5533.778676
13.64,5533.272578
13.65,5532.766213
13.66,5532.25957
13.67,5531.752638
13.68,5531.245433
13.69,5530.737936
13.7,5530.230163
13.71,5529.722095
13.72,5529.213747
13.73,5528.705101
13.74,5528.196173
13.75,5527.686944
13.76,5527.177429
13.77,5526.66762
13.78,5526.157506
13.79,5525.647103
13.8,5525.136393
13.81,5524.625392
13.82,5524.114081
13.83,5523.602476
13.84,5523.09056
13.85,5522.578349
13.86,5522.065824
13.87,5521.553001
13.88,5521.039871
13.89,5520.526425
13.9,5520.012679
13.91,5519.498614
13.92,5518.984248
13.93,5518.469562
13.94,5517.954572
13.95,5517.43926
13.96,5516.923644
13.97,5516.407713
13.98,5515.891458
13.99,5515.374897
14,5514.85801
14.01,5514.340814
14.02,5513.823292
14.03,5513.30546
14.04,5512.787301
14.05,5512.26883
14.06,5511.750039
14.07,5511.230918
14.08,5510.711485
14.09,5510.191721
14.1,5509.671643
14.11,5509.151233
14.12,5508.630508
14.13,5508.10945
14.14,5507.588077
14.15,5507.066378
14.16,5506.544345
14.17,5506.021994
14.18,5505.499308
14.19,5504.976304
14.2,5504.452963
14.21,5502.64155
14.22,5502.136243
14.23,5501.629922
14.24,5501.122624
14.25,5500.614357
14.26,5500.10516
14.27,5499.595038
14.28,5499.084028
14.29,5498.572136
14.3,5498.059396
14.31,5497.54582
14.32,5497.031416
14.33,5496.51622
14.34,5496.00023
14.35,5495.483481
14.36,5494.965971
14.37,5494.447731
14.38,5493.928768
14.39,5493.409087
14.4,5492.888719
14.41,5492.367658
14.42,5491.845935
14.43,5491.323545
14.44,5490.800516
14.45,5490.27685
14.46,5489.75255
14.47,5489.227642
14.48,5488.702121
14.49,5488.176012
14.5,5487.649307
14.51,5487.122032
14.52,5486.594187
14.53,5486.065772
14.54,5485.536811
14.55,5485.007295
14.56,5484.477249
14.57,5483.946661
14.58,5483.415557
14.59,5482.883934
14.6,5482.351789
14.61,5481.819145
14.62,5481.285992
14.63,5480.752352
14.64,5480.218221
14.65,5479.683596
14.66,5479.148499
14.67,5478.612919
14.68,5478.076875
14.69,5477.540356
14.7,5477.003383
14.71,5476.465952
14.72,5475.928057
14.73,5475.38972
14.74,5474.850927
14.75,5474.311698
14.76,5473.772029
14.77,5473.231914
14.78,5472.691373
14.79,5472.150392
14.8,5471.60899
14.81,5471.067154
14.82,5470.524903
14.83,5469.982231
14.84,5469.439132
14.85,5468.895625
14.86,5468.351696
14.87,5467.807363
14.88,5467.26262
14.89,5466.71746
14.9,5466.171903
14.91,5465.625933
14.92,5465.079569
14.93,5464.532804
14.94,5463.98563
14.95,5463.438067
14.96,5462.8901
14.97,5462.341745
14.98,5461.792988
14.99,5461.243847
15,5460.694314
15.01,5460.144383
15.02,5459.594071
15.03,5459.043362
15.04,5458.492275
15.05,5457.940801
15.06,5457.388934
15.07,5456.83669
15.08,5456.284055
15.09,5455.731045
15.1,5455.177653
15.11,5454.623871
15.12,5454.069717
15.13,5453.515175
15.14,5452.960261
15.15,5452.404968
15.16,5451.849289
15.17,5451.29324
15.18,5450.736806
15.19,5450.180003
15.2,5449.622824
15.21,5449.06526
15.22,5448.507329
15.23,5447.949014
15.24,5447.390333
15.25,5446.831276
15.26,5446.271838
15.27,5445.712033
15.28,5445.151847
15.29,5444.591295
15.3,5444.030369
15.31,5443.469063
15.32,5442.907391
15.33,5442.345339
15.34,5441.782922
15.35,5441.220132
15.36,5440.656962
15.37,5440.093427
15.38,5439.529513
15.39,5438.965234
15.4,5438.400583
15.41,5437.835552
15.42,5437.270157
15.43,5436.70439
15.44,5436.138243
15.45,5435.571732
15.46,5435.004841
15.47,5434.437587
15.48,5433.86996
15.49,5433.301953
15.5,5432.733583
15.51,5432.164832
15.52,5431.595717
15.53,5431.02623
15.54,5430.456363
15.55,5429.886131
15.56,5429.315519
15.57,5428.744543
15.58,5428.173194
15.59,5427.601464
15.6,5427.029369
15.61,5426.456902
15.62,5425.884053
15.63,5425.310839
15.64,5424.737244
15.65,5424.163284
15.66,5423.588949
15.67,5423.014234
15.68,5422.439152
15.69,5421.863688
15.7,5421.287858
15.71,5420.711654
15.72,5420.135067
15.73,5419.558113
15.74,5418.980785
15.75,5418.403073
15.76,5417.824995
15.77,5417.246533
15.78,5416.667703
15.79,5416.088497
15.8,5415.508908
15.81,5414.92895
15.82,5414.348616
15.83,5413.767897
15.84,5413.18681
15.85,5412.605337
15.86,5412.023495
15.87,5411.441276
15.88,5410.858671
15.89,5410.275697
15.9,5409.692344
15.91,5409.108605
15.92,5408.524495
15.93,5407.939999
15.94,5407.355131
15.95,5406.769884
15.96,5406.184251
15.97,5405.598245
15.98,5405.011859
15.99,5404.425085
16,5403.837939
16.01,5403.250405
16.02,5402.662497
16.03,5402.074208
16.04,5401.48553
16.05,5400.896478
16.06,5400.307044
16.07,5399.717221
16.08,5399.127023
16.09,5398.536442
16.1,5397.945471
16.11,5397.354124
16.12,5396.762387
16.13,5396.170273
16.14,5395.577776
16.15,5394.984887
16.16,5394.391621
16.17,5393.79797
16.18,5393.203927
16.19,5392.609507
16.2,5392.014701
16.21,5391.419502
16.22,5390.823924
16.23,5390.227953
16.24,5389.631603
16.25,5389.034866
16.26,5388.437735
16.27,5387.840224
16.28,5387.242325
16.29,5386.644031
16.3,5386.045357
16.31,5385.446294
16.32,5384.846836
16.33,5384.246996
16.34,5383.646767
16.35,5383.046141
16.36,5382.445133
16.37,5381.843727
16.38,5381.241939
16.39,5380.63976
16.4,5380.037183
16.41,5379.434223
16.42,5378.830871
16.43,5378.227121
16.44,5377.622985
16.45,5377.018458
16.46,5376.413531
16.47,5375.808219
16.48,5375.202514
16.49,5374.596408
16.5,5373.989916
16.51,5373.383031
16.52,5372.775744
16.53,5372.16807
16.54,5371.559994
16.55,5370.951531
16.56,5370.342672
16.57,5369.733411
16.58,5369.123762
16.59,5368.513716
16.6,5367.903267
16.61,5367.292428
16.62,5366.681193
16.63,5366.069554
16.64,5365.457524
16.65,5364.845096
16.66,5364.232264
16.67,5363.61904
16.68,5363.005418
16.69,5362.39139
16.7,5361.77697
16.71,5361.162151
16.72,5360.546925
16.73,5359.931306
16.74,5359.315287
16.75,5358.69886
16.76,5358.082039
16.77,5357.464818
16.78,5356.847188
16.79,5356.229163
16.8,5355.610737
16.81,5354.991901
16.82,5354.37267
16.83,5353.753036
16.84,5355.116417
16.85,5354.385428
16.86,5353.657988
16.87,5352.933983
16.88,5352.213266
16.89,5351.495712
16.9,5350.781175
16.91,5350.069553
16.92,5349.360707
16.93,5348.654541
16.94,5347.950934
16.95,5347.249774
16.96,5346.55097
16.97,5345.854418
16.98,5345.16002
16.99,5344.467679
17,5343.777317
17.01,5343.088844
17.02,5342.402169
17.03,5341.717226
17.04,5341.033931
17.05,5340.352204
17.06,5339.671986
17.07,5338.993202
17.08,5338.315777
17.09,5337.639663
17.1,5336.964791
17.11,5336.291092
17.12,5335.618525
17.13,5334.947027
17.14,5334.276536
17.15,5333.607017
17.16,5332.938411
17.17,5332.270665
17.18,5331.603745
17.19,5330.937601
17.2,5330.272182
17.21,5329.607461
17.22,5328.943391
17.23,5328.279926
17.24,5327.617044
17.25,5326.954701
17.26,5326.292856
17.27,5325.63149
17.28,5324.970563
17.29,5324.310038
17.3,5323.649898
17.31,5322.990108
17.32,5321.22955
17.33,5320.587856
17.34,5319.945812
17.35,5319.303401
17.36,5318.660638
17.37,5318.017513
17.38,5317.374024
17.39,5316.730161
17.4,5316.085936
17.41,5315.44134
17.42,5314.796365
17.43,5314.151022
17.44,5313.505302
17.45,5312.859196
17.46,5312.212717
17.47,5311.565855
17.48,5310.918603
17.49,5310.270972
17.5,5309.622954
17.51,5308.97454
17.52,5308.325744
17.53,5307.676555
17.54,5307.026973
17.55,5306.37699
17.56,5305.726619
17.57,5305.07585
17.58,5304.424676
17.59,5303.773109
17.6,5303.121141
17.61,5302.468764
17.62,5301.815992
17.63,5301.162815
17.64,5300.509226
17.65,5299.855237
17.66,5299.200841
17.67,5298.546037
17.68,5297.890816
17.69,5297.235192
17.7,5296.579157
17.71,5295.922703
17.72,5295.265843
17.73,5294.608568
17.74,5293.950873
17.75,5293.292768
17.76,5292.634247
17.77,5291.97531
17.78,5291.315947
17.79,5290.656173
17.8,5289.995979
17.81,5289.335358
17.82,5288.674323
17.83,5288.012867
17.84,5287.350982
17.85,5286.68868
17.86,5286.025955
17.87,5285.362806
17.88,5284.699226
17.89,5284.035227
17.9,5283.370802
17.91,5282.705943
17.92,5282.040664
17.93,5281.374957
17.94,5280.708816
17.95,5280.042252
17.96,5279.375258
17.97,5278.707835
17.98,5278.039974
17.99,5277.371689
18,5276.702972
18.01,5276.033817
18.02,5275.364236
18.03,5274.694222
18.04,5274.023774
18.05,5273.352886
18.06,5272.681569
18.07,5272.009818
18.08,5271.337625
18.09,5270.665002
18.1,5269.991943
18.11,5269.318447
18.12,5268.644507
18.13,5267.970136
18.14,5267.295327
18.15,5266.620073
18.16,5265.944387
18.17,5265.268261
18.18,5264.591695
18.19,5263.914683
18.2,5263.237236
18.21,5262.559348
18.22,5261.881012
18.23,5261.202241
18.24,5260.523028
18.25,5259.843372
18.26,5259.163266
18.27,5258.482723
18.28,5257.801737
18.29,5257.1203
18.3,5256.438424
18.31,5255.756104
18.32,5255.073338
18.33,5254.39012
18.34,5253.706463
18.35,5253.022358
18.36,5252.337801
18.37,5251.652803
18.38,5250.967357
18.39,5250.281463
18.4,5249.595114
18.41,5248.908323
18.42,5248.221083
18.43,5247.533394
18.44,5246.845248
18.45,5246.156659
18.46,5245.467619
18.47,5244.778122
18.48,5244.08818
18.49,5243.397787
18.5,5242.706942
18.51,5242.015638
18.52,5241.323887
18.53,5240.631684
18.54,5239.939028
18.55,5239.245911
18.56,5238.552347
18.57,5237.858329
18.58,5237.16385
18.59,5236.468921
18.6,5235.773538
18.61,5235.077699
18.62,5234.381397
18.63,5233.684646
18.64,5232.987437
18.65,5232.289772
18.66,5231.591643
18.67,5230.893062
18.68,5230.194024
18.69,5229.494527
18.7,5228.794565
18.71,5228.09415
18.72,5227.393275
18.73,5226.691935
18.74,5225.990141
18.75,5225.287886
18.76,5224.585171
18.77,5223.881988
18.78,5223.17835
18.79,5222.474251
18.8,5221.769689
18.81,5221.064658
18.82,5220.359171
18.83,5219.653221
18.84,5218.946808
18.85,5218.239924
18.86,5217.532583
18.87,5216.824777
18.88,5216.116506
18.89,5215.407765
18.9,5214.698563
18.91,5213.988896
18.92,5213.278763
18.93,5212.568158
18.94,5211.857092
18.95,5211.145559
18.96,5210.433558
18.97,5209.721083
18.98,5209.008147
18.99,5208.294742
19,5207.580868
19.01,5206.866519
19.02,5206.151707
19.03,5205.436425
19.04,5204.720673
19.05,5204.004445
19.06,5203.287752
19.07,5202.570588
19.08,5201.852952
19.09,5201.134839
19.1,5200.41626
19.11,5199.697208
19.12,5198.977683
19.13,5198.25768
19.14,5197.537209
19.15,5196.816265
19.16,5196.094846
19.17,5195.372947
19.18,5194.650579
19.19,5193.927736
19.2,5193.204418
19.21,5192.480619
19.22,5191.756349
19.23,5191.031602
19.24,5190.306379
19.25,5189.580674
19.26,5188.854496
19.27,5188.127841
19.28,5187.400708
19.29,5186.673091
19.3,5185.945001
19.31,5185.216432
19.32,5184.487383
19.33,5183.757849
19.34,5183.027841
19.35,5182.297352
19.36,5181.566383
19.37,5180.834927
19.38,5180.102995
19.39,5179.370581
19.4,5178.637686
19.41,5177.904308
19.42,5177.170442
19.43,5176.436098
19.44,5175.701272
19.45,5174.965961
19.46,5174.230161
19.47,5173.493882
19.48,5172.757118
19.49,5172.019869
19.5,5171.282129
19.51,5170.54391
19.52,5169.805203
19.53,5169.066012
19.54,5168.326332
19.55,5167.586161
19.56,5166.845507
19.57,5166.104367
19.58,5165.362736
19.59,5164.620614
19.6,5163.878006
19.61,5163.134913
19.62,5162.391325
19.63,5161.647249
19.64,5160.902679
19.65,5160.157631
19.66,5159.412075
19.67,5158.666051
19.68,5157.9195
19.69,5157.172503
19.7,5156.424961
19.71,5155.676995
19.72,5154.92844
19.73,5154.179519
19.74,5153.429942
19.75,5152.680088
19.76,5151.92945
19.77,5151.178701
19.78,5150.426939
19.79,5149.675389
19.8,5148.922385
19.81,5148.170184
19.82,5147.415712
19.83,5146.663179
19.84,5145.906807
19.85,5145.15454
19.86,5143.287315
19.87,5142.554598
19.88,5141.808519
19.89,5141.078362
19.9,5140.323289
19.91,5139.600547
19.92,5138.829756
19.93,5138.124261
19.94,5137.323851
19.95,5136.655782
19.96,5135.796786
19.97,5135.208273
19.98,5134.229687
19.99,5133.809752
20,5132.58164
20.01,5132.520872
20.02,5130.763192
20.03,5131.474719
20.04,5128.576487
20.05,5130.966989
20.06,5125.578799
20.07,5131.662993
20.08,5120.767412
20.09,5135.077978
20.1,5111.842839
20.11,5144.704608
20.12,5093.463687
20.13,5168.685484
20.14,5053.05188
20.15,5226.184984
20.16,4960.537454
20.17,5362.468983
20.18,4742.879112
20.19,5680.002987
20.2,4223.153928
20.21,6367.827036
20.22,3131.032299