Mach,Alpha,CD,CD Power-Off,CD Power-On,CA Power-Off,CA Power-On,CL,CN,CN Potential,CN Viscous,CNalpha (0 to 4 deg) (per rad),CP,CP (0 to 4 deg),Reynolds Number
0.01,0,0.9178653902,0.9178653902,0.8994007723,0.9178653902,0.8994007723,0,0,0,0,12.25812712,162.2399667,153.3521887,1295881
0.02,0,0.9179243902,0.9179243902,0.8994597723,0.9179243902,0.8994597723,0,0,0,0,12.25812712,162.2399667,153.3521887,2591762
0.03,0,0.9180226902,0.9180226902,0.8995580723,0.9180226902,0.8995580723,0,0,0,0,12.25812712,162.2399667,153.3521887,3887643
0.04,0,0.9181604902,0.9181604902,0.8996958723,0.9181604902,0.8996958723,0,0,0,0,12.25812712,162.2399667,153.3521887,5183524
0.05,0,0.9183377902,0.9183377902,0.8998731723,0.9183377902,0.8998731723,0,0,0,0,12.25812712,162.2399667,153.3521887,6479406
0.06,0,0.9185548902,0.9185548902,0.9000902723,0.9185548902,0.9000902723,0,0,0,0,12.25812712,162.2399667,153.3521887,7775286
0.07,0,0.9188118902,0.9188118902,0.9003472723,0.9188118902,0.9003472723,0,0,0,0,12.25812712,162.2399667,153.3521887,9071168
0.08,0,0.9191090902,0.9191090902,0.9006444723,0.9191090902,0.9006444723,0,0,0,0,12.25812712,162.2399667,153.3521887,10367050
0.09,0,0.9194466902,0.9194466902,0.9009820723,0.9194466902,0.9009820723,0,0,0,0,12.25812712,162.2399667,153.3521887,11662930
0.1,0,0.9198249902,0.9198249902,0.9013603723,0.9198249902,0.9013603723,0,0,0,0,12.25812712,162.2399667,153.3521887,12958810
0.11,0,0.9202444902,0.9202444902,0.9017798723,0.9202444902,0.9017798723,0,0,0,0,12.25812712,162.2399667,153.3521887,14254690
0.12,0,0.9207054902,0.9207054902,0.9022408723,0.9207054902,0.9022408723,0,0,0,0,12.25812712,162.2399667,153.3521887,15550570
0.13,0,0.9212083902,0.9212083902,0.9027437723,0.9212083902,0.9027437723,0,0,0,0,12.25812712,162.2399667,153.3521887,16846450
0.14,0,0.9217535902,0.9217535902,0.9032889723,0.9217535902,0.9032889723,0,0,0,0,12.25812712,162.2399667,153.3521887,18142340
0.15,0,0.9223417902,0.9223417902,0.9038771723,0.9223417902,0.9038771723,0,0,0,0,12.25812712,162.2399667,153.3521887,19438220
0.16,0,0.9229733902,0.9229733902,0.9045087723,0.9229733902,0.9045087723,0,0,0,0,12.25812712,162.2399667,153.3521887,20734100
0.17,0,0.9236490902,0.9236490902,0.9051844723,0.9236490902,0.9051844723,0,0,0,0,12.25812712,162.2399667,153.3521887,22029980
0.18,0,0.9243694902,0.9243694902,0.9059048723,0.9243694902,0.9059048723,0,0,0,0,12.25812712,162.2399667,153.3521887,23325860
0.19,0,0.9251352902,0.9251352902,0.9066706723,0.9251352902,0.9066706723,0,0,0,0,12.25812712,162.2399667,153.3521887,24621740
0.2,0,0.9259473902,0.9259473902,0.9074827723,0.9259473902,0.9074827723,0,0,0,0,12.25812712,162.2399667,153.3521887,25917620
0.21,0,0.9268063902,0.9268063902,0.9083417723,0.9268063902,0.9083417723,0,0,0,0,12.25812712,162.2399667,153.3521887,27213500
0.22,0,0.9277132902,0.9277132902,0.9092486723,0.9277132902,0.9092486723,0,0,0,0,12.25812712,162.2399667,153.3521887,28509380
0.23,0,0.9286688902,0.9286688902,0.9102042723,0.9286688902,0.9102042723,0,0,0,0,12.25812712,162.2399667,153.3521887,29805270
0.24,0,0.9296743902,0.9296743902,0.9112097723,0.9296743902,0.9112097723,0,0,0,0,12.25812712,162.2399667,153.3521887,31101150
0.25,0,0.9307306902,0.9307306902,0.9122660723,0.9307306902,0.9122660723,0,0,0,0,12.25812712,162.2399667,153.3521887,32397030
0.26,0,0.9319543517,0.9319543517,0.9134897338,0.9319543517,0.9134897338,0,0,0,0,12.25812712,162.2399667,153.3521887,33692910
0.27,0,0.9332312131,0.9332312131,0.9147665952,0.9332312131,0.9147665952,0,0,0,0,12.25812712,162.2399667,153.3521887,34988790
0.28,0,0.9345623746,0.9345623746,0.9160977567,0.9345623746,0.9160977567,0,0,0,0,12.25812712,162.2399667,153.3521887,36284670
0.29,0,0.935949336,0.935949336,0.9174847181,0.935949336,0.9174847181,0,0,0,0,12.25812712,162.2399667,153.3521887,37580550
0.3,0,0.9373934975,0.9373934975,0.9189288796,0.9373934975,0.9189288796,0,0,0,0,12.25812712,162.2399667,153.3521887,38876440
0.31,0,0.9388963589,0.9388963589,0.920431741,0.9388963589,0.920431741,0,0,0,0,12.25812712,162.2399667,153.3521887,40172320
0.32,0,0.9404595204,0.9404595204,0.9219949025,0.9404595204,0.9219949025,0,0,0,0,12.25812712,162.2399667,153.3521887,41468200
0.33,0,0.9420845818,0.9420845818,0.9236199639,0.9420845818,0.9236199639,0,0,0,0,12.25812712,162.2399667,153.3521887,42764080
0.34,0,0.9437736433,0.9437736433,0.9253090254,0.9437736433,0.9253090254,0,0,0,0,12.25812712,162.2399667,153.3521887,44059960
0.35,0,0.9455284277,0.9455284277,0.9270638098,0.9455284277,0.9270638098,0,0,0,0,12.25812712,162.2399667,153.3521887,45355840
0.36,0,0.9473510891,0.9473510891,0.9288864712,0.9473510891,0.9288864712,0,0,0,0,12.25812712,162.2399667,153.3521887,46651720
0.37,0,0.9492436506,0.9492436506,0.9307790327,0.9492436506,0.9307790327,0,0,0,0,12.25812712,162.2399667,153.3521887,47947600
0.38,0,0.951208612,0.951208612,0.9327439941,0.951208612,0.9327439941,0,0,0,0,12.25812712,162.2399667,153.3521887,49243480
0.39,0,0.9532482735,0.9532482735,0.9347836556,0.9532482735,0.9347836556,0,0,0,0,12.25812712,162.2399667,153.3521887,50539360
0.4,0,0.9553654349,0.9553654349,0.936900817,0.9553654349,0.936900817,0,0,0,0,12.25812712,162.2399667,153.3521887,51835240
0.41,0,0.9575627964,0.9575627964,0.9390981785,0.9575627964,0.9390981785,0,0,0,0,12.25812712,162.2399667,153.3521887,53131120
0.42,0,0.9598433578,0.9598433578,0.9413787399,0.9598433578,0.9413787399,0,0,0,0,12.25812712,162.2399667,153.3521887,54427000
0.43,0,0.9622102193,0.9622102193,0.9437456014,0.9622102193,0.9437456014,0,0,0,0,12.25812712,162.2399667,153.3521887,55722890
0.44,0,0.9646668807,0.9646668807,0.9462022628,0.9646668807,0.9462022628,0,0,0,0,12.25812712,162.2399667,153.3521887,57018770
0.45,0,0.9672168422,0.9672168422,0.9487522243,0.9672168422,0.9487522243,0,0,0,0,12.25812712,162.2399667,153.3521887,58314650
0.46,0,0.9698640036,0.9698640036,0.9513993857,0.9698640036,0.9513993857,0,0,0,0,12.25812712,162.2399667,153.3521887,59610530
0.47,0,0.9726125651,0.9726125651,0.9541479472,0.9726125651,0.9541479472,0,0,0,0,12.25812712,162.2399667,153.3521887,60906410
0.48,0,0.9754668265,0.9754668265,0.9570022086,0.9754668265,0.9570022086,0,0,0,0,12.25812712,162.2399667,153.3521887,62202290
0.49,0,0.978431588,0.978431588,0.9599669701,0.978431588,0.9599669701,0,0,0,0,12.25812712,162.2399667,153.3521887,63498180
0.5,0,0.9815119724,0.9815119724,0.9630473545,0.9815119724,0.9630473545,0,0,0,0,12.25812712,162.2399667,153.3521887,64794060
0.51,0,0.9847133338,0.9847133338,0.9662487159,0.9847133338,0.9662487159,0,0,0,0,12.25812712,162.2399667,153.3521887,66089940
0.52,0,0.9880414953,0.9880414953,0.9695768774,0.9880414953,0.9695768774,0,0,0,0,12.25812712,162.2399667,153.3521887,67385820
0.53,0,0.9915029567,0.9915029567,0.9730383388,0.9915029567,0.9730383388,0,0,0,0,12.25812712,162.2399667,153.3521887,68681700
0.54,0,0.9951043182,0.9951043182,0.9766397003,0.9951043182,0.9766397003,0,0,0,0,12.25812712,162.2399667,153.3521887,69977580
0.55,0,0.9988529796,0.9988529796,0.9803883617,0.9988529796,0.9803883617,0,0,0,0,12.25812712,162.2399667,153.3521887,71273460
0.56,0,1.002756941,1.002756941,0.9842923232,1.002756941,0.9842923232,0,0,0,0,12.25812712,162.2399667,153.3521887,72569340
0.57,0,1.006824703,1.006824703,0.9883600846,1.006824703,0.9883600846,0,0,0,0,12.25812712,162.2399667,153.3521887,73865220
0.58,0,1.011065664,1.011065664,0.9926010461,1.011065664,0.9926010461,0,0,0,0,12.25812712,162.2399667,153.3521887,75161100
0.59,0,1.015489825,1.015489825,0.9966494868,1.015489825,0.9966494868,0,0,0,0,12.25812712,162.2399667,153.3521887,76456980
0.6,0,1.020108387,1.020108387,1.000892328,1.020108387,1.000892328,0,0,0,0,12.25812712,162.2399667,153.3521887,77752870
0.61,0,1.025142185,1.025142185,1.005550405,1.025142185,1.005550405,0,0,0,0,12.25812712,162.2399667,153.3521887,79048750
0.62,0,1.030387879,1.030387879,1.010420378,1.030387879,1.010420378,0,0,0,0,12.25812712,162.2399667,153.3521887,80344630
0.63,0,1.035867472,1.035867472,1.015524251,1.035867472,1.015524251,0,0,0,0,12.25812712,162.2399667,153.3521887,81640510
0.64,0,1.041596689,1.041596689,1.020877747,1.041596689,1.020877747,0,0,0,0,12.25812712,162.2399667,153.3521887,82936390
0.65,0,1.047592882,1.047592882,1.02649822,1.047592882,1.02649822,0,0,0,0,12.25812712,162.2399667,153.3521887,84232270
0.66,0,1.053875276,1.053875276,1.032404893,1.053875276,1.032404893,0,0,0,0,12.25812712,162.2399667,153.3521887,85528160
0.67,0,1.06046507,1.06046507,1.038618965,1.06046507,1.038618965,0,0,0,0,12.25812712,162.2399667,153.3521887,86824040
0.68,0,1.067385763,1.067385763,1.045163938,1.067385763,1.045163938,0,0,0,0,12.25812712,162.2399667,153.3521887,88119920
0.69,0,1.07466358,1.07466358,1.052066034,1.07466358,1.052066034,0,0,0,0,12.25812712,162.2399667,153.3521887,89415800
0.7,0,1.082327773,1.082327773,1.059354507,1.082327773,1.059354507,0,0,0,0,12.25812712,162.2399667,153.3521887,90711680
0.71,0,1.080780667,1.080780667,1.05743168,1.080780667,1.05743168,0,0,0,0,12.25812712,162.2399667,153.3521887,92007560
0.72,0,1.078641961,1.078641961,1.054917253,1.078641961,1.054917253,0,0,0,0,12.25812712,162.2399667,153.3521887,93303440
0.73,0,1.076503354,1.076503354,1.052402926,1.076503354,1.052402926,0,0,0,0,12.25812712,162.2399667,153.3521887,94599320
0.74,0,1.074364771,1.074364771,1.049888622,1.074364771,1.049888622,0,0,0,0,12.25812712,162.2399667,153.3521887,95895200
0.75,0,1.072226064,1.072226064,1.047374194,1.072226064,1.047374194,0,0,0,0,12.25812712,162.2399667,153.3521887,97191080
0.76,0,1.070087458,1.070087458,1.044859867,1.070087458,1.044859867,0,0,0,0,12.25812712,162.2399667,153.3521887,98486960
0.77,0,1.067948852,1.067948852,1.04234554,1.067948852,1.04234554,0,0,0,0,12.25812712,162.2399667,153.3521887,99782840
0.78,0,1.065810145,1.065810145,1.039831113,1.065810145,1.039831113,0,0,0,0,12.25812712,162.2399667,153.3521887,101078700
0.79,0,1.063671562,1.063671562,1.037316809,1.063671562,1.037316809,0,0,0,0,12.25812712,162.2399667,153.3521887,102374600
0.8,0,1.061532955,1.061532955,1.034802482,1.061532955,1.034802482,0,0,0,0,12.25812712,162.2399667,153.3521887,103670500
0.81,0,1.082897249,1.082897249,1.055791055,1.082897249,1.055791055,0,0,0,0,12.25812712,162.2399667,153.3521887,104966400
0.82,0,1.104261643,1.104261643,1.076779728,1.104261643,1.076779728,0,0,0,0,12.25812712,162.2399667,153.3521887,106262200
0.83,0,1.125625936,1.125625936,1.097768301,1.125625936,1.097768301,0,0,0,0,12.25812712,162.2399667,153.3521887,107558100
0.84,0,1.146990253,1.146990253,1.118756896,1.146990253,1.118756896,0,0,0,0,12.25812712,162.2399667,153.3521887,108854000
0.85,0,1.168354646,1.168354646,1.139745569,1.168354646,1.139745569,0,0,0,0,12.25812712,162.2399667,153.3521887,110149900
0.86,0,1.18971894,1.18971894,1.160734142,1.18971894,1.160734142,0,0,0,0,12.25812712,162.2399667,153.3521887,111445800
0.87,0,1.211083333,1.211083333,1.181722815,1.211083333,1.181722815,0,0,0,0,12.25812712,162.2399667,153.3521887,112741700
0.88,0,1.23244765,1.23244765,1.202711411,1.23244765,1.202711411,0,0,0,0,12.25812712,162.2399667,153.3521887,114037500
0.89,0,1.253812044,1.253812044,1.223700084,1.253812044,1.223700084,0,0,0,0,12.25812712,162.2399667,153.3521887,115333400
0.9,0,1.275176437,1.275176437,1.244688757,1.275176437,1.244688757,0,0,0,0,12.25812712,162.2399667,153.3521887,116629300
0.91,0,1.283847637,1.283847637,1.25315264,1.283847637,1.25315264,0,0,0,0,12.13358753,162.3034142,153.2943873,117925200
0.92,0,1.309861236,1.309861236,1.278544291,1.309861236,1.278544291,0,0,0,0,12.00904793,162.3668618,153.236586,119221100
0.93,0,1.333048371,1.333048371,1.300411463,1.333048371,1.300411463,0,0,0,0,11.88450834,162.4303093,153.1787846,120516900
0.94,0,1.340402241,1.340402241,1.306058331,1.340402241,1.306058331,0,0,0,0,11.75996875,162.4937568,153.1209833,121812800
0.95,0,1.347756112,1.347756112,1.311705198,1.347756112,1.311705198,0,0,0,0,11.63542915,162.5572043,153.063182,123108700
0.96,0,1.355109982,1.355109982,1.317352066,1.355109982,1.317352066,0,0,0,0,11.51088956,162.6206519,153.0053806,124404600
0.97,0,1.362463852,1.362463852,1.322998934,1.362463852,1.322998934,0,0,0,0,11.38634996,162.6840994,152.9475793,125700500
0.98,0,1.369817723,1.369817723,1.328645802,1.369817723,1.328645802,0,0,0,0,11.26181037,162.7475469,152.8897779,126996400
0.99,0,1.377171593,1.377171593,1.33429267,1.377171593,1.33429267,0,0,0,0,11.13727077,162.8109944,152.8319766,128292200
1,0,1.384525464,1.384525464,1.339939537,1.384525464,1.339939537,0,0,0,0,11.01273118,162.8744419,152.7741753,129588100
1.01,0,1.391879334,1.391879334,1.345586405,1.391879334,1.345586405,0,0,0,0,10.88819159,162.9378895,152.7163739,130884000
1.02,0,1.399233204,1.399233204,1.351233273,1.399233204,1.351233273,0,0,0,0,10.76365199,163.001337,152.6585726,132179900
1.03,0,1.406587075,1.406587075,1.356880141,1.406587075,1.356880141,0,0,0,0,10.6391124,163.0647845,152.6007712,133475800
1.04,0,1.413940945,1.413940945,1.362527009,1.413940945,1.362527009,0,0,0,0,10.5145728,163.128232,152.5429699,134771600
1.05,0,1.421294816,1.421294816,1.368173876,1.421294816,1.368173876,0,0,0,0,10.39003321,163.1916796,152.4851686,136067500
1.06,0,1.414447113,1.414447113,1.361551215,1.414447113,1.361551215,0,0,0,0,10.43235986,163.2981906,152.6105147,137363400
1.07,0,1.407673148,1.407673148,1.355002291,1.407673148,1.355002291,0,0,0,0,10.47149399,163.3971238,152.7266219,138659300
1.08,0,1.400972677,1.400972677,1.348526861,1.400972677,1.348526861,0,0,0,0,10.5081183,163.4900918,152.8354596,139955200
1.09,0,1.394345718,1.394345718,1.342124943,1.394345718,1.342124943,0,0,0,0,10.54270283,163.5782686,152.9384326,141251000
1.1,0,1.387791968,1.387791968,1.335796234,1.387791968,1.335796234,0,0,0,0,10.57559322,163.6624408,153.0365148,142546900
1.11,0,1.381311391,1.381311391,1.329540698,1.381311391,1.329540698,0,0,0,0,10.60704617,163.7432783,153.1304953,143842800
1.12,0,1.374903758,1.374903758,1.323358106,1.374903758,1.323358106,0,0,0,0,10.6372617,163.821187,153.2208999,145138700
1.13,0,1.368569064,1.368569064,1.317248453,1.368569064,1.317248453,0,0,0,0,10.666399,163.8964931,153.3081489,146434600
1.14,0,1.362307291,1.362307291,1.311211721,1.362307291,1.311211721,0,0,0,0,10.69638143,163.9476459,153.3774567,147730400
1.15,0,1.356118146,1.356118146,1.305247618,1.356118146,1.305247618,0,0,0,0,10.73082823,163.9319525,153.3992188,149026300
1.16,0,1.349109931,1.349109931,1.298464444,1.349109931,1.298464444,0,0,0,0,10.76432774,163.917487,153.4207705,150322200
1.17,0,1.342145447,1.342145447,1.291725,1.342145447,1.291725,0,0,0,0,10.79697387,163.903902,153.4419559,151618100
1.18,0,1.335257107,1.335257107,1.285061701,1.335257107,1.285061701,0,0,0,0,10.82884496,163.8913864,153.4630167,152914000
1.19,0,1.328298187,1.328298187,1.278327822,1.328298187,1.278327822,0,0,0,0,10.86000968,163.8796241,153.4837906,154209900
1.2,0,1.321032859,1.321032859,1.271141259,1.321032859,1.271141259,0,0,0,0,10.89052769,163.8686897,153.5044075,155505700
1.21,0,1.313848361,1.313848361,1.263956761,1.313848361,1.263956761,0,0,0,0,10.92044915,163.8585039,153.5248671,156801600
1.22,0,1.306744506,1.306744506,1.256852906,1.306744506,1.256852906,0,0,0,0,10.94981925,163.8490014,153.5451732,158097500
1.23,0,1.299721075,1.299721075,1.249829475,1.299721075,1.249829475,0,0,0,0,10.97867824,163.8401309,153.5653349,159393400
1.24,0,1.292778187,1.292778187,1.242886587,1.292778187,1.242886587,0,0,0,0,11.00706208,163.8319204,153.5854175,160689300
1.25,0,1.285915543,1.285915543,1.236023943,1.285915543,1.236023943,0,0,0,0,11.03500441,163.8241828,153.6053154,161985100
1.26,0,1.279133048,1.279133048,1.229241448,1.279133048,1.229241448,0,0,0,0,11.06253077,163.8170878,153.6251931,163281000
1.27,0,1.272430718,1.272430718,1.222539118,1.272430718,1.222539118,0,0,0,0,11.08966875,163.8103864,153.6448889,164576900
1.28,0,1.265808474,1.265808474,1.215916874,1.265808474,1.215916874,0,0,0,0,11.11644219,163.8042697,153.6645814,165872800
1.29,0,1.259266204,1.259266204,1.209374604,1.259266204,1.209374604,0,0,0,0,11.11211013,163.6382725,153.5306306,167168700
1.3,0,1.252803559,1.252803559,1.202911959,1.252803559,1.202911959,0,0,0,0,11.10577207,163.4636145,153.3881035,168464500
1.31,0,1.246420836,1.246420836,1.196529236,1.246420836,1.196529236,0,0,0,0,11.09948692,163.2909105,153.2471906,169760400
1.32,0,1.240117648,1.240117648,1.190226048,1.240117648,1.190226048,0,0,0,0,11.09325004,163.120046,153.1077973,171056300
1.33,0,1.233894037,1.233894037,1.184002436,1.233894037,1.184002436,0,0,0,0,11.08706146,162.9509296,152.969851,172352200
1.34,0,1.227749909,1.227749909,1.177858309,1.227749909,1.177858309,0,0,0,0,11.08091576,162.783456,152.8332636,173648100
1.35,0,1.221687028,1.221687028,1.171795428,1.221687028,1.171795428,0,0,0,0,11.07481119,162.617542,152.6979674,174944000
1.36,0,1.215711062,1.215711062,1.165819462,1.215711062,1.165819462,0,0,0,0,11.06874663,162.4531154,152.5639044,176239800
1.37,0,1.209819018,1.209819018,1.159927417,1.209819018,1.159927417,0,0,0,0,11.0627178,162.2901607,152.4310577,177535700
1.38,0,1.204009555,1.204009555,1.154117955,1.204009555,1.154117955,0,0,0,0,11.05672406,162.1284714,152.2992648,178831600
1.39,0,1.198282201,1.198282201,1.148390601,1.198282201,1.148390601,0,0,0,0,11.05076253,161.9681257,152.1685833,180127500
1.4,0,1.1926365,1.1926365,1.1427449,1.1926365,1.1427449,0,0,0,0,11.04483318,161.8090712,152.0389719,181423400
1.41,0,1.18707218,1.18707218,1.13718058,1.18707218,1.13718058,0,0,0,0,11.0389318,161.651087,151.9102534,182719200
1.42,0,1.181588911,1.181588911,1.131697311,1.181588911,1.131697311,0,0,0,0,11.03305995,161.4942904,151.7825204,184015100
1.43,0,1.176186712,1.176186712,1.126295112,1.176186712,1.126295112,0,0,0,0,11.02721301,161.338537,151.6556555,185311000
1.44,0,1.170865329,1.170865329,1.120973729,1.170865329,1.120973729,0,0,0,0,11.01567864,161.1838683,151.5475859,186606900
1.45,0,1.165624632,1.165624632,1.115733032,1.165624632,1.115733032,0,0,0,0,11.00100915,161.0301599,151.4501037,187902800
1.46,0,1.16046439,1.16046439,1.11057279,1.16046439,1.11057279,0,0,0,0,10.98636205,160.8774451,151.3533204,189198600
1.47,0,1.155384496,1.155384496,1.105492896,1.155384496,1.105492896,0,0,0,0,10.97173631,160.7256085,151.2571459,190494500
1.48,0,1.15038504,1.15038504,1.100493439,1.15038504,1.100493439,0,0,0,0,10.95713148,160.574623,151.1615591,191790400
1.49,0,1.145465726,1.145465726,1.095574126,1.145465726,1.095574126,0,0,0,0,10.94254544,160.4245168,151.0665813,193086300
1.5,0,1.140626352,1.140626352,1.090734751,1.140626352,1.090734751,0,0,0,0,10.92797675,160.2752564,150.9721854,194382200
1.51,0,1.13586714,1.13586714,1.08597554,1.13586714,1.08597554,0,0,0,0,10.91342687,160.1267482,150.8783,195678000
1.52,0,1.131187704,1.131187704,1.081296104,1.131187704,1.081296104,0,0,0,0,10.89889331,159.9789557,150.7848949,196973900
1.53,0,1.126588062,1.126588062,1.076696462,1.126588062,1.076696462,0,0,0,0,10.88437544,159.8319967,150.6920628,198269800
1.54,0,1.122067637,1.122067637,1.072176037,1.122067637,1.072176037,0,0,0,0,10.86987252,159.6856253,150.5996103,199565700
1.55,0,1.117624539,1.117624539,1.067732939,1.117624539,1.067732939,0,0,0,0,10.85538378,159.5400351,150.5076897,200861600
1.56,0,1.113258579,1.113258579,1.063366979,1.113258579,1.063366979,0,0,0,0,10.84090836,159.3950588,150.416169,202157400
1.57,0,1.108969984,1.108969984,1.059078384,1.108969984,1.059078384,0,0,0,0,10.8264464,159.2506732,150.3250306,203453300
1.58,0,1.104758458,1.104758458,1.054866858,1.104758458,1.054866858,0,0,0,0,10.81199607,159.1069955,150.2343658,204749200
1.59,0,1.100624342,1.100624342,1.050732742,1.100624342,1.050732742,0,0,0,0,10.79755818,158.9638705,150.1440535,206045100
1.6,0,1.096567334,1.096567334,1.046675734,1.096567334,1.046675734,0,0,0,0,10.78312989,158.8212612,150.0540623,207341000
1.61,0,1.092587661,1.092587661,1.042696061,1.092587661,1.042696061,0,0,0,0,10.76871403,158.6793156,149.9645121,208636900
1.62,0,1.088685121,1.088685121,1.038793521,1.088685121,1.038793521,0,0,0,0,10.75430651,158.5378481,149.8752531,209932700
1.63,0,1.084859938,1.084859938,1.034968338,1.084859938,1.034968338,0,0,0,0,10.73990913,158.3968576,149.7862864,211228600
1.64,0,1.081111935,1.081111935,1.031220335,1.081111935,1.031220335,0,0,0,0,10.72552075,158.2564653,149.6977073,212524500
1.65,0,1.077441296,1.077441296,1.027549695,1.077441296,1.027549695,0,0,0,0,10.71114113,158.1165138,149.6093912,213820400
1.66,0,1.073847946,1.073847946,1.023956346,1.073847946,1.023956346,0,0,0,0,10.69676895,157.9770547,149.5213784,215116300
1.67,0,1.07033169,1.07033169,1.02044009,1.07033169,1.02044009,0,0,0,0,10.68240413,157.838,149.4335993,216412100
1.68,0,1.06689284,1.06689284,1.01700124,1.06689284,1.01700124,0,0,0,0,10.66804707,157.6994167,149.3461077,217708000
1.69,0,1.063531195,1.063531195,1.013639595,1.063531195,1.013639595,0,0,0,0,10.6536977,157.5612879,149.2588903,219003900
1.7,0,1.060246867,1.060246867,1.010355267,1.060246867,1.010355267,0,0,0,0,10.6393524,157.423585,149.171922,220299800
1.71,0,1.057039646,1.057039646,1.007148046,1.057039646,1.007148046,0,0,0,0,10.62501493,157.2863176,149.0852134,221595700
1.72,0,1.053909639,1.053909639,1.004018038,1.053909639,1.004018038,0,0,0,0,10.61068189,157.1493876,148.9986843,222891600
1.73,0,1.050856967,1.050856967,1.000965367,1.050856967,1.000965367,0,0,0,0,10.59635576,157.0128667,148.9123937,224187400
1.74,0,1.047881492,1.047881492,0.9979898923,1.047881492,0.9979898923,0,0,0,0,10.58203509,156.8767403,148.826329,225483300
1.75,0,1.044983261,1.044983261,0.9950916607,1.044983261,0.9950916607,0,0,0,0,10.56771646,156.7409044,148.7404051,226779200
1.76,0,1.042162143,1.042162143,0.9922705431,1.042162143,0.9922705431,0,0,0,0,10.55340429,156.6055223,148.6547557,228075100
1.77,0,1.039418235,1.039418235,0.9895266352,1.039418235,0.9895266352,0,0,0,0,10.53909619,156.4704254,148.5692445,229371000
1.78,0,1.036751552,1.036751552,0.9868599518,1.036751552,0.9868599518,0,0,0,0,10.52479147,156.3356784,148.483923,230666800
1.79,0,1.034162079,1.034162079,0.9842704786,1.034162079,0.9842704786,0,0,0,0,10.51049065,156.2012715,148.3987837,231962700
1.8,0,1.031649611,1.031649611,0.9817580107,1.031649611,0.9817580107,0,0,0,0,10.4961932,156.0671228,148.3137608,233258600
1.81,0,1.02983365,1.02983365,0.9799420499,1.02983365,0.9799420499,0,0,0,0,10.48189846,155.9333663,148.2289614,234554500
1.82,0,1.027899369,1.027899369,0.9780077692,1.027899369,0.9780077692,0,0,0,0,10.46760695,155.7998522,148.1442659,235850400
1.83,0,1.025972989,1.025972989,0.9760813888,1.025972989,0.9760813888,0,0,0,0,10.45331798,155.6666446,148.0597253,237146300
1.84,0,1.024054506,1.024054506,0.9741629056,1.024054506,0.9741629056,0,0,0,0,10.43903088,155.5337295,147.9753278,238442100
1.85,0,1.02214388,1.02214388,0.9722522794,1.02214388,0.9722522794,0,0,0,0,10.42474709,155.4010405,147.8910214,239738000
1.86,0,1.020241131,1.020241131,0.9703495312,1.020241131,0.9703495312,0,0,0,0,10.410465,155.2686997,147.806903,241033900
1.87,0,1.01834624,1.01834624,0.9684546402,1.01834624,0.9684546402,0,0,0,0,10.39618389,155.1365584,147.7228526,242329800
1.88,0,1.016459207,1.016459207,0.9665676072,1.016459207,0.9665676072,0,0,0,0,10.38190502,155.0046918,147.6389316,243625600
1.89,0,1.014580008,1.014580008,0.964688408,1.014580008,0.964688408,0,0,0,0,10.36762689,154.8730768,147.5551205,244921500
1.9,0,1.01270863,1.01270863,0.9628170297,1.01270863,0.9628170297,0,0,0,0,10.35335068,154.7417222,147.4714273,246217400
1.91,0,1.010844987,1.010844987,0.9609533868,1.010844987,0.9609533868,0,0,0,0,10.33907473,154.6106071,147.3878339,247513300
1.92,0,1.008989146,1.008989146,0.9590975456,1.008989146,0.9590975456,0,0,0,0,10.32479935,154.4796627,147.3042849,248809200
1.93,0,1.007141001,1.007141001,0.9572494014,1.007141001,0.9572494014,0,0,0,0,10.31052579,154.3490313,147.2208964,250105000
1.94,0,1.005300539,1.005300539,0.9554089394,1.005300539,0.9554089394,0,0,0,0,10.29625227,154.2185548,147.1375391,251400900
1.95,0,1.00346786,1.00346786,0.9535762597,1.00346786,0.9535762597,0,0,0,0,10.2819782,154.0882952,147.0542628,252696800
1.96,0,1.001642731,1.001642731,0.9517511307,1.001642731,0.9517511307,0,0,0,0,10.26770473,153.9582551,146.9710704,253992700
1.97,0,0.9998253617,0.9998253617,0.9499337617,0.9998253617,0.9499337617,0,0,0,0,10.25343112,153.828425,146.8879538,255288600
1.98,0,0.998015618,0.998015618,0.9479960259,0.998015618,0.9479960259,0,0,0,0,10.23915867,153.6988104,146.8049181,256584500
1.99,0,0.9962134002,0.9962134002,0.946065816,0.9962134002,0.946065816,0,0,0,0,10.2248846,153.5693864,146.7219413,257880300
2,0,0.9944187907,0.9944187907,0.9441432143,0.9944187907,0.9441432143,0,0,0,0,10.21061008,153.4400917,146.6389742,259176200
2.01,0,0.9929265187,0.9929265187,0.9425229503,0.9929265187,0.9425229503,0,0,0,0,10.19633637,153.3109962,146.5560746,260472100
2.02,0,0.9914301042,0.9914301042,0.9408985436,0.9914301042,0.9408985436,0,0,0,0,10.18206073,153.1821449,146.4732771,261768000
2.03,0,0.9899409296,0.9899409296,0.9392813769,0.9899409296,0.9392813769,0,0,0,0,10.16778435,153.0534081,146.3904769,263063900
2.04,0,0.9884589741,0.9884589741,0.9376714294,0.9884589741,0.9376714294,0,0,0,0,10.15350836,152.9248595,146.3077347,264359700
2.05,0,0.9869843557,0.9869843557,0.9360688188,0.9869843557,0.9360688188,0,0,0,0,10.13922909,152.7964656,146.2250206,265655600
2.06,0,0.9855171422,0.9855171422,0.9344736133,0.9855171422,0.9344736133,0,0,0,0,10.12495062,152.6681851,146.1423035,266951500
2.07,0,0.9840575177,0.9840575177,0.9328859967,0.9840575177,0.9328859967,0,0,0,0,10.11067021,152.5401344,146.0596767,268247400
2.08,0,0.9826053712,0.9826053712,0.931305858,0.9826053712,0.931305858,0,0,0,0,10.09638796,152.412238,145.9770783,269543300
2.09,0,0.9811609593,0.9811609593,0.9297334541,0.9811609593,0.9297334541,0,0,0,0,10.08210421,152.2844308,145.8944552,270839100
2.1,0,0.9797241365,0.9797241365,0.9281686392,0.9797241365,0.9281686392,0,0,0,0,10.06781997,152.1568508,145.8119209,272135000
2.11,0,0.9782949964,0.9782949964,0.926611507,0.9782949964,0.926611507,0,0,0,0,10.05353344,152.0293462,145.7293499,273430900
2.12,0,0.9768737854,0.9768737854,0.9250623039,0.9768737854,0.9250623039,0,0,0,0,10.03924486,151.9019863,145.6467989,274726800
2.13,0,0.9754603539,0.9754603539,0.9235208803,0.9754603539,0.9235208803,0,0,0,0,10.02495435,151.7747652,145.564263,276022700
2.14,0,0.9740547588,0.9740547588,0.921987293,0.9740547588,0.921987293,0,0,0,0,10.01066204,151.6476819,145.4817412,277318600
2.15,0,0.9726570511,0.9726570511,0.9204615933,0.9726570511,0.9204615933,0,0,0,0,9.996367091,151.5207311,145.3992287,278614500
2.16,0,0.9712673635,0.9712673635,0.9189439136,0.9712673635,0.9189439136,0,0,0,0,9.982070771,151.3939127,145.316726,279910300
2.17,0,0.9698855509,0.9698855509,0.9174341089,0.9698855509,0.9174341089,0,0,0,0,9.967772068,151.2671549,145.2341731,281206200
2.18,0,0.9685118476,0.9685118476,0.9159324134,0.9685118476,0.9159324134,0,0,0,0,9.953471177,151.1405873,145.1516766,282502100
2.19,0,0.9671462051,0.9671462051,0.9144387789,0.9671462051,0.9144387789,0,0,0,0,9.93916731,151.0140706,145.0691214,283798000
2.2,0,0.9657885424,0.9657885424,0.9129531241,0.9657885424,0.9129531241,0,0,0,0,9.924860438,150.8877345,144.9866139,285093900
2.21,0,0.9644389936,0.9644389936,0.9114755832,0.9644389936,0.9114755832,0,0,0,0,9.910552857,150.7614584,144.9040559,286389700
2.22,0,0.9630975873,0.9630975873,0.9100061848,0.9630975873,0.9100061848,0,0,0,0,9.896240599,150.6353466,144.8215311,287685600
2.23,0,0.9617642609,0.9617642609,0.9085448663,0.9617642609,0.9085448663,0,0,0,0,9.881925884,150.5092753,144.7389381,288981500
2.24,0,0.9603483336,0.9603483336,0.9070009469,0.9603483336,0.9070009469,0,0,0,0,9.868198729,150.3876113,144.6602362,290277400
2.25,0,0.95879936,0.95879936,0.9053239813,0.95879936,0.9053239813,0,0,0,0,9.855227278,150.2715441,144.5865104,291573200
2.26,0,0.9572569865,0.9572569865,0.9036536156,0.9572569865,0.9036536156,0,0,0,0,9.842033709,150.1540262,144.511356,292869100
2.27,0,0.9557212449,0.9557212449,0.9019898819,0.9557212449,0.9019898819,0,0,0,0,9.828632102,150.0350143,144.4347441,294165000
2.28,0,0.9541922289,0.9541922289,0.9003328738,0.9541922289,0.9003328738,0,0,0,0,9.815036547,149.9147309,144.3568666,295460900
2.29,0,0.9526697196,0.9526697196,0.8986823724,0.9526697196,0.8986823724,0,0,0,0,9.80124916,149.7931123,144.2776704,296756800
2.3,0,0.9511538359,0.9511538359,0.8970384967,0.9511538359,0.8970384967,0,0,0,0,9.78727808,149.6702046,144.1971976,298052600
2.31,0,0.9496445483,0.9496445483,0.8954012169,0.9496445483,0.8954012169,0,0,0,0,9.773141407,149.5461929,144.1156114,299348500
2.32,0,0.9481418652,0.9481418652,0.8937705417,0.9481418652,0.8937705417,0,0,0,0,9.758840181,149.4209468,144.0328027,300644400
2.33,0,0.9466456892,0.9466456892,0.8921463736,0.9466456892,0.8921463736,0,0,0,0,9.744383601,149.2946506,143.9489292,301940300
2.34,0,0.9451559874,0.9451559874,0.8905286797,0.9451559874,0.8905286797,0,0,0,0,9.729784692,149.1673891,143.8640678,303236200
2.35,0,0.9436728745,0.9436728745,0.8889175748,0.9436728745,0.8889175748,0,0,0,0,9.715042492,149.0390186,143.778097,304532100
2.36,0,0.9421963125,0.9421963125,0.8873130207,0.9421963125,0.8873130207,0,0,0,0,9.700168273,148.9097363,143.6911869,305827900
2.37,0,0.9407261209,0.9407261209,0.885714837,0.9407261209,0.885714837,0,0,0,0,9.685171092,148.7795376,143.6033372,307123800
2.38,0,0.9392623677,0.9392623677,0.8841230917,0.9392623677,0.8841230917,0,0,0,0,9.670054769,148.6484491,143.5145714,308419700
2.39,0,0.9378051536,0.9378051536,0.8825378855,0.9378051536,0.8825378855,0,0,0,0,9.654822789,148.5165409,143.4249492,309715600
2.4,0,0.9363542447,0.9363542447,0.8809589844,0.9363542447,0.8809589844,0,0,0,0,9.639487993,148.3838453,143.3345032,311011500
2.41,0,0.9349097483,0.9349097483,0.879386496,0.9349097483,0.879386496,0,0,0,0,9.62404849,148.2503995,143.243263,312307400
2.42,0,0.933471633,0.933471633,0.8778203885,0.933471633,0.8778203885,0,0,0,0,9.608516399,148.1162263,143.1512528,313603200
2.43,0,0.9320398008,0.9320398008,0.8762605643,0.9320398008,0.8762605643,0,0,0,0,9.592894826,147.9813367,143.0584826,314899100
2.44,0,0.9306143155,0.9306143155,0.8747070868,0.9306143155,0.8747070868,0,0,0,0,9.577186784,147.8457521,142.9649709,316195000
2.45,0,0.9291951677,0.9291951677,0.8731599471,0.9291951677,0.8731599471,0,0,0,0,9.561398399,147.7095739,142.8708052,317490900
2.46,0,0.9277821423,0.9277821423,0.8720071509,0.9277821423,0.8720071509,0,0,0,0,9.545531778,147.5728082,142.7759908,318786800
2.47,0,0.9263754263,0.9263754263,0.8708606642,0.9263754263,0.8708606642,0,0,0,0,9.529597868,147.4354755,142.6805496,320082600
2.48,0,0.9249748894,0.9249748894,0.8697203566,0.9249748894,0.8697203566,0,0,0,0,9.513595836,147.2975592,142.584466,321378500
2.49,0,0.9235805105,0.9235805105,0.868586207,0.9235805105,0.868586207,0,0,0,0,9.497531874,147.1591637,142.4878304,322674400
2.5,0,0.9221922689,0.9221922689,0.8674581947,0.9221922689,0.8674581947,0,0,0,0,9.481411787,147.0202691,142.3906278,323970300
2.51,0,0.9208101565,0.9208101565,0.8663363115,0.9208101565,0.8663363115,0,0,0,0,9.465231734,146.8808382,142.2928239,325266100
2.52,0,0.9194340544,0.9194340544,0.8652204387,0.9194340544,0.8652204387,0,0,0,0,9.449000903,146.7409998,142.1945312,326562000
2.53,0,0.9180640343,0.9180640343,0.8641106479,0.9180640343,0.8641106479,0,0,0,0,9.432723332,146.6007812,142.0957738,327857900
2.54,0,0.9167000595,0.9167000595,0.8630069024,0.9167000595,0.8630069024,0,0,0,0,9.416402871,146.4601506,141.9965257,329153800
2.55,0,0.9153420268,0.9153420268,0.8619090989,0.9153420268,0.8619090989,0,0,0,0,9.400041941,146.3191117,141.8967901,330449700
2.56,0,0.9139899071,0.9139899071,0.8608172086,0.9139899071,0.8608172086,0,0,0,0,9.38363826,146.1777167,141.7966093,331745600
2.57,0,0.9126437818,0.9126437818,0.8597313125,0.9126437818,0.8597313125,0,0,0,0,9.367204145,146.036053,141.6960624,333041400
2.58,0,0.911303525,0.911303525,0.858651285,0.911303525,0.858651285,0,0,0,0,9.350733556,145.8940064,141.5950486,334337300
2.59,0,0.9099691008,0.9099691008,0.8575770901,0.9099691008,0.8575770901,0,0,0,0,9.334237438,145.7516638,141.4936458,335633200
2.6,0,0.9086404043,0.9086404043,0.8565086228,0.9086404043,0.8565086228,0,0,0,0,9.317710104,145.6090346,141.3918585,336929100
2.61,0,0.9073176042,0.9073176042,0.8554460521,0.9073176042,0.8554460521,0,0,0,0,9.301158357,145.4661776,141.2897388,338225000
2.62,0,0.9060005702,0.9060005702,0.8543892473,0.9060005702,0.8543892473,0,0,0,0,9.284588372,145.3230699,141.1872693,339520800
2.63,0,0.9046891845,0.9046891845,0.853338091,0.9046891845,0.853338091,0,0,0,0,9.267995247,145.1797359,141.0844674,340816700
2.64,0,0.9033835197,0.9033835197,0.8522926554,0.9033835197,0.8522926554,0,0,0,0,9.251386841,145.0361754,140.9813357,342112600
2.65,0,0.9020834489,0.9020834489,0.8512528139,0.9020834489,0.8512528139,0,0,0,0,9.234759486,144.892416,140.877895,343408500
2.66,0,0.900788939,0.900788939,0.8502185332,0.900788939,0.8502185332,0,0,0,0,9.218121137,144.7484552,140.7741458,344704400
2.67,0,0.8995000869,0.8995000869,0.8491899104,0.8995000869,0.8491899104,0,0,0,0,9.20147163,144.604359,140.6701436,346000300
2.68,0,0.8982167473,0.8982167473,0.8481668002,0.8982167473,0.8481668002,0,0,0,0,9.184811317,144.4601247,140.5658853,347296200
2.69,0,0.8969389814,0.8969389814,0.8471492635,0.8969389814,0.8471492635,0,0,0,0,9.168145049,144.3157299,140.4613527,348592000
2.7,0,0.8956666043,0.8956666043,0.8461371157,0.8956666043,0.8461371157,0,0,0,0,9.151469931,144.1712102,140.3565743,349887900
2.71,0,0.8943996487,0.8943996487,0.8451303894,0.8943996487,0.8451303894,0,0,0,0,9.134793126,144.0265617,140.2515489,351183800
2.72,0,0.893138107,0.893138107,0.844129077,0.893138107,0.844129077,0,0,0,0,9.118113508,143.881835,140.1463183,352479700
2.73,0,0.8918819468,0.8918819468,0.8431331461,0.8918819468,0.8431331461,0,0,0,0,9.101431082,143.7370341,140.0408854,353775600
2.74,0,0.8906310387,0.8906310387,0.8421424672,0.8906310387,0.8421424672,0,0,0,0,9.084749183,143.592116,139.9352133,355071400
2.75,0,0.889385466,0.889385466,0.8411571239,0.889385466,0.8411571239,0,0,0,0,9.068069587,143.4471647,139.8293743,356367300
2.76,0,0.888145087,0.888145087,0.8401769741,0.888145087,0.8401769741,0,0,0,0,9.051389389,143.3020867,139.7232857,357663200
2.77,0,0.8869099756,0.8869099756,0.839202092,0.8869099756,0.839202092,0,0,0,0,9.034715685,143.1570077,139.6170578,358959100
2.78,0,0.8856799106,0.8856799106,0.8382322562,0.8856799106,0.8382322562,0,0,0,0,9.018222168,143.0094969,139.5086539,360254900
2.79,0,0.8844550501,0.8844550501,0.837267625,0.8844550501,0.837267625,0,0,0,0,9.004149954,142.8285364,139.3720655,361550800
2.8,0,0.8832352876,0.8832352876,0.8363080918,0.8832352876,0.8363080918,0,0,0,0,8.990083943,142.6476705,139.2353432,362846700
2.81,0,0.8820205791,0.8820205791,0.8353536126,0.8820205791,0.8353536126,0,0,0,0,8.976025207,142.4669056,139.0984921,364142600
2.82,0,0.8808108968,0.8808108968,0.8344041596,0.8808108968,0.8344041596,0,0,0,0,8.96197786,142.2862186,138.9614926,365438500
2.83,0,0.879606219,0.879606219,0.8334597111,0.879606219,0.8334597111,0,0,0,0,8.947934914,142.105608,138.8243401,366734300
2.84,0,0.8784064088,0.8784064088,0.8325201301,0.8784064088,0.8325201301,0,0,0,0,8.933903357,141.9251343,138.6870887,368030200
2.85,0,0.8772115403,0.8772115403,0.8315854909,0.8772115403,0.8315854909,0,0,0,0,8.919885311,141.7447571,138.5497031,369326100
2.86,0,0.8760214923,0.8760214923,0.8306556722,0.8760214923,0.8306556722,0,0,0,0,8.905883681,141.5645629,138.4122589,370622000
2.87,0,0.8748362703,0.8748362703,0.8297306796,0.8748362703,0.8297306796,0,0,0,0,8.89188882,141.3844029,138.2746217,371917900
2.88,0,0.8736558369,0.8736558369,0.8288104754,0.8736558369,0.8288104754,0,0,0,0,8.877910644,141.2044874,138.1369779,373213800
2.89,0,0.8724801422,0.8724801422,0.82789501,0.8724801422,0.82789501,0,0,0,0,8.863945174,141.0246602,137.9991887,374509700
2.9,0,0.8713091579,0.8713091579,0.826984255,0.8713091579,0.826984255,0,0,0,0,8.849999339,140.8450468,137.8613653,375805500
2.91,0,0.8701428458,0.8701428458,0.8260781721,0.8701428458,0.8260781721,0,0,0,0,8.836066308,140.665526,137.7233984,377101400
2.92,0,0.8689811314,0.8689811314,0.8251766871,0.8689811314,0.8251766871,0,0,0,0,8.822150252,140.4861883,137.5853677,378397300
2.93,0,0.8678240299,0.8678240299,0.8242798148,0.8678240299,0.8242798148,0,0,0,0,8.808254097,140.3070682,137.4473037,379693200
2.94,0,0.8666714577,0.8666714577,0.8233874719,0.8666714577,0.8233874719,0,0,0,0,8.79437478,140.1280786,137.3091278,380989100
2.95,0,0.8655233929,0.8655233929,0.8224996364,0.8655233929,0.8224996364,0,0,0,0,8.780515471,139.9493659,137.170969,382284900
2.96,0,0.8643797902,0.8643797902,0.8216162629,0.8643797902,0.8216162629,0,0,0,0,8.766673105,139.7707852,137.0326981,383580800
2.97,0,0.8632406168,0.8632406168,0.8207373188,0.8632406168,0.8207373188,0,0,0,0,8.75285499,139.5923993,136.8943717,384876700
2.98,0,0.8621058172,0.8621058172,0.8198627486,0.8621058172,0.8198627486,0,0,0,0,8.739053841,139.4142706,136.7560415,386172600
2.99,0,0.8609753614,0.8609753614,0.8189925221,0.8609753614,0.8189925221,0,0,0,0,8.725277046,139.2363391,136.6176562,387468400
3,0,0.8598492369,0.8598492369,0.8181266268,0.8598492369,0.8181266268,0,0,0,0,8.711517155,139.0586096,136.479217,388764300
3.01,0,0.8588501698,0.8588501698,0.8172609958,0.8588501698,0.8172609958,0,0,0,0,8.697781648,138.8810782,136.3407216,390060200
3.02,0,0.8578890986,0.8578890986,0.8164333607,0.8578890986,0.8164333607,0,0,0,0,8.684071526,138.70388,136.2022891,391356100
3.03,0,0.8569316043,0.8569316043,0.8156093025,0.8569316043,0.8156093025,0,0,0,0,8.67037765,138.5268163,136.0637402,392652000
3.04,0,0.8559776326,0.8559776326,0.8147887669,0.8559776326,0.8147887669,0,0,0,0,8.65671195,138.3500564,135.9252273,393947800
3.05,0,0.8550272161,0.8550272161,0.8139717865,0.8550272161,0.8139717865,0,0,0,0,8.64306882,138.1734874,135.7866482,395243700
3.06,0,0.8540802921,0.8540802921,0.8131582986,0.8540802921,0.8131582986,0,0,0,0,8.629450197,137.9971899,135.6480738,396539600
3.07,0,0.853136907,0.853136907,0.8123483497,0.853136907,0.8123483497,0,0,0,0,8.615851933,137.8211249,135.5094677,397835500
3.08,0,0.852197013,0.852197013,0.8115418917,0.852197013,0.8115418917,0,0,0,0,8.602283194,137.6453824,135.3709116,399131400
3.09,0,0.8512606104,0.8512606104,0.8107389252,0.8512606104,0.8107389252,0,0,0,0,8.588734988,137.4698793,135.2323283,400427300
3.1,0,0.8503277049,0.8503277049,0.8099394559,0.8503277049,0.8099394559,0,0,0,0,8.5752114,137.2945938,135.093699,401723100
3.11,0,0.8493982454,0.8493982454,0.8091434325,0.8493982454,0.8091434325,0,0,0,0,8.561717363,137.119635,134.9551211,403019000
3.12,0,0.8484722658,0.8484722658,0.808350889,0.8484722658,0.808350889,0,0,0,0,8.548249042,136.9449675,134.8165614,404314900
3.13,0,0.8475497358,0.8475497358,0.807561795,0.8475497358,0.807561795,0,0,0,0,8.534801439,136.7705456,134.6779772,405610800
3.14,0,0.8466306482,0.8466306482,0.8067761435,0.8466306482,0.8067761435,0,0,0,0,8.52138234,136.5963876,134.539386,406906700
3.15,0,0.8457149743,0.8457149743,0.8059939058,0.8457149743,0.8059939058,0,0,0,0,8.507992131,136.4225574,134.4008442,408202600
3.16,0,0.8448027098,0.8448027098,0.8052150774,0.8448027098,0.8052150774,0,0,0,0,8.494623825,136.2489837,134.2622857,409498400
3.17,0,0.8438938578,0.8438938578,0.8044396614,0.8438938578,0.8044396614,0,0,0,0,8.48128512,136.0757505,134.1237868,410794300
3.18,0,0.8429884172,0.8429884172,0.803667657,0.8429884172,0.803667657,0,0,0,0,8.467971259,135.9028104,133.9853033,412090200
3.19,0,0.8420863559,0.8420863559,0.8028990318,0.8420863559,0.8028990318,0,0,0,0,8.454687474,135.7301524,133.8468257,413386100
3.2,0,0.841187658,0.841187658,0.80213377,0.841187658,0.80213377,0,0,0,0,8.441427472,135.5577833,133.7083581,414682000
3.21,0,0.840292349,0.840292349,0.8013718971,0.840292349,0.8013718971,0,0,0,0,8.428193409,135.3857234,133.5699184,415977900
3.22,0,0.839400353,0.839400353,0.8006133372,0.839400353,0.8006133372,0,0,0,0,8.414989373,135.2139536,133.4314897,417273700
3.23,0,0.8385117248,0.8385117248,0.7998581451,0.8385117248,0.7998581451,0,0,0,0,8.401815294,135.0425909,133.2931768,418569600
3.24,0,0.8376264092,0.8376264092,0.7991062656,0.8376264092,0.7991062656,0,0,0,0,8.388665255,134.8714669,133.1548259,419865500
3.25,0,0.8367444129,0.8367444129,0.7983577054,0.8367444129,0.7983577054,0,0,0,0,8.37554234,134.7006686,133.0165154,421161400
3.26,0,0.8358657439,0.8358657439,0.7976124725,0.8358657439,0.7976124725,0,0,0,0,8.362447331,134.5302112,132.8782588,422457200
3.27,0,0.8349903452,0.8349903452,0.7968705099,0.8349903452,0.7968705099,0,0,0,0,8.349381611,134.3601,132.7400604,423753100
3.28,0,0.8341182527,0.8341182527,0.7961318536,0.8341182527,0.7961318536,0,0,0,0,8.336341888,134.1902542,132.6018458,425049000
3.29,0,0.8332494119,0.8332494119,0.7953964488,0.8332494119,0.7953964488,0,0,0,0,8.323332394,134.020832,132.4637586,426344900
3.3,0,0.8323838553,0.8323838553,0.7946643283,0.8323838553,0.7946643283,0,0,0,0,8.310348211,133.851666,132.3256454,427640800
3.31,0,0.8315215532,0.8315215532,0.7939354623,0.8315215532,0.7939354623,0,0,0,0,8.297393971,133.6828146,132.1875593,428936600
3.32,0,0.8306624703,0.8306624703,0.7932098156,0.8306624703,0.7932098156,0,0,0,0,8.284465282,133.5143361,132.0495521,430232500
3.33,0,0.8298066224,0.8298066224,0.7924874038,0.8298066224,0.7924874038,0,0,0,0,8.271565701,133.3462229,131.9116168,431528400
3.34,0,0.8289540061,0.8289540061,0.7917682235,0.8289540061,0.7917682235,0,0,0,0,8.258695459,133.1784191,131.7737022,432824300
3.35,0,0.828104585,0.828104585,0.7910522385,0.828104585,0.7910522385,0,0,0,0,8.245852415,133.0109616,131.6358408,434120200
3.36,0,0.827258356,0.827258356,0.7903394456,0.827258356,0.7903394456,0,0,0,0,8.233037798,132.8438625,131.4980435,435416000
3.37,0,0.8264153101,0.8264153101,0.7896298359,0.8264153101,0.7896298359,0,0,0,0,8.220249615,132.6771036,131.3602925,436711900
3.38,0,0.8255754523,0.8255754523,0.7889234142,0.8255754523,0.7889234142,0,0,0,0,8.2074908,132.5107168,131.2226172,438007800
3.39,0,0.8247387281,0.8247387281,0.788220126,0.8247387281,0.788220126,0,0,0,0,8.194759432,132.3446325,131.0849528,439303700
3.4,0,0.8239051522,0.8239051522,0.7875199863,0.8239051522,0.7875199863,0,0,0,0,8.18205637,132.1789124,130.9473555,440599600
3.41,0,0.8230747411,0.8230747411,0.7868230113,0.8230747411,0.7868230113,0,0,0,0,8.169383918,132.0135844,130.8098508,441895500
3.42,0,0.8222474382,0.8222474382,0.7861291445,0.8222474382,0.7861291445,0,0,0,0,8.156735931,131.8485842,130.6723783,443191400
3.43,0,0.8214232427,0.8214232427,0.7854383851,0.8214232427,0.7854383851,0,0,0,0,8.144115199,131.6839508,130.5349736,444487200
3.44,0,0.8206021705,0.8206021705,0.784750749,0.8206021705,0.784750749,0,0,0,0,8.131524314,131.5197029,130.397654,445783100
3.45,0,0.8197841604,0.8197841604,0.784066175,0.8197841604,0.784066175,0,0,0,0,8.118963917,131.3557957,130.2603777,447079000
3.46,0,0.8189692541,0.8189692541,0.7833847048,0.8189692541,0.7833847048,0,0,0,0,8.106428011,131.1922304,130.1231444,448374900
3.47,0,0.8181574097,0.8181574097,0.7827062965,0.8181574097,0.7827062965,0,0,0,0,8.093918753,131.0290776,129.9860194,449670800
3.48,0,0.8173486136,0.8173486136,0.7820309366,0.8173486136,0.7820309366,0,0,0,0,8.081441145,130.8662864,129.8489556,450966600
3.49,0,0.8165428649,0.8165428649,0.7813586239,0.8165428649,0.7813586239,0,0,0,0,8.068987125,130.7037757,129.7118765,452262500
3.5,0,0.8157401441,0.8157401441,0.7806893392,0.8157401441,0.7806893392,0,0,0,0,8.056559767,130.5416861,129.5749124,453558400
3.51,0,0.8149404497,0.8149404497,0.7800230809,0.8149404497,0.7800230809,0,0,0,0,8.044164151,130.3800159,129.4380617,454854300
3.52,0,0.814143758,0.814143758,0.7793598253,0.814143758,0.7793598253,0,0,0,0,8.031797068,130.218687,129.3012513,456150100
3.53,0,0.8133500699,0.8133500699,0.7786995733,0.8133500699,0.7786995733,0,0,0,0,8.019451883,130.0576784,129.1644604,457446000
3.54,0,0.8125593516,0.8125593516,0.7780422911,0.8125593516,0.7780422911,0,0,0,0,8.007138312,129.8970979,129.02779,458741900
3.55,0,0.8117716234,0.8117716234,0.777387999,0.8117716234,0.777387999,0,0,0,0,7.994850656,129.7368826,128.8911804,460037800
3.56,0,0.8109868441,0.8109868441,0.7767366558,0.8109868441,0.7767366558,0,0,0,0,7.982587696,129.5770231,128.7546224,461333700
3.57,0,0.810205002,0.810205002,0.7760882499,0.810205002,0.7760882499,0,0,0,0,7.970356443,129.417603,128.6181944,462629500
3.58,0,0.8094261308,0.8094261308,0.7754428148,0.8094261308,0.7754428148,0,0,0,0,7.958151116,129.2584983,128.4817795,463925400
3.59,0,0.8086501555,0.8086501555,0.7748002755,0.8086501555,0.7748002755,0,0,0,0,7.951384827,129.0997816,128.337744,465221300
3.6,0,0.8078771024,0.8078771024,0.7741606585,0.8078771024,0.7741606585,0,0,0,0,7.948103186,128.9414823,128.1891293,466517200
3.61,0,0.8071069472,0.8071069472,0.7735239395,0.8071069472,0.7735239395,0,0,0,0,7.944848412,128.783519,128.0408398,467813100
3.62,0,0.8063396801,0.8063396801,0.7728901084,0.8063396801,0.7728901084,0,0,0,0,7.941620732,128.6259449,127.8929254,469109000
3.63,0,0.8055752899,0.8055752899,0.7722591543,0.8055752899,0.7722591543,0,0,0,0,7.93842172,128.4687359,127.7453635,470404900
3.64,0,0.8048137644,0.8048137644,0.771631065,0.8048137644,0.771631065,0,0,0,0,7.935246671,128.3119416,127.5981999,471700700
3.65,0,0.8040550893,0.8040550893,0.7710058259,0.8040550893,0.7710058259,0,0,0,0,7.932099651,128.1555512,127.4514249,472996600
3.66,0,0.8032992474,0.8032992474,0.7703834201,0.8032992474,0.7703834201,0,0,0,0,7.928977605,127.9994881,127.3049662,474292500
3.67,0,0.8025462445,0.8025462445,0.7697638534,0.8025462445,0.7697638534,0,0,0,0,7.92588239,127.8438274,127.1588944,475588400
3.68,0,0.8017960563,0.8017960563,0.7691471013,0.8017960563,0.7691471013,0,0,0,0,7.922813226,127.6885551,127.0131961,476884300
3.69,0,0.8010486631,0.8010486631,0.7685331442,0.8010486631,0.7685331442,0,0,0,0,7.919770118,127.5336787,126.8678781,478180100
3.7,0,0.8003040628,0.8003040628,0.76792198,0.8003040628,0.76792198,0,0,0,0,7.916752996,127.3791951,126.7229377,479476000
3.71,0,0.7995622333,0.7995622333,0.7673135866,0.7995622333,0.7673135866,0,0,0,0,7.91376095,127.2250977,126.5783682,480771900
3.72,0,0.7988231928,0.7988231928,0.7667079822,0.7988231928,0.7667079822,0,0,0,0,7.910795825,127.0714146,126.434196,482067800
3.73,0,0.7980868708,0.7980868708,0.7661050963,0.7980868708,0.7661050963,0,0,0,0,7.907854917,126.9180538,126.2903348,483363600
3.74,0,0.7973533114,0.7973533114,0.765504973,0.7973533114,0.765504973,0,0,0,0,7.904940023,126.7651485,126.1469093,484659600
3.75,0,0.7966224844,0.7966224844,0.7649075821,0.7966224844,0.7649075821,0,0,0,0,7.902051141,126.6125971,126.0038241,485955400
3.76,0,0.7958943672,0.7958943672,0.7643129011,0.7958943672,0.7643129011,0,0,0,0,7.900070681,126.4527368,125.8539704,487251300
3.77,0,0.7951689481,0.7951689481,0.763720918,0.7951689481,0.763720918,0,0,0,0,7.898097207,126.2934773,125.7046849,488547200
3.78,0,0.7944462274,0.7944462274,0.7631316334,0.7944462274,0.7631316334,0,0,0,0,7.896123201,126.134876,125.5560206,489843100
3.79,0,0.7937261873,0.7937261873,0.7625450294,0.7937261873,0.7625450294,0,0,0,0,7.894149326,125.976918,125.4079637,491138900
3.8,0,0.7930088111,0.7930088111,0.7619610893,0.7930088111,0.7619610893,0,0,0,0,7.892173302,125.8195361,125.2604511,492434800
3.81,0,0.7922940932,0.7922940932,0.7613798075,0.7922940932,0.7613798075,0,0,0,0,7.890198976,125.6628588,125.1136033,493730700
3.82,0,0.7915820024,0.7915820024,0.7608011528,0.7915820024,0.7608011528,0,0,0,0,7.888222884,125.5067553,124.9672975,495026600
3.83,0,0.7908725475,0.7908725475,0.7602251341,0.7908725475,0.7602251341,0,0,0,0,7.886248872,125.3513537,124.8216541,496322500
3.84,0,0.7901657202,0.7901657202,0.7596517429,0.7901657202,0.7596517429,0,0,0,0,7.884272819,125.1965117,124.6765393,497618300
3.85,0,0.7894614867,0.7894614867,0.7590809454,0.7894614867,0.7590809454,0,0,0,0,7.882297103,125.0422945,124.5320144,498914200
3.86,0,0.7887598504,0.7887598504,0.7584654282,0.7887598504,0.7584654282,0,0,0,0,7.880322791,124.8887159,124.3880925,500210100
3.87,0,0.7880607784,0.7880607784,0.7578524752,0.7880607784,0.7578524752,0,0,0,0,7.878349353,124.735761,124.2447593,501506000
3.88,0,0.7873642809,0.7873642809,0.7572420968,0.7873642809,0.7572420968,0,0,0,0,7.876374732,124.5834077,124.1019942,502801900
3.89,0,0.7866703406,0.7866703406,0.7566342755,0.7866703406,0.7566342755,0,0,0,0,7.874401429,124.4316276,123.9597705,504097800
3.9,0,0.7859789318,0.7859789318,0.7560289858,0.7859789318,0.7560289858,0,0,0,0,7.872428479,124.2805039,123.8181663,505393600
3.91,0,0.7852900655,0.7852900655,0.7554262385,0.7852900655,0.7554262385,0,0,0,0,7.870456106,124.1299384,123.6770895,506689500
3.92,0,0.7846037035,0.7846037035,0.7548259956,0.7846037035,0.7548259956,0,0,0,0,7.868484622,123.9800309,123.5366335,507985400
3.93,0,0.7839198512,0.7839198512,0.7542282623,0.7839198512,0.7542282623,0,0,0,0,7.866514004,123.8306803,123.3967036,509281300
3.94,0,0.7832384778,0.7832384778,0.753633008,0.7832384778,0.753633008,0,0,0,0,7.864544749,123.6819291,123.2573396,510577200
3.95,0,0.7825595966,0.7825595966,0.7530402459,0.7825595966,0.7530402459,0,0,0,0,7.862574834,123.5337608,123.118526,511873100
3.96,0,0.7818831793,0.7818831793,0.7524499477,0.7818831793,0.7524499477,0,0,0,0,7.860606724,123.3861887,122.9802754,513168900
3.97,0,0.7812092035,0.7812092035,0.7518620909,0.7812092035,0.7518620909,0,0,0,0,7.858640243,123.2392217,122.8425958,514464800
3.98,0,0.7805376663,0.7805376663,0.7512766728,0.7805376663,0.7512766728,0,0,0,0,7.856674827,123.0928415,122.7054703,515760700
3.99,0,0.7798685631,0.7798685631,0.7506936886,0.7798685631,0.7506936886,0,0,0,0,7.854709728,122.9470341,122.5688857,517056600
4,0,0.7792018785,0.7792018785,0.7501131231,0.7792018785,0.7501131231,0,0,0,0,7.852747041,122.8017741,122.4328181,518352400
4.01,0,0.7785375793,0.7785375793,0.7495349429,0.7785375793,0.7495349429,0,0,0,0,7.850783933,122.6571235,122.2973256,519648400
4.02,0,0.7778756839,0.7778756839,0.7489591665,0.7778756839,0.7489591665,0,0,0,0,7.848823525,122.5130219,122.1623516,520944200
4.03,0,0.7772161512,0.7772161512,0.7483857529,0.7772161512,0.7483857529,0,0,0,0,7.846864194,122.3694859,122.0279117,522240100
4.04,0,0.7765589932,0.7765589932,0.747814714,0.7765589932,0.747814714,0,0,0,0,7.844906978,122.2265309,121.8940202,523536000
4.05,0,0.7759041832,0.7759041832,0.747246023,0.7759041832,0.747246023,0,0,0,0,7.842949034,122.0841226,121.760645,524831900
4.06,0,0.7752516999,0.7752516999,0.7466796588,0.7752516999,0.7466796588,0,0,0,0,7.84099468,121.9423529,121.627872,526127700
4.07,0,0.7746015465,0.7746015465,0.7461156245,0.7746015465,0.7461156245,0,0,0,0,7.839041127,121.8010382,121.4955296,527423600
4.08,0,0.7739536992,0.7739536992,0.7455538962,0.7739536992,0.7455538962,0,0,0,0,7.837088359,121.6603223,121.363752,528719500
4.09,0,0.7733081561,0.7733081561,0.7449944722,0.7733081561,0.7449944722,0,0,0,0,7.835138566,121.5201886,121.2325238,530015400
4.1,0,0.7726648987,0.7726648987,0.7444373339,0.7726648987,0.7444373339,0,0,0,0,7.833190051,121.3805533,121.1017666,531311200
4.11,0,0.7720239223,0.7720239223,0.7438824765,0.7720239223,0.7438824765,0,0,0,0,7.831242892,121.2415161,120.9715736,532607200
4.12,0,0.7713851885,0.7713851885,0.7433298618,0.7713851885,0.7433298618,0,0,0,0,7.829297297,121.1030269,120.8418979,533903000
4.13,0,0.7707487097,0.7707487097,0.742779502,0.7707487097,0.742779502,0,0,0,0,7.827353439,120.9650404,120.7126972,535198900
4.14,0,0.7701144656,0.7701144656,0.742231377,0.7701144656,0.742231377,0,0,0,0,7.825411469,120.8276008,120.5840126,536494800
4.15,0,0.7694824431,0.7694824431,0.7416854735,0.7694824431,0.7416854735,0,0,0,0,7.823472486,120.6907199,120.4558554,537790700
4.16,0,0.7688526275,0.7688526275,0.741141777,0.7688526275,0.741141777,0,0,0,0,7.821533584,120.5543605,120.3281905,539086500
4.17,0,0.7682250173,0.7682250173,0.7406002858,0.7682250173,0.7406002858,0,0,0,0,7.81959729,120.4185432,120.2010373,540382500
4.18,0,0.7675995728,0.7675995728,0.7400609604,0.7675995728,0.7400609604,0,0,0,0,7.817662404,120.2832583,120.0743866,541678300
4.19,0,0.7669763038,0.7669763038,0.7395238105,0.7669763038,0.7395238105,0,0,0,0,7.815730076,120.1485201,119.9482518,542974200
4.2,0,0.7663551943,0.7663551943,0.7389888201,0.7663551943,0.7389888201,0,0,0,0,7.813798646,120.0142953,119.8226017,544270000
4.21,0,0.7657362268,0.7657362268,0.7384559716,0.7657362268,0.7384559716,0,0,0,0,7.811870248,119.8806142,119.6974648,545566000
4.22,0,0.7651193829,0.7651193829,0.7379252468,0.7651193829,0.7379252468,0,0,0,0,7.809942939,119.7474019,119.5727707,546861800
4.23,0,0.7645046752,0.7645046752,0.7373966581,0.7645046752,0.7373966581,0,0,0,0,7.808017895,119.6147644,119.4486187,548157700
4.24,0,0.7638920629,0.7638920629,0.7368701649,0.7638920629,0.7368701649,0,0,0,0,7.806095374,119.4826054,119.3249186,549453600
4.25,0,0.7632815437,0.7632815437,0.7363457647,0.7632815437,0.7363457647,0,0,0,0,7.804174072,119.3510132,119.2017531,550749500
4.26,0,0.7626731013,0.7626731013,0.7358234414,0.7626731013,0.7358234414,0,0,0,0,7.802254764,119.2198842,119.0790252,552045400
4.27,0,0.7620667201,0.7620667201,0.7353031792,0.7620667201,0.7353031792,0,0,0,0,7.801603375,119.0786869,118.9469026,553341200
4.28,0,0.761462398,0.761462398,0.7347849762,0.761462398,0.7347849762,0,0,0,0,7.800166661,118.9424377,118.8193987,554637100
4.29,0,0.7608601188,0.7608601188,0.7342688161,0.7608601188,0.7342688161,0,0,0,0,7.798740442,118.8065406,118.6922276,555933000
4.3,0,0.7602598752,0.7602598752,0.7337546915,0.7602598752,0.7337546915,0,0,0,0,7.797321999,118.6711425,118.5655267,557228900
4.31,0,0.759661628,0.759661628,0.7332425634,0.759661628,0.7332425634,0,0,0,0,7.795914812,118.5360975,118.4391595,558524700
4.32,0,0.759065393,0.759065393,0.7327324475,0.759065393,0.7327324475,0,0,0,0,7.794516266,118.4015209,118.3132337,559820700
4.33,0,0.7584711441,0.7584711441,0.7322243176,0.7584711441,0.7322243176,0,0,0,0,7.793127003,118.2673606,118.1877007,561116500
4.34,0,0.7578788536,0.7578788536,0.7317181462,0.7578788536,0.7317181462,0,0,0,0,7.791747822,118.1336388,118.062581,562412400
4.35,0,0.7572885454,0.7572885454,0.731213957,0.7572885454,0.731213957,0,0,0,0,7.790378297,118.0002861,117.9378098,563708300
4.36,0,0.7567001842,0.7567001842,0.7307117149,0.7567001842,0.7307117149,0,0,0,0,7.789017521,117.8673848,117.8134639,565004200
4.37,0,0.7561137624,0.7561137624,0.7302114122,0.7561137624,0.7302114122,0,0,0,0,7.787667039,117.7348713,117.6894839,566300000
4.38,0,0.7555292461,0.7555292461,0.7297130149,0.7555292461,0.7297130149,0,0,0,0,7.786326561,117.602821,117.5659403,567596000
4.39,0,0.754946666,0.754946666,0.729227975,0.754946666,0.729227975,0,0,0,0,7.784994977,117.4711324,117.4427379,568891800
4.4,0,0.7543659752,0.7543659752,0.7287709956,0.7543659752,0.7287709956,0,0,0,0,7.78367361,117.3398616,117.3199294,570187700
4.41,0,0.7537871618,0.7537871618,0.7283151379,0.7537871618,0.7283151379,0,0,0,0,7.78235991,117.2089864,117.1974938,571483500
4.42,0,0.7532102172,0.7532102172,0.7278603993,0.7532102172,0.7278603993,0,0,0,0,7.781057866,117.0785849,117.0755042,572779500
4.43,0,0.7526351429,0.7526351429,0.7274067871,0.7526351429,0.7274067871,0,0,0,0,7.779764251,116.9485281,116.9538399,574075300
4.44,0,0.7520619119,0.7520619119,0.7269542799,0.7520619119,0.7269542799,0,0,0,0,7.778479065,116.8188652,116.8325468,575371200
4.45,0,0.7514905156,0.7514905156,0.7265028748,0.7514905156,0.7265028748,0,0,0,0,7.777205427,116.689635,116.7116612,576667100
4.46,0,0.7509209204,0.7509209204,0.7260525439,0.7509209204,0.7260525439,0,0,0,0,7.775940725,116.5607955,116.5911438,577963000
4.47,0,0.7503531571,0.7503531571,0.7256033236,0.7503531571,0.7256033236,0,0,0,0,7.774684785,116.4323054,116.4709559,579258800
4.48,0,0.7497871637,0.7497871637,0.7251551575,0.7497871637,0.7251551575,0,0,0,0,7.773438646,116.304264,116.3511904,580554800
4.49,0,0.7492229757,0.7492229757,0.7247080863,0.7492229757,0.7247080863,0,0,0,0,7.772201656,116.1766143,116.2317938,581850600
4.5,0,0.7486605366,0.7486605366,0.7242620592,0.7486605366,0.7242620592,0,0,0,0,7.770974095,116.0493071,116.1127202,583146500
4.51,0,0.7480998517,0.7480998517,0.7238170866,0.7480998517,0.7238170866,0,0,0,0,7.769757643,115.9224649,115.9940839,584442400
4.52,0,0.7475409196,0.7475409196,0.7233731727,0.7475409196,0.7233731727,0,0,0,0,7.768548712,115.795943,115.8757499,585738200
4.53,0,0.7469837155,0.7469837155,0.7229302978,0.7469837155,0.7229302978,0,0,0,0,7.76735017,115.6698722,115.7578402,587034200
4.54,0,0.7464282258,0.7464282258,0.7224884536,0.7464282258,0.7224884536,0,0,0,0,7.766161337,115.5441481,115.6402572,588330000
4.55,0,0.7458744203,0.7458744203,0.722047615,0.7458744203,0.722047615,0,0,0,0,7.764981145,115.4188006,115.5230287,589625900
4.56,0,0.7453223231,0.7453223231,0.7216078114,0.7453223231,0.7216078114,0,0,0,0,7.763809849,115.2938312,115.4061563,590921800
4.57,0,0.7447719191,0.7447719191,0.7211690325,0.7447719191,0.7211690325,0,0,0,0,7.762648568,115.1692941,115.2896905,592217700
4.58,0,0.7442231521,0.7442231521,0.7207312274,0.7442231521,0.7207312274,0,0,0,0,7.761497115,115.0451063,115.1735537,593513500
4.59,0,0.7436760443,0.7436760443,0.7202944233,0.7436760443,0.7202944233,0,0,0,0,7.760352931,114.9212726,115.0577503,594809500
4.6,0,0.7431305831,0.7431305831,0.7198586123,0.7431305831,0.7198586123,0,0,0,0,7.759219788,114.7978395,114.9423238,596105300
4.61,0,0.7425867349,0.7425867349,0.7194237659,0.7425867349,0.7194237659,0,0,0,0,7.7580961,114.6747431,114.8272142,597401200
4.62,0,0.7420444912,0.7420444912,0.7189898804,0.7420444912,0.7189898804,0,0,0,0,7.756981868,114.5520654,114.7124985,598697100
4.63,0,0.7415038621,0.7415038621,0.7185569708,0.7415038621,0.7185569708,0,0,0,0,7.755876185,114.4297525,114.598126,599993000
4.64,0,0.7409648296,0.7409648296,0.7181250237,0.7409648296,0.7181250237,0,0,0,0,7.754780009,114.3078193,114.4841107,601288800
4.65,0,0.7404273479,0.7404273479,0.7176939981,0.7404273479,0.7176939981,0,0,0,0,7.753692569,114.1862041,114.3703948,602584700
4.66,0,0.7398914362,0.7398914362,0.717263918,0.7398914362,0.717263918,0,0,0,0,7.752615957,114.0650237,114.2570876,603880600
4.67,0,0.7393570691,0.7393570691,0.7168347626,0.7393570691,0.7168347626,0,0,0,0,7.75154736,113.9441939,114.1441102,605176500
4.68,0,0.7388242364,0.7388242364,0.7164065261,0.7388242364,0.7164065261,0,0,0,0,7.750487618,113.823687,114.0314367,606472300
4.69,0,0.7382929322,0.7382929322,0.7159792073,0.7382929322,0.7159792073,0,0,0,0,7.749436918,113.7035455,113.9191069,607768300
4.7,0,0.7377631357,0.7377631357,0.7155527901,0.7377631357,0.7155527901,0,0,0,0,7.748396419,113.583822,113.8071698,609064100
4.71,0,0.7372348318,0.7372348318,0.7151272636,0.7372348318,0.7151272636,0,0,0,0,7.747364216,113.4644066,113.6955225,610360000
4.72,0,0.7367080095,0.7367080095,0.7147026214,0.7367080095,0.7147026214,0,0,0,0,7.746341494,113.3453979,113.5842576,611655900
4.73,0,0.7361826535,0.7361826535,0.7142788526,0.7361826535,0.7142788526,0,0,0,0,7.745327161,113.2266948,113.4732801,612951700
4.74,0,0.7356587636,0.7356587636,0.7138559611,0.7356587636,0.7138559611,0,0,0,0,7.744323149,113.1083718,113.3626597,614247600
4.75,0,0.7351363039,0.7351363039,0.7134339157,0.7351363039,0.7134339157,0,0,0,0,7.743327832,112.9903999,113.2523694,615543600
4.76,0,0.7346152833,0.7346152833,0.7130127294,0.7346152833,0.7130127294,0,0,0,0,7.742340411,112.8727636,113.1423948,616839400
4.77,0,0.7340956973,0.7340956973,0.7125924019,0.7340956973,0.7125924019,0,0,0,0,7.741363523,112.755505,113.0327748,618135300
4.78,0,0.7335774869,0.7335774869,0.7121728786,0.7335774869,0.7121728786,0,0,0,0,7.740394585,112.6385869,112.9234748,619431200
4.79,0,0.7330606924,0.7330606924,0.7117542038,0.7330606924,0.7117542038,0,0,0,0,7.739435594,112.5220304,112.8145146,620727000
4.8,0,0.7325452575,0.7325452575,0.7113363253,0.7325452575,0.7113363253,0,0,0,0,7.738484645,112.4057692,112.7058321,622023000
4.81,0,0.7320312047,0.7320312047,0.7109192698,0.7320312047,0.7109192698,0,0,0,0,7.737542671,112.2899,112.5975176,623318800
4.82,0,0.7315185109,0.7315185109,0.7105030183,0.7315185109,0.7105030183,0,0,0,0,7.736610085,112.1743836,112.4895345,624614700
4.83,0,0.7310071477,0.7310071477,0.7100875462,0.7310071477,0.7100875462,0,0,0,0,7.735686727,112.0592157,112.3818787,625910600
4.84,0,0.7304971152,0.7304971152,0.7096728579,0.7304971152,0.7096728579,0,0,0,0,7.734771624,111.9443414,112.2744989,627206500
4.85,0,0.7299883872,0.7299883872,0.709258931,0.7299883872,0.709258931,0,0,0,0,7.733865936,111.8298639,112.1674916,628502300
4.86,0,0.7294809762,0.7294809762,0.7088457819,0.7294809762,0.7088457819,0,0,0,0,7.732967823,111.7156679,112.0607488,629798200
4.87,0,0.7289748514,0.7289748514,0.7084333837,0.7289748514,0.7084333837,0,0,0,0,7.732080245,111.6018765,111.9543857,631094100
4.88,0,0.7284699999,0.7284699999,0.7080217274,0.7284699999,0.7080217274,0,0,0,0,7.731199361,111.4883536,111.848275,632390000
4.89,0,0.727966416,0.727966416,0.707610811,0.727966416,0.707610811,0,0,0,0,7.7303284,111.3752221,111.7425315,633685800
4.9,0,0.7274640797,0.7274640797,0.7072006185,0.7274640797,0.7072006185,0,0,0,0,7.729465906,111.2623868,111.6370661,634981800
4.91,0,0.7269629876,0.7269629876,0.7067911501,0.7269629876,0.7067911501,0,0,0,0,7.728612386,111.1498922,111.5319206,636277600
4.92,0,0.7264631142,0.7264631142,0.706382384,0.7264631142,0.706382384,0,0,0,0,7.727767002,111.0377171,111.427075,637573500
4.93,0,0.7259644513,0.7259644513,0.7059743158,0.7259644513,0.7059743158,0,0,0,0,7.726931499,110.9259331,111.3225963,638869400
4.94,0,0.7254669919,0.7254669919,0.7055669419,0.7254669919,0.7055669419,0,0,0,0,7.726103997,110.8144364,111.2183873,640165200
4.95,0,0.7249707344,0.7249707344,0.7051602647,0.7249707344,0.7051602647,0,0,0,0,7.725284817,110.7032628,111.1144815,641461100
4.96,0,0.724475624,0.724475624,0.7047542329,0.724475624,0.7047542329,0,0,0,0,7.724474798,110.5924249,111.0108906,642757100
4.97,0,0.723981702,0.723981702,0.7043488911,0.723981702,0.7043488911,0,0,0,0,7.723672288,110.4818959,110.9075897,644052900
4.98,0,0.7234889015,0.7234889015,0.7039441761,0.7234889015,0.7039441761,0,0,0,0,7.722879871,110.3717215,110.8046212,645348800
4.99,0,0.7229972612,0.7229972612,0.7035401302,0.7229972612,0.7035401302,0,0,0,0,7.722094217,110.2618411,110.7019288,646644700
5,0,0.7225067284,0.7225067284,0.7031367041,0.7225067284,0.7031367041,0,0,0,0,7.721317937,110.1522565,110.5995138,647940500