,time,altitude,velocity,acceleration,drag,thrust
0,0.0,0.0,0.0,7.609521766984937,0.0003172130344369464,262.8651050996299
1,0.01,0.0,0.0,4.635084752266688,0.00030488660494132217,623.0268351150286
2,0.02,0.0,0.0,1.65958722397991,0.0002928045455414687,983.1885651304273
3,0.03,0.0,0.0,7.089482636048136,0.0002809668475570529,2041.903798964748
4,0.04,0.0003543396337952832,0.07093155976078425,13.740748228520067,0.0004026516212887259,2846.217659618014
5,0.05,0.0017497891927893776,0.20839026292463148,18.703043026373273,0.000753553697750256,3445.7878972660146
6,0.060000000000000005,0.004766695913007492,0.39548272218233377,22.347327213756476,0.001527796112696209,3885.640103575811
7,0.07,0.009835143726505773,0.6190259545644888,24.98264885595395,0.0029883040543795254,4203.267114106246
8,0.08,0.017268934172351716,0.86892812601258,26.857331252402247,0.005471055550762826,4428.7823291545865
9,0.09,0.027293483349331814,1.1375922688410771,28.16725681208656,0.009345685389152033,4585.763764993822
10,0.09999999999999999,0.04006804488727518,1.419370373761645,29.061796134495825,0.014987039131958316,4692.300077466342
11,0.10999999999999999,0.05570285250813624,1.710096318551723,29.652224888256573,0.02266296261368411,4762.040751423278
12,0.11999999999999998,0.07427211671601874,2.0067281396267798,30.022252888122612,0.03265384148133565,4805.128617655645
13,0.12999999999999998,0.09582383562555018,2.3070612060702675,30.23335607911524,0.045185215011230344,4829.009685050943
14,0.13999999999999999,0.12038705058571403,2.6095058191266243,30.33042701565959,0.06043956622797004,4839.119329555287
15,0.15,0.14797716192509613,2.912921332075877,30.345973203830802,0.07856052612915425,4839.391975603458
16,0.16,0.17859979710602353,3.2164922954443687,30.348080339265195,0.09886641450221187,4838.045319973513
17,0.17,0.2122558377679929,3.5200842616712387,30.350166476550683,0.12187463981500782,4836.6986643435675
18,0.18000000000000002,0.24894549271549782,3.8236970183125445,30.35223113629288,0.1476404135761083,4835.352008713623
19,0.19000000000000003,0.28866896038096124,4.127328290216992,30.354026987415722,0.17620995268410813,4834.005353083678
20,0.20000000000000004,0.33142641232276976,4.4309753846417985,30.355553408581507,0.20762208367935187,4832.658697453732
21,0.21000000000000005,0.3772180010500953,4.734637556192969,30.260255299027918,0.2446044184148059,4819.6634075359625
22,0.22000000000000006,0.42603903903565604,5.037346375792039,30.16486575122698,0.28517265538365155,4806.668117618194
23,0.23000000000000007,0.4778799957481141,5.339100926291165,30.069384237589603,0.329379573544874,4793.672827700424
24,0.24000000000000007,0.5327313314672608,5.6399002857709215,29.973810330416896,0.37726585830840903,4780.677537782654
25,0.25000000000000006,0.5905834972412173,5.9397435285055025,29.878143695167616,0.42886093027666616,4767.6822478648855
26,0.26000000000000006,0.6514269345948466,6.2386296468200255,29.867271973312977,0.48615791037873585,4764.889766272683
27,0.2700000000000001,0.715256317345289,6.537406871091009,29.856356844740553,0.547824420609679,4762.09728468048
28,0.2800000000000001,0.7820705552385794,6.836074764581067,29.845397799103893,0.613916678905466,4759.304803088277
29,0.2900000000000001,0.8518685536332946,7.13463288603482,29.834394443440285,0.6844767316562761,4756.512321496074
30,0.3000000000000001,0.9246492134612914,7.433080790857357,29.82334650299417,0.7595323777120063,4753.719839903872
31,0.3100000000000001,1.0004114317435824,7.731418197583166,29.785379411536468,0.8350277591600984,4747.69906684317
32,0.3200000000000001,1.0791527587479632,8.029375705347517,29.74735587651414,0.9143387779544957,4741.678293782469
33,0.3300000000000001,1.1608693956809648,8.326952750098503,29.709275986046556,0.9974482756341113,4735.6575207217675
34,0.34000000000000014,1.245557538118082,8.624148768845226,29.67113986356237,1.084334875395933,4729.636747661066
35,0.35000000000000014,1.3332133760160758,8.920963199991977,29.632947664052608,1.1749734379104222,4723.615974600365
36,0.36000000000000015,1.423833092648574,9.217395156418403,29.598576327165304,1.2773180948043394,4718.067538431721
37,0.37000000000000016,1.5174130581999927,9.5134831495362,29.564144737621568,1.3842033714643742,4712.519102263078
38,0.38000000000000017,1.6139498327685944,9.809226580472666,29.529653661026707,1.4955305861098718,4706.970666094435
39,0.3900000000000002,1.7134399705097731,10.104624858868794,29.49510403454717,1.6111806467573155,4701.422229925791
40,0.4000000000000002,1.8158800197297116,10.39967740459925,29.460496967607583,1.7310140012203874,4695.873793757148
41,0.4100000000000002,1.9212665249393182,10.694384235415033,29.426005139835297,1.8407360791201366,4690.331719525674
42,0.4200000000000002,2.029596035668818,10.988745953665132,29.39146411126937,1.9536564572897217,4684.789645294201
43,0.4300000000000002,2.140865101075678,11.282762068065114,29.35687403019755,2.0697516669107996,4679.247571062729
44,0.4400000000000002,2.255070265415793,11.57643208880259,29.322235042672894,2.1889985292108403,4673.705496831255
45,0.45000000000000023,2.372208068058079,11.869755527513798,29.287547292311494,2.3113741792163713,4668.163422599782
46,0.46000000000000024,2.4922750422911197,12.162731533674997,29.25208839742465,2.445584730909362,4662.543815156459
47,0.47000000000000025,2.615267652979707,12.45534619073564,29.21579266459063,2.5831246970768533,4656.924207713134
48,0.48000000000000026,2.7411822477202805,12.747591138043447,29.17866226396299,2.7239053255362733,4651.30460026981
49,0.49000000000000027,2.8700151168504764,13.03946458503755,29.141484208707265,2.8678387903187907,4645.684992826486
50,0.5000000000000002,3.0017625459461508,13.330966058659648,29.104259202872925,3.014836253667202,4640.065385383163
51,0.5100000000000002,3.1364208159818747,13.622095119986017,29.066920030114588,3.164164778478586,4634.437036489168
52,0.5200000000000002,3.2739862000058135,13.9128506032086,29.029535186019487,3.316390638786047,4628.808687595174
53,0.5300000000000002,3.4144549629307317,14.203232054866925,28.992105325667485,3.471431106493791,4623.18033870118
54,0.5400000000000003,3.557823365171171,14.493239028067228,28.954631106941964,3.629203208937741,4617.551989807186
55,0.5500000000000003,3.704087662709182,14.782871082503004,28.917113189051868,3.789623905376264,4611.923640913192
56,0.5600000000000003,3.8532441078275372,15.072127984028011,28.879353052448003,3.9478966829323476,4606.266866967989
57,0.5700000000000003,4.005288939181357,15.361007103492677,28.841548294837782,4.108905273759697,4600.610093022787
58,0.5800000000000003,4.1602183797222665,15.649507995710152,28.80369912365262,4.272620429310216,4594.953319077585
59,0.5900000000000003,4.318028647963832,15.937630217541939,28.76580574110922,4.439013549584024,4589.296545132382
60,0.6000000000000003,4.478715958001769,16.225373327846206,28.727868344306568,4.608056670733269,4583.63977118718
61,0.6100000000000003,4.642276521759653,16.51273755819507,28.689836913270433,4.763659086326739,4577.960964883351
62,0.6200000000000003,4.8087065466201215,16.799721327192856,28.65176750462703,4.921181671895387,4572.282158579524
63,0.6300000000000003,4.978002229089236,17.086324254346366,28.613659981310356,5.080636822953557,4566.603352275695
64,0.6400000000000003,5.150159761864674,17.372545957904222,28.5755142282551,5.242034303219983,4560.924545971867
65,0.6500000000000004,5.325175333824212,17.65838605506222,28.53733014954242,5.405381587272726,4555.245739668039
66,0.6600000000000004,5.503045126501731,17.943843105105767,28.49869721452821,5.595868760139277,4549.543395277438
67,0.6700000000000004,5.683765293476036,18.228913653097976,28.4600212995293,5.788822216570523,4543.841050886838
68,0.6800000000000004,5.867331970653491,18.513597271301553,28.42130281977839,5.984188293764718,4538.138706496238
69,0.6900000000000004,6.0537412896871645,18.79789353611162,28.382542186398894,6.181913872965082,4532.436362105637
70,0.7000000000000004,6.242989378017907,19.08180202801316,28.3437398061183,6.3819464127196,4526.734017715037
71,0.7100000000000004,6.435072359299562,19.365322446287713,28.304729035171764,6.581547211606097,4521.009185852
72,0.7200000000000004,6.629986345055928,19.64845258510715,28.265675432925374,6.783563555595782,4515.284353988962
73,0.7300000000000004,6.827727433453154,19.93119201714332,28.226579198992514,6.987967411556646,4509.559522125925
74,0.7400000000000004,7.028291718397398,20.213540317043783,28.187440528875957,7.194731260424909,4503.834690262887
75,0.7500000000000004,7.231675289554374,20.49549706139102,28.148259614034345,7.40382808862633,4498.10985839985
76,0.7600000000000005,7.437874231773133,20.77706165195567,28.10881338366276,7.619317989205261,4492.362687404296
77,0.7700000000000005,7.646884614052365,21.0582316378863,28.06933028301397,7.83648104297543,4486.615516408741
78,0.7800000000000005,7.858702491645892,21.339006653661144,28.029810949862924,8.055238028177477,4480.868345413187
79,0.7900000000000005,8.073323916187016,21.619386340116588,27.990256017872298,8.275510296397504,4475.121174417633
80,0.8000000000000005,8.290744935751842,21.899370344403906,27.95066611616864,8.497219821971935,4469.374003422078
81,0.8100000000000005,8.510961595150755,22.17895838617879,27.910876664614207,8.718837012420472,4463.605854125781
82,0.8200000000000005,8.733969927614195,22.458148377000793,27.871047440182775,8.942440609331765,4457.837704829482
83,0.8300000000000005,8.959765953807969,22.73693992017295,27.831178651250713,9.168001925494053,4452.069555533185
84,0.8400000000000005,9.188345690444399,23.01533262106031,27.791270501820055,9.39549281869317,4446.3014062368875
85,0.8500000000000005,9.41970515030271,23.29332608704661,27.75132319160304,9.62488568099221,4440.53325694059
86,0.8600000000000005,9.653840342266212,23.570919931768632,27.711160673369687,9.856094675376406,4434.744248221503
87,0.8700000000000006,9.890747262490237,23.8481119886005,27.670957107197165,10.089408272182622,4428.955239502415
88,0.8800000000000006,10.13042189423547,24.124901847586163,27.63071260039219,10.324809610889174,4423.166230783328
89,0.8900000000000006,10.37286021667162,24.401289099832482,27.590427258227695,10.562282085434928,4417.37722206424
90,0.9000000000000006,10.618058204887939,24.677273337489286,27.55010118401354,10.801809335544055,4411.588213345153
91,0.9100000000000006,10.866011829685345,24.952854087375904,27.509556588529257,11.044978990296874,4405.779843561075
92,0.9200000000000006,11.116717048655358,25.228029220587764,27.468969335701107,11.290409785363035,4399.971473776996
93,0.9300000000000006,11.3701698067201,25.502798310865973,27.428339491779276,11.538089549620302,4394.163103992918
94,0.9400000000000006,11.626366044545799,25.777160932615836,27.387667123343444,11.788006082192933,4388.35473420884
95,0.9500000000000006,11.88530169854945,26.051116660910093,27.34695229728615,12.040147154459222,4382.546364424761
96,0.9600000000000006,12.14697270102149,26.324665109946164,27.30604759439729,12.293424789426,4376.719562466707
97,0.9700000000000006,12.411374972945122,26.59780438651266,27.265109343044013,12.547860071799816,4370.892760508654
98,0.9800000000000006,12.678504424173024,26.870534156995486,27.22413791803075,12.803405483727234,4365.0659585506
99,0.9900000000000007,12.948356961243023,27.142854091502723,27.18313368891418,13.060014175527138,4359.239156592547
100,1.0000000000000007,13.22092848741502,27.414763863812095,27.15806927746649,13.317639965994957,4353.412354634494
101,1.0150000000000006,13.634879674881256,27.822041596996126,27.09291380298146,13.703807145893995,4344.645798582678
102,1.0375000000000005,14.267251738412655,28.431625304110632,26.995125364434557,14.284409180471364,4331.495964504955
103,1.0712500000000005,15.241486501903736,29.342992220040017,26.84927680567582,15.181023234701776,4311.736119761061
104,1.1212500000000005,16.74118844321666,30.68642330415402,26.632124148867252,16.533725243183888,4282.397918206625
105,1.1712500000000006,18.30782585818836,32.01939748362905,26.41993832705466,17.813491004340477,4252.981858331898
106,1.2212500000000006,19.940867688092204,33.34192960160127,26.20825628474001,19.15179879622583,4223.493423274181
107,1.2712500000000007,21.639785390894268,34.65388983649072,25.99807474322946,20.75266036597222,4193.938463142008
108,1.3212500000000007,23.40405691624764,35.95520800167926,25.786580720261046,22.370636080450755,4164.321128565227
109,1.3712500000000007,25.233155524819306,37.24583557003247,25.572459866772476,23.952362856852837,4134.646421196846
110,1.4212500000000008,27.126546853708355,38.525719274849685,25.354833999358082,25.45662765293354,4104.916450158392
111,1.4712500000000008,29.083687746098022,39.79479867963922,25.135823935217186,26.95367853935335,4075.1364038669867
112,1.5212500000000009,31.104031376677653,41.053003689095846,24.916796828985476,28.556967048138915,4045.314433945238
113,1.571250000000001,33.1870307509612,42.30027108754552,24.699138015612725,30.41805530501757,4015.453454109143
114,1.621250000000001,35.33214345381602,43.5365410043216,24.47708629133583,32.03352826242437,3985.5593956843354
115,1.671250000000001,37.53881433663474,44.76180680113307,24.2521257172249,33.31042652988179,3955.63587957042
116,1.721250000000001,39.80648070676236,45.975947947671386,24.02944566393223,35.104748666799495,3925.687985591145
117,1.771250000000001,42.13458591654131,47.17899588781385,23.804988115963475,36.24237867876938,3895.72535881191
118,1.8212500000000011,44.52256594135535,48.37094499286016,23.58119270179067,37.45338512158712,3865.751466785057
119,1.8712500000000012,46.96985735388373,49.551737935909706,23.356407222092237,38.94147426363441,3835.767340026856
120,1.9212500000000012,49.47589593738007,50.72125315008724,23.12980052292986,40.806205306193284,3805.776342147896
121,1.9712500000000013,52.04011582315276,51.879410626785806,22.90215835447462,42.80651530518231,3775.782590814489
122,2.021250000000001,54.66194926252597,53.02617308380298,22.674239375756848,44.641540861430805,3745.792948436348
123,2.071250000000001,57.340825922928154,54.16156526808506,22.446702078599557,46.05695361364425,3715.8112676391197
124,2.1212500000000007,60.07617233235841,55.285585329891575,22.217142317596103,48.02683027050021,3685.8426346806805
125,2.1712500000000006,62.86741485872955,56.39803617982241,21.98720414372707,49.931603533794764,3655.88959753802
126,2.2212500000000004,65.71397694649842,57.49910552572998,21.75921381896512,51.02971422592055,3625.9553544954515
127,2.27125,68.61527827177807,58.58862802894439,21.52751383139006,53.142017619755876,3596.0474025180074
128,2.32125,71.57073921320269,59.666554210442435,21.294392434220967,55.66078290466507,3566.170065430292
129,2.37125,74.57978143211407,60.73281599141745,21.063220670431164,57.34554798082411,3536.3276329852797
130,2.4212499999999997,77.64182020375968,61.78757665594879,20.83308975713024,58.64632422684876,3506.5244843084133
131,2.4712499999999995,80.75626883777389,62.830618495552514,20.59903688906996,61.080907527991414,3476.7639100957936
132,2.5212499999999993,83.92254247776863,63.862030366346616,20.36906531607727,62.24137607767449,3447.050567067729
133,2.571249999999999,87.1400495128369,64.88176362740971,20.139135698930982,63.510066781294846,3417.3889972964485
134,2.621249999999999,90.40819639065566,65.8898456027051,19.91402303166937,63.989445970297474,3387.7831534707716
135,2.671249999999999,93.72638453477744,66.88625746587769,19.687611251564807,64.91377397220894,3358.2390963829776
136,2.7212499999999986,97.09401573896452,67.87094282407826,19.46531845973033,65.40882918537378,3328.762769678921
137,2.7712499999999984,100.51048802859314,68.84397928167039,19.247360068789376,65.57733152470021,3299.3550849418275
138,2.8212499999999983,103.9751967375017,69.8052426648356,19.014496642724207,67.57629088371435,3270.0175110843584
139,2.871249999999998,107.48754175109397,70.75461364974709,18.774430760149976,70.43978744337763,3240.7554221220716
140,2.921249999999998,111.04692613496223,71.6920981015803,18.542357663767863,72.39919118064361,3211.5723516140306
141,2.9712499999999977,114.65274729941034,72.61774040890458,18.315120937405958,73.83512315907325,3182.4687262382745
142,3.0212499999999975,118.30439900302173,73.53150478263127,18.07842907485077,76.40092900543465,3153.448305562857
143,3.0712499999999974,122.0012815931617,74.43338517678427,17.8493176658636,78.14514165150379,3124.5193649632392
144,3.121249999999997,125.74278671342954,75.32336003193755,17.634728334792584,78.41468310046544,3095.681906979741
145,3.171249999999997,129.52829232875402,76.20141547897853,17.40492518624532,80.38265771350721,3066.941638674417
146,3.221249999999997,133.35719099820386,77.06759970153352,17.160693182906066,83.89096503348445,3038.3003247571173
147,3.2712499999999967,137.22888906042846,77.9219275301473,16.925634969545023,86.52772005896583,3009.76095344629
148,3.3212499999999965,141.14278613082124,78.76436788294211,16.708382564685586,87.35892976873667,2981.3272958929547
149,3.3712499999999963,145.0982556455222,79.59470247012776,16.5083928578185,86.79808497813121,2953.0023561717126
150,3.421249999999996,149.09465265768415,80.41297620373918,16.30352062581173,87.0110961695145,2924.789095534642
151,3.471249999999996,153.13133761147137,81.21917024128348,16.105765455802306,86.91995804020667,2896.690866976782
152,3.5212499999999958,157.20766433433297,82.01324091601818,15.921671824994359,86.15800196804615,2868.7101904476785
153,3.5712499999999956,161.32297290571816,82.79510854699231,15.723677620192996,86.61565304467257,2840.8544610237136
154,3.6212499999999954,165.47661897462396,83.56504747194495,15.497820982563473,88.9545659513286,2813.1242218351385
155,3.6712499999999952,169.6679816482213,84.32302602835625,15.290477703661985,90.2213276476715,2785.5163756058805
156,3.721249999999995,173.89642354433386,85.0689358739659,15.090657819755055,91.16247521250418,2758.038579106988
157,3.771249999999995,178.1613000775324,85.80284084265931,14.868783545084522,93.47492325422175,2730.6891111756095
158,3.8212499999999947,182.46199266879066,86.52501330273896,14.657048081168805,95.28530684692852,2703.4716041689658
159,3.8712499999999945,186.797866515124,87.23495465871687,14.479807081319874,95.33706596144773,2676.3885629214124
160,3.9212499999999944,191.16825502502834,87.93284357439475,14.271613728314955,97.15888437871116,2649.4427582178387
161,3.971249999999994,195.572525857187,88.61894610455806,14.067604253078265,98.85424677628598,2622.6356444318017
162,4.021249999999994,200.01004049840233,89.29295526870291,13.881748514217596,99.77164284504138,2595.970451346501
163,4.071249999999994,204.48014442740597,89.9550327035824,13.681962275600005,101.44983166565078,2569.444290844201
164,4.121249999999994,208.98220002738452,90.60527101639072,13.489223657659785,102.89237045120014,2543.0604525324165
165,4.1712499999999935,213.5155622503662,91.24346224635968,13.32157128971098,103.35339205610116,2516.8254917929153
166,4.221249999999993,218.079551215207,91.86923804875568,13.148187722422882,104.19076920327676,2490.7373818865694
167,4.271249999999993,222.67349376262524,92.48308806347603,12.957992569869381,105.73960799003935,2464.8005502278174
168,4.321249999999993,227.29673779335138,93.08486660321785,12.78196985344713,106.90797219611947,2439.0168738499933
169,4.371249999999993,231.94861608154855,93.67453018843152,12.612355645139715,108.09985556654935,2413.391628351457
170,4.421249999999993,236.62844713705465,94.25181334240412,12.442776419883453,109.50008631410452,2387.92160372379
171,4.471249999999992,241.33555516663606,94.8171360412695,12.275645655016627,110.99932352075353,2362.6075491435727
172,4.521249999999992,246.06925245830018,95.3697195499495,12.122816099129587,112.57255653474563,2337.450267373097
173,4.571249999999992,250.82882972961548,95.91013359565095,11.948105451611438,114.16075864579167,2312.451430514992
174,4.621249999999992,255.6136430876244,96.4392594611955,11.777265491000092,115.7417378686994,2287.6124978503176
175,4.671249999999992,260.4230414089188,96.95608422274525,11.634947873140751,117.43601002754028,2262.9332833440285
176,4.7212499999999915,265.25631049504415,97.46031526596288,11.489573664731122,119.13724373546563,2238.4145720487213
177,4.771249999999991,270.112756929148,97.95279509748441,11.325838548814358,120.65920848828563,2214.059134119807
178,4.821249999999991,274.9917478120387,98.43413931381858,11.173118442294015,122.23319444418027,2189.8661414512753
179,4.871249999999991,279.89262584392384,98.90314182750677,11.05961495032173,124.11960946570498,2165.8378448487365
180,4.921249999999991,284.8146450788912,99.35918723738733,10.925394617972412,125.76887181390622,2141.9740526469545
181,4.971249999999991,289.7571393879724,99.80466985322464,10.793337428922746,127.38788976825802,2118.2761173995727
182,5.02124999999999,294.7194224765041,100.23681560179625,10.674327903446079,129.07176076451896,2094.742459765494
183,5.07124999999999,299.7008293935062,100.65940349167514,10.519378963625417,130.3477425787313,2071.3761229925412
184,5.12124999999999,304.7007535527155,101.0693158935145,10.463487461280542,132.52260141724375,2048.178314252139
185,5.17124999999999,309.7183915641227,101.4656040588438,10.424686474052889,134.78427414780072,2025.153706549178
186,5.22124999999999,314.75291682669496,101.84856458705366,10.343585459886432,136.51502409578174,2002.2977770252594
187,5.2712499999999896,319.80362782039566,102.22125408382648,10.195691982240227,137.54165606063864,1979.6100791002225
188,5.321249999999989,324.86996646393936,102.58393727788146,10.095002285280177,138.95618107647604,1957.0876308649747
189,5.371249999999989,329.95128553004776,102.9346196178373,10.034339977299636,140.639979058907,1934.7314831395863
190,5.421249999999989,335.0468820651126,103.27421677449787,9.93279787502935,141.89877788821607,1912.546004675738
191,5.471249999999989,340.15614165987313,103.60373954501247,9.823496931069885,143.0421248466182,1890.5277509370262
192,5.521249999999989,345.2784745164038,103.92285986596906,9.751620267825277,144.41874232791514,1868.6801981173462
193,5.5712499999999885,350.4132302434339,104.230752836299,9.677757636289304,145.7098568350507,1846.9997861087481
194,5.621249999999988,355.55978360254903,104.52869631686438,9.62937981427928,147.11723374987483,1825.4909592280771
195,5.671249999999988,360.7174539878447,104.81404918724016,9.64694540114886,148.8799129327139,1804.1490710759886
196,5.721249999999988,365.88548260596195,105.08845741450433,9.536283447926175,149.72182521966988,1782.9780578126777
197,5.771249999999988,371.06334342989544,105.35539933363383,9.343116905723566,150.03763859225953,1761.973398644236
198,5.821249999999988,376.25065318220874,105.61461990099913,9.225971474705283,150.8249829850209,1741.139388860265
199,5.871249999999987,381.44690640997607,105.86374971453706,9.214556771050281,152.19025874714015,1720.4709068957727
200,5.921249999999987,386.6514278029513,106.10130790308949,9.238832791600004,153.67631529408197,1699.9744359498982
201,5.971249999999987,391.86349760501014,106.32785252807996,9.20270832054595,154.76285969785047,1679.6481456731833
202,6.021249999999987,397.0825104291685,106.54518614508741,9.177576339403206,155.86222055064823,1659.4923825583637
203,6.071249999999987,402.3078363860856,106.75109646693903,9.209786045605446,157.18668602347356,1639.498840892693
204,6.1212499999999865,407.5387881042697,106.94731505535177,9.090501783951167,157.74372820844152,1619.6735593822225
205,6.171249999999986,412.77492376831344,107.13700879125724,8.957151704498271,158.2500475187039,1600.0138135861919
206,6.221249999999986,418.01581265768004,107.31704842853736,9.021071903719646,159.6143822677697,1580.5160810611324
207,6.271249999999986,423.2607326403903,107.48473349396131,9.133303552628684,161.10554396568568,1561.191280154612
208,6.321249999999986,428.5089070100624,107.64193422857544,9.022636923946203,161.64029920736542,1542.0128498295412
209,6.371249999999986,433.7599166634806,107.79423838941227,8.788316395465198,161.73603909632516,1523.0311328975351
210,6.4212499999999855,439.01351599376443,107.93977532178292,8.649119633793143,162.25197099814892,1504.1532670415959
211,6.471249999999985,444.2693453509046,108.07802820227528,8.689003916060567,163.41573397377422,1485.538847766997
212,6.521249999999985,449.52673811973324,108.20248364319717,8.932336289471298,165.20975504000236,1466.9104490653672
213,6.571249999999985,454.784770456124,108.31451531496828,9.139275426838681,166.79089099477525,1448.7411388474243
214,6.621249999999985,460.042545397083,108.41265294867308,9.373791113798578,168.37530831522662,1430.2250402296431
215,6.671249999999985,465.2991605871587,108.49917501729263,9.439148636625614,169.3911668831851,1412.7315037533037
216,6.721249999999984,470.55397093635355,108.57669674040112,9.563657886368322,170.5875387380773,1393.9401655434208
217,6.771249999999984,475.80621038954985,108.64040993837565,9.774489369841696,171.9423587689875,1377.7480090922857
218,6.821249999999984,481.05506022708437,108.69458316714936,9.92479907160301,173.17003145154442,1357.483531185828
219,6.871249999999984,486.29969771122495,108.73359299510717,10.260439525654336,174.70092520734448,1344.5340110298828
220,6.921249999999984,491.5391350726162,108.7613980938399,10.448840369465591,175.98527705196864,1318.9145588347922
221,6.9712499999999835,496.77246279989413,108.77355900670412,10.691961497671262,177.23319100180603,1314.8542005714016
222,7.021249999999983,501.99887418606403,108.77908363803874,10.826920353011412,178.56343214883265,1267.1395526992376
223,7.071249999999983,507.2172967181004,108.75746282407381,11.153629511091646,179.93902701432506,1265.6215922839322
224,7.121249999999983,512.4265730868599,108.72765980164183,11.227589088544025,181.4390240823904,1086.7319850162867
225,7.171249999999983,517.6240377310324,108.60390763193382,11.761673354553274,182.70037294876352,1109.221898569976
226,7.221249999999983,522.8071407064774,108.48031051957757,15.479633363674713,183.9557022600962,0.0
227,7.2712499999999824,527.9640053034374,107.81605985222018,15.65756941738413,183.66887254383641,0.0
228,7.321249999999982,533.0828438895054,107.14356275072578,16.08407047903214,183.2817482474221,0.0
229,7.371249999999982,538.1627372111645,106.45706913387411,16.62344074218831,182.56862491109516,0.0
230,7.421249999999982,543.2025577659095,105.75698517797167,17.161746328927677,181.63576336951309,0.0
231,7.471249999999982,548.2011291497955,105.04031691980377,17.812612489430293,180.1228686524683,0.0
232,7.521249999999982,553.1570546379629,104.30559626843916,18.323260923325464,178.98243486671487,0.0
233,7.571249999999981,558.0691984538072,103.5588979486379,18.564432207202017,179.38737549552147,0.0
234,7.621249999999981,562.936881959917,102.80096215437679,19.07929067375612,178.8809420104641,0.0
235,7.671249999999981,567.7588286312092,102.0163810630436,20.180002800753915,175.25852787518215,0.0
236,7.721249999999981,572.5326158614392,101.19507382629317,21.31585292073344,171.43965336352466,0.0
237,7.771249999999981,577.2557344183316,100.3419793360049,22.171849344462885,169.27800913011401,0.0
238,7.8212499999999805,581.926041399032,99.45495848354693,23.235458843653223,166.25055642201372,0.0
239,7.87124999999998,586.5409205690404,98.52222774204847,24.668352385404464,160.95385893363348,0.0
240,7.913448696491847,590.3900905204353,97.68964918694391,26.11117501828086,155.21219191493793,0.0
241,7.949839633004494,593.6739108605431,96.93237463715246,27.491464976702375,149.74925773643048,0.0
242,7.9821850845765825,596.5634472622361,96.22270211367744,28.987646647361753,142.9458588155307,0.0
243,8.011039251244933,599.1165818512627,95.55536181102491,30.447845345170567,136.20408411480219,0.0
244,8.03723695086979,601.4135728315175,94.91788478046406,31.88356852675411,129.4912214519244,0.0
245,8.06132958095109,603.5073847251324,94.30215606492338,33.28494129558357,122.9681303368716,0.0
246,8.083732636357043,605.4376054436854,93.70194445756933,34.65836796698956,116.62116900919031,0.0
247,8.104744550283433,607.2326358180129,93.1126071189926,35.99946835292872,110.54108773402093,0.0
248,8.124600671437685,608.9147151836669,92.53084668991762,37.27597487890857,105.18507632787535,0.0
249,8.14352488117869,610.5044900831331,91.9523640815895,38.55658385344592,99.80102195771569,0.0
250,8.161618471923951,612.0118324832769,91.37558234012795,39.85848282300981,94.11517746251386,0.0
251,8.178948387664645,613.4435267951137,90.79966775819165,41.16107795159389,88.31545455314206,0.0
252,8.1955910163118,614.806966749656,90.22365730194615,42.44826201485048,82.58569625561299,0.0
253,8.211625215047405,616.1095636971268,89.64632107043175,43.71567497049522,76.97228218514171,0.0
254,8.227121491693403,617.3578706653726,89.06650297344837,44.962581298739245,71.46347091789582,0.0
255,8.24214014561399,618.5574624128291,88.48320237015038,46.186833137550764,66.05983013081,0.0
256,8.256734321292555,619.713210095147,87.89551421772705,47.39273512720675,60.509943378035125,0.0
257,8.270944843545395,620.8288997716656,87.30283537998977,48.567353316619055,54.84056002156817,0.0
258,8.284814508171909,621.9083823859655,86.70459270581141,49.69468836870201,49.38872012170558,0.0
259,8.29839221376936,622.9558858134535,86.09984823266376,50.77147854730666,44.163939670043156,0.0
260,8.311722326702855,623.975183076095,85.4876598136423,51.806534928808674,39.61623022087189,0.0
261,8.324845222711577,624.9696458373514,84.86701105248257,52.80094002110067,35.30452891274974,0.0
262,8.33779262206156,625.9419075623912,84.23723958443894,53.74921229895469,31.17862867510654,0.0
263,8.350595757904236,626.8944977887389,83.59767472743826,54.644087647968234,27.2326382201285,0.0
264,8.363286473339178,627.8299255208206,82.94792274533431,55.42837767491805,23.135131141242848,0.0
265,8.37591476436798,628.7519562977039,82.2867379497438,56.13009994203952,19.340549341240557,0.0
266,8.388521312982197,629.6635696881985,81.6131011994075,56.74182729048251,15.860151141801643,0.0
267,8.401148879529408,630.5678027119806,80.9258753897355,57.27075705640855,12.75187478106375,0.0
268,8.413837548842976,631.4674012047896,80.22285413573825,57.87355809171057,10.372168713123289,0.0
269,8.426566416751756,632.3607442690912,79.50529689829756,58.40024161292862,8.215729479532776,0.0
270,8.439371802663631,633.2502448784688,78.77232332588277,58.84088526334597,6.29594482727325,0.0
271,8.45229462815657,634.1385519937281,78.02303874666747,59.14281378921237,4.584853829837332,0.0
272,8.465400441510749,635.0299020486198,77.25725923771681,59.115772096979335,3.0041889412395997,0.0
273,8.478844467359753,635.9344015257522,76.46951141946435,58.91582078987079,1.7746329145745845,0.0
274,8.492730837640993,636.858371170303,75.65692006211789,58.51660640051272,0.8906765943521798,0.0
275,8.507194731906475,637.8099111508152,74.8154558678043,58.01672100958728,0.35082054804395346,0.0
276,8.52234198673465,638.7948654864946,73.9409160256036,57.41380652782407,0.08409656814001801,0.0
277,8.53768184168128,639.780706741578,73.06685150933589,56.575885152410805,0.00387607417007547,0.0
278,8.552734520617223,640.7371639861927,72.22576820903352,55.44079446170371,-0.0023806098111594258,0.0
279,8.567533531868579,641.6674636704014,71.42405087245652,53.70581960404716,-0.087166756712022,0.0
280,8.582112979072377,642.5748068882015,70.66566767022596,51.76301672894671,-0.4100767628087757,0.0
281,8.596506131602442,643.4622395111173,69.95167627336366,49.633766560761686,-1.0992880218429917,0.0
282,8.610743907962737,644.3325569297162,69.28251410863739,47.37785967159826,-2.241611330140114,0.0
283,8.624855108117929,645.1883253762287,68.65796789548756,44.99418008437897,-3.9021323463922326,0.0
284,8.638866578541343,646.0319027159445,68.07781103887864,42.49537393615202,-6.121523608870667,0.0
285,8.652803804792347,646.8654834547475,67.5411623000589,40.0287046375552,-8.850159860599897,0.0
286,8.666690966941955,647.6910920917464,67.04265147785647,37.96748992933911,-11.84528626994139,0.0
287,8.68054779804997,648.5103935542849,66.57932712083745,35.839202949995396,-15.314423867192982,0.0
288,8.694391774932546,649.3248632454158,66.15040095301514,33.66133492573284,-19.238036632376385,0.0
289,8.708240179708154,650.1359176845141,65.75509066510566,31.327220701842204,-23.672141016207494,0.0
290,8.72211050890219,650.9449440930346,65.39340784324028,28.910078339905258,-28.539298010404874,0.0
291,8.736021733099205,651.7533699622101,65.06336347214165,26.521837864453392,-33.70742657881162,0.0
292,8.749992851953092,652.562572898743,64.76257805064063,24.187324512320735,-39.090211769552326,0.0
293,8.764042841595801,653.3738789346734,64.4885047702331,21.927003139366853,-44.59199362976145,0.0
294,8.778190767680886,654.1885704404872,64.23844588000968,19.77489220537406,-50.096298631037044,0.0
295,8.792455857124855,655.007891491186,64.0095849824857,17.76028093375559,-55.47976604672897,0.0
296,8.806857535336997,655.8330514030042,63.79910345800539,15.881384105480956,-60.608381966662684,0.0
297,8.821415568612764,656.6652333786757,63.60448407494938,14.183706332137652,-65.29584228789449,0.0
298,8.836150815246812,657.5056380602256,63.42282242554809,12.742112382535296,-69.3627387880522,0.0
299,8.85108451264034,658.3554451654096,63.251296663297325,11.587879323794931,-72.64778689998064,0.0
300,8.866238181419716,659.2158123514289,63.087094491364,10.764595498226406,-75.22239024404738,0.0
301,8.881632784562822,660.0878344157488,62.92784993410937,10.186100844085235,-76.8068252662154,0.0
302,8.897289047710782,660.9725618540241,62.77166306944768,9.827757487890045,-77.18506299760504,0.0
303,8.913228208594937,661.87104541022,62.616983853511634,9.640198747749704,-75.15820544255563,0.0
304,8.929472275799025,662.7843530724965,62.46258833090237,9.582625863214068,-71.32892152528017,0.0
305,8.94604406611283,663.7135776889505,62.30736676353653,9.602845627362452,-66.79102474279652,0.0
306,8.962966524153046,664.659803209246,62.150405913826276,9.652240312489342,-62.53652157038185,0.0
307,8.98026252613066,665.624097774044,61.99101888648645,9.690187142632027,-59.551750379292336,0.0
308,8.997954632603733,666.6075052985639,61.82720277814475,10.963083490155805,-58.78847332251607,0.0
309,9.016041842911722,667.6094638980694,61.651160029079094,11.147707044860459,-60.40086205499684,0.0
310,9.034426540762535,668.6241626345692,61.46912916972836,11.495189698014606,-63.75071193177156,0.0
311,9.053126330707752,669.6522665585181,61.27888754397377,12.00465684994749,-67.69806579029255,0.0
312,9.072164079335685,670.6946446576095,61.078010319758576,12.660738801828545,-71.19908940204517,0.0
313,9.091568006129766,671.7523632199532,60.86384068996221,13.46374392868743,-73.24290667257405,0.0
314,9.111372505631312,672.8267132696169,60.63339897351222,14.422211536243383,-72.8403735421754,0.0
315,9.131619622117276,673.9192634052619,60.383068226870854,15.525735514865183,-70.7020201617197,0.0
316,9.152361540105053,675.0319652500538,60.108892680989534,16.742761481889115,-67.418292621574,0.0
317,9.173661034501443,676.1671458008382,59.806399786098275,18.06660264354947,-62.94101000124046,0.0
318,9.19413344382169,677.2506018530664,59.49396044356488,19.350277693609826,-58.17832306653352,0.0
319,9.213797300344956,678.2837077480574,59.173129645975905,20.51157724565687,-54.266603634598276,0.0
320,9.23286622790069,679.2780440741817,58.84274079752306,21.588569704078004,-50.77074064810749,0.0
321,9.25145643046662,680.2399098898684,58.50224954100182,22.60606357509713,-47.26202864163032,0.0
322,9.269630340325799,681.1727190639747,58.151548913694974,23.603355156668666,-42.57163902719462,0.0
323,9.28738389831528,682.0764532175932,57.79219690067053,24.497686296520182,-38.20404680393606,0.0
324,9.30481032800447,682.9560442313875,57.42421357766921,25.283420046398717,-34.52347996809516,0.0
325,9.3220021376558,683.8162800494795,57.04746722948881,25.970229995590323,-32.01005270034232,0.0
326,9.339043163393653,684.6614006180257,56.66141087660601,26.592282722115222,-29.676205277335868,0.0
327,9.355969432002786,685.4931871761693,56.26632534692907,27.14771029084896,-27.236706747420165,0.0
328,9.372812333477725,686.31315800023,55.86275754393767,27.622381396708228,-24.507121260351386,0.0
329,9.389610153925057,687.1231324004815,55.451082674052756,28.020210260236286,-22.014442160208933,0.0
330,9.406406109555723,687.9251182497221,55.031405756462654,28.359539674017864,-19.99075971093734,0.0
331,9.423233173928663,688.7205782514661,54.60350312107507,28.664969963832554,-18.52885917369737,0.0
332,9.44010787193911,689.5101585593046,54.16770492842644,28.92055670646672,-17.19806044618017,0.0
333,9.457052628147734,690.2947595282178,53.724275664105384,29.121362539703004,-15.925612616456766,0.0
334,9.474093275418213,691.07540892214,53.27358001426694,29.263846856248367,-14.686696908105834,0.0
335,9.491259173469514,691.8532583440699,52.81572312325274,29.359689143513837,-13.566917784035757,0.0
336,9.508573586904651,692.6291419481556,52.35077758723461,29.4566411671213,-12.813684632611276,0.0
337,9.52602665977968,693.4023858888286,51.87846734237995,29.568284220063447,-12.402643663068663,0.0
338,9.54359718088068,694.1718365743604,51.399794572557006,29.653003714010886,-12.061441778507298,0.0
339,9.561293175339646,694.9376490882335,50.91529295613497,29.67470058169698,-11.626654490655124,0.0
340,9.579150791741448,695.701173451425,50.42531326624974,29.64570226174843,-11.173173690478578,0.0
341,9.597199060445643,696.4634002094012,49.929779318996886,29.587482854205874,-10.791180191457226,0.0
342,9.615451961146768,697.2246435514874,49.42916997030212,29.475492449662305,-10.386322684758644,0.0
343,9.63394524981285,697.986091918428,48.92352757154784,29.330161865818717,-10.034052511751488,0.0
344,9.652699829786858,698.7482676796468,48.41302303027102,29.15713260510946,-9.748204504087015,0.0
345,9.671733357514082,699.5115259618524,47.89793223313017,28.956597324801695,-9.524100445707111,0.0
346,9.691065053200674,700.2762520620798,47.37850705355445,28.730537233662,-9.363937219743233,0.0
347,9.710713587238542,701.0427752619815,46.855263077855945,28.426462392049153,-9.11118201972313,0.0
348,9.730752090057086,701.8134891562728,46.32866416097917,28.051532393413282,-8.791578511120582,0.0
349,9.751254712479772,702.5906900783237,45.797936690802366,27.652005623753745,-8.538218085692987,0.0
350,9.772254183656026,703.3749806457057,45.26307465582453,27.2505974655563,-8.409911385579719,0.0
351,9.793760242237042,704.1660525719308,44.724754962617645,26.825266790010147,-8.341773120953738,0.0
352,9.815809343833267,704.9645393181258,44.1826906961561,26.44954119756708,-8.544139838295735,0.0
353,9.838363515693484,705.7683413708203,43.637499370361354,26.07895225700746,-8.906090061219686,0.0
354,9.861474433385471,706.5785552927082,43.08917216789272,25.66266251706301,-9.291133888331522,0.0
355,9.88527343318008,707.3988996039661,42.536847490015205,25.19814699018482,-9.69946864779062,0.0
356,9.909917286441825,708.2336574632241,41.97899483383318,24.65157541386461,-10.023286895420377,0.0
357,9.935647980585621,709.0895876616734,41.41485717409773,23.996601662290026,-10.153610666135332,0.0
358,9.96281228681514,709.9762963392432,40.84007989785131,23.389257789247853,-10.694415296798418,0.0
359,9.991539305703732,710.8955609794092,40.25174366363197,22.830068192772192,-11.778872828910544,0.0
360,10.02198125847394,711.8494691984198,39.65173657626846,22.100504390301783,-12.47729210462804,0.0
361,10.054875612891193,712.8575119070557,39.03447058661209,21.28411348600212,-13.166005363414243,0.0
362,10.09101704135517,713.9387939780667,38.39128546858158,20.485447585771876,-14.642406112965466,0.0
363,10.13119171657204,715.1096446446867,37.718770740243805,19.53112929343749,-15.963647017613956,0.0
364,10.177354083489188,716.4163881234348,37.00263831682395,18.42634054889269,-17.283866697291895,0.0
365,10.227354083489189,717.7876786722904,36.292754540186316,17.298164148982572,-19.06788699938866,0.0
366,10.27735408348919,719.1157910966563,35.64506325832426,16.245882030065466,-21.503387271095395,0.0
367,10.32735408348919,720.4033096332034,35.05409565140906,15.243742424563857,-24.26517729958055,0.0
368,10.377354083489191,721.6527141101653,34.514640235399376,14.290384727631594,-26.642824944888,0.0
369,10.427354083489192,722.866371627147,34.02108262355647,13.41261185654738,-29.001965509081387,0.0
370,10.477354083489193,724.0464752834142,33.56673035388678,12.630269039253552,-30.015288844968172,0.0
371,10.527354083489193,725.1949737926717,33.14537956189758,11.963743683023432,-30.086864335317507,0.0
372,10.577354083489194,726.3135355994185,32.75067191038048,11.41474877543675,-29.320786872449393,0.0
373,10.627354083489195,727.4035349431749,32.37730475747149,10.982617641378946,-27.296417711748497,0.0
374,10.677354083489195,728.4660546510985,32.02087894976905,10.644269610332154,-25.355513799520676,0.0
375,10.727354083489196,729.5019378816254,31.677535939983468,10.413278433348927,-23.753140059437005,0.0
376,10.777354083489197,730.5117634313399,31.343876853109933,10.293971296601606,-22.57939466542654,0.0
377,10.827354083489197,731.4964511806389,31.02494943865875,9.513743341152642,-22.829580721009837,0.0
378,10.877354083489198,732.4573972983846,30.71113642468455,9.439446866326145,-23.5380667556679,0.0
379,10.927354083489199,733.3947918296379,30.400619867442987,9.304289738767293,-25.114283592182304,0.0
380,10.9773540834892,734.3090011214983,30.0920329223459,9.122040662136074,-26.82218420208479,0.0
381,11.0273540834892,735.2005188114028,29.784721386866853,8.954132891579567,-27.300196897736807,0.0
382,11.077354083489201,736.0698246229186,29.477438646093866,8.795462533910037,-26.866518839893775,0.0
383,11.127354083489202,736.9173999426295,29.169250777604944,8.642444706004733,-25.892824241745878,0.0
384,11.177354083489202,737.7437541793624,28.857594400628283,8.400521353664244,-25.788131549239733,0.0
385,11.227354083489203,738.5497609587419,28.536653279159825,8.175933986552947,-25.554961822084042,0.0
386,11.277354083489204,739.3364332822113,28.205165697012333,8.124124617854331,-23.947654961020117,0.0
387,11.327354083489205,740.1042995588324,27.86587162264949,8.14422706718048,-22.054175826936863,0.0
388,11.377354083489205,740.8536707958281,27.515825671134035,8.180045297165574,-20.560066866779632,0.0
389,11.427354083489206,741.5849996387657,27.152480867309418,8.267430866784013,-19.033382746544167,0.0
390,11.477354083489207,742.2986396708347,26.776183811770274,8.399847242710207,-17.94375590787297,0.0
391,11.527354083489207,742.9951467501256,26.37982040911174,8.543907453103577,-16.353316770475182,0.0
392,11.577354083489208,743.6745445985815,25.98448876552549,8.646662811306669,-14.592055974115398,0.0
393,11.627354083489209,744.33639630546,25.58462741180248,8.751899640846869,-13.255152866522495,0.0
394,11.67735408348921,744.9805151618874,25.18095958402142,8.87099810699664,-12.263523791442767,0.0
395,11.72735408348921,745.6069181670789,24.76556057349837,9.021085815879326,-11.556676609913174,0.0
396,11.777354083489211,746.2158409882472,24.338778249329227,9.1496601887169,-10.883919497320615,0.0
397,11.827354083489212,746.8074165490306,23.905343090209684,9.236587271039951,-10.248931715073052,0.0
398,11.877354083489212,747.381669193058,23.467223879337915,9.340345652448242,-9.809511377270036,0.0
399,11.927354083489213,747.938756436362,23.020634347437273,9.391618881799424,-9.413521409418866,0.0
400,11.977354083489214,748.4787494253227,22.57868590577248,9.26759802919022,-8.819726654440572,0.0
401,12.027354083489215,749.0012249957806,22.155675754765575,9.144777210514514,-8.32307616803921,0.0
402,12.077354083489215,749.5057721352268,21.742268806290095,9.080735306661763,-8.078792834283355,0.0
403,12.127354083489216,749.9923134876714,21.33546462306551,9.004007269122045,-7.90958417068114,0.0
404,12.177354083489217,750.4607958991176,20.939575288441755,8.888897715821294,-7.683881982520304,0.0
405,12.227354083489217,750.910992465984,20.5598696456582,8.79577088456788,-7.6106314374460196,0.0
406,12.277354083489218,751.3428354731486,20.186700121928446,8.709147705627435,-7.683844875123264,0.0
407,12.327354083489219,751.7564248953158,19.823685703913796,8.608382423519243,-7.741721871623277,0.0
408,12.37735408348922,752.1517546470549,19.473074285890043,8.506229687710004,-7.816081521416544,0.0
409,12.42735408348922,752.5287790284118,19.13566338896812,8.40605818517503,-7.995997217446706,0.0
410,12.477354083489221,752.8875333493908,18.808376933108423,8.300480822422413,-8.325940470029337,0.0
411,12.527354083489222,753.2281674819047,18.491936222506446,8.21623061299173,-8.443418776104307,0.0
412,12.577354083489222,753.5505162454414,18.197733832703324,8.194039418133354,-8.281728515461065,0.0
413,12.627354083489223,753.8540934704495,17.924001813591815,8.091840298283502,-8.789262480166038,0.0
414,12.677354083489224,754.1390744179693,17.65202072550039,7.947981667166931,-9.63884445219059,0.0
415,12.727354083489224,754.4058972367302,17.392253464410178,7.933078480717714,-9.78781922867824,0.0
416,12.777354083489225,754.6542816406152,17.155175507909323,7.972728458133076,-9.765740087349165,0.0
417,12.827354083489226,754.8837840447884,16.93621240810398,7.974424004670679,-10.050716791964554,0.0
418,12.877354083489227,755.0942109419026,16.733075725890625,7.99836458595806,-10.302463183817974,0.0
419,12.927354083489227,755.285336613544,16.54831272418404,8.114392617808203,-10.12163132668049,0.0
420,12.977354083489228,755.4566939370167,16.38394298598812,8.140398171472691,-10.46652122051945,0.0
421,13.027354083489229,755.6081032696287,16.231759528249125,8.129556210656295,-11.104777471223231,0.0
422,13.07735408348923,755.7395448640051,16.0958714120962,8.234571246665107,-11.085704074012616,0.0
423,13.12735408348923,755.8506754167815,15.978542078872923,8.319183182958293,-11.19568899301257,0.0
424,13.17735408348923,755.9412000408709,15.877779378952019,8.496509389840757,-10.598432387158413,0.0
425,13.227354083489232,756.0106490698613,15.797627205207453,8.510619520300994,-11.20480414875757,0.0
426,13.277354083489232,756.058917326115,15.727877100131185,8.51585298561112,-11.998027555109603,0.0
427,13.327354083489233,756.0860055733683,15.675693350118545,8.605048354036548,-12.051249751152513,0.0
428,13.377354083489234,756.0916514877838,15.638981216076127,8.685445931285168,-12.1567738392238,0.0
429,13.427354083489234,756.0756436288365,15.619366040283372,8.796593582092413,-11.820478008822466,0.0
430,13.434897969538708,756.071341093525,29.20405438574125,99.12991592111152,7730.427188798713,0.0
431,13.44013791706388,756.0680876785322,28.65056514982351,95.42080289888276,7440.18437607861,0.0
432,13.445586322377174,756.0644792904087,28.09510062896928,91.76997144100609,7154.489049135104,0.0
433,13.451256705700505,756.0604826491125,27.53754477924898,88.17746023318793,6873.34294618638,0.0
434,13.457147669278978,756.0560731062023,27.015114031432695,84.87575815732342,6615.022835072526,0.0
435,13.46321070263198,756.051264395315,26.628183680192084,82.4669717102015,6426.891951352917,0.0
436,13.469451860429238,756.0460319093797,26.244652024739057,80.11334054390102,6243.092029216515,0.0
437,13.475877382305555,756.0403495768518,25.864643843023256,77.81469110592789,6063.6106830288745,0.0
438,13.482493691125176,756.0341897895308,25.488288055247807,75.57083770291756,5888.434662463408,0.0
439,13.48930738999665,756.0275233299022,25.11571771584168,73.38158163890775,5717.5497900846385,0.0
440,13.496325257879656,756.0203192986166,24.74706997968175,71.24671030225309,5550.940894928987,0.0
441,13.503554243616374,756.0125450428382,24.382486038847215,69.16599620059665,5388.591741968656,0.0
442,13.511073154494728,756.004083188867,23.90598419777065,66.4989927516562,5180.037143495335,0.0
443,13.518982035053043,755.9947731794924,23.305779582366853,63.220072210393745,4923.197053947918,0.0
444,13.527315421949758,755.984513462416,22.700706004458326,59.999614346126755,4670.883582978718,0.0
445,13.536112390898364,755.9731863140019,22.090371311978068,56.837758882765826,4423.099903885599,0.0
446,13.545417368236846,755.9606545108672,21.474338140520402,53.73468218263693,4179.850377269691,0.0
447,13.55528112839281,755.9467571449851,20.85211718724248,50.69060805352513,3941.140945829916,0.0
448,13.565762522045286,755.9313035672653,20.22267419571101,47.70357994157244,3706.801822921979,0.0
449,13.57692966852719,755.9140669588478,19.585392946237004,44.77419552168094,3476.861431930761,0.0
450,13.58886144284008,755.8947762115343,18.939982929136814,41.90491597379722,3251.491674403647,0.0
451,13.601650355947335,755.8731037974613,18.285643366133975,39.09636384317983,3030.7124072702627,0.0
452,13.615382048504353,755.8486938623008,17.637189534054524,36.41211729172165,2819.5762926681605,0.0
453,13.629989765408228,755.8214413671967,17.093124370051616,34.22848370421053,2648.3107829145515,0.0
454,13.645561856050326,755.7909444998047,16.547620459366893,32.10872653465333,2481.979641860562,0.0
455,13.662198727775081,755.7567297354873,16.000734910485242,30.05372694290977,2320.6421109701005,0.0
456,13.680077949220856,755.7180955401122,15.423782675832594,27.965423523415755,2156.3112309518106,0.0
457,13.699376850757018,755.674241505737,14.832345973181553,25.908210322908552,1994.118027071565,0.0
458,13.720278663739617,755.6242411314809,14.236796640640403,23.92136990299622,1837.2042796501898,0.0
459,13.741392260607224,755.5711411780038,14.18690851716215,23.681422125052016,1824.3593321258957,0.0
460,13.762660342038554,755.5151040127619,14.158259940533227,23.509407823849482,1817.0073813939264,0.0
461,13.784158822355133,755.4559447699971,14.103338511690998,23.25745785921625,1802.9471076483883,0.0
462,13.80593676304263,755.3935193222237,14.032840560692758,22.959011927470396,1784.9770133070078,0.0
463,13.828290612665475,755.3269019880161,13.8661778166034,22.36751201408529,1742.839620966016,0.0
464,13.852117135982661,755.2531050584511,13.431776795112144,20.985017131699223,1635.3602559763408,0.0
465,13.87767534434422,755.1707583000646,12.96812443175042,19.563186625867772,1524.4168424288584,0.0
466,13.906832543424697,755.0727382963273,12.106961710062357,17.148423571823578,1328.6878612769804,0.0
467,13.94003136465418,754.9557154050459,11.302670609651425,15.060775698745843,1158.0268147744089,0.0
468,13.976229772549965,754.8214998935714,10.813578553134418,13.812762192179399,1059.9855405544886,0.0
469,14.012637827716423,754.6797276369414,10.855038151743905,13.733224631582429,1068.1421016137283,0.0
470,14.04874209252954,754.5327791535982,10.98097426934576,13.848779433346623,1093.0842381848556,0.0
471,14.085813172030294,754.3756203895917,10.888289073758862,13.487602916711069,1074.7239597349087,0.0
472,14.125454395887056,754.2006970791914,10.557593469679981,12.613132273783512,1010.4473249489338,0.0
473,14.167124075982716,754.0093015902366,10.34546735977244,11.999132195211656,970.266186528266,0.0
474,14.213311402123342,753.7881965037587,9.841686510444495,10.825480532855664,878.0863492502173,0.0
475,14.268322794997149,753.5120741865921,8.94781432726172,9.089026361266118,725.8397817705818,0.0
476,14.327865836031126,753.1973183045124,8.675493558261719,8.39728692585047,682.3481977776622,0.0
477,14.394188950859176,752.8275370389224,8.269485883458557,7.538849785573434,619.9933416690981,0.0
478,14.461239711487043,752.4342035538488,8.508483331155208,7.4570369570454025,656.3701254410096,0.0
479,14.508144049937409,752.1497877635638,10.450300397055193,10.659994715181703,990.1875669309937,0.0
480,14.551213520952754,751.8841987788825,10.913472579809193,11.609151173968655,1079.9334455686833,0.0
481,14.597917737836314,751.5917743893273,10.571169220002842,10.705671422487693,1013.2754679168144,0.0
482,14.651499223265333,751.2500323079695,10.003898438137393,9.33158153411702,907.4683518547774,0.0
483,14.693883464358455,750.975586742753,11.128519732357116,11.796837388251236,1123.0035627128775,0.0
484,14.745589495772984,750.6364421969462,10.266796153781838,9.670051758401033,955.8438890556745,0.0
485,14.794183749569518,750.3131765526186,10.588954348522448,10.289282393213034,1016.8023289059106,0.0
486,14.854707870225205,749.903997005554,9.723899030234366,8.261169176573869,857.4798623332606,0.0
487,14.924534474337769,749.4212284401957,9.266280402005156,7.1605945377778735,778.6996118536877,0.0
488,14.997967890659382,748.9010339212258,9.216531093574819,6.80888926384914,770.3941630000171,0.0
489,15.076727588929334,748.3296017515319,9.116284177067628,6.348424524002566,753.761739597563,0.0
490,15.165394842796816,747.669907666188,8.899548769376583,5.6390603993135455,718.3841493104403,0.0
491,15.286598508863976,746.7374458971204,8.25894666792316,4.125287759224608,618.7225327746943,0.0
492,15.445911855305566,745.4569741397427,8.145931068017566,3.1384690056919897,601.9557873235282,0.0
493,15.665359578606967,743.6079672661591,8.347467479748898,2.2784469689542917,632.1829098882174,0.0
494,16.084257689553194,739.894220327523,8.631612324889193,1.1936076743592317,676.066673958804,0.0
495,16.584257689553194,735.3253922515268,9.137803431330367,0.8203415300378042,757.9396863586935,0.0
496,17.084257689553194,730.7409370380095,9.193017809642305,0.6986262997399484,767.4426598921661,0.0
497,17.356970995861342,728.2459557922679,9.322145592666875,1.8334272235144837,789.4792113190639,0.0
498,17.856970995861342,723.6691167587043,9.133062692583577,0.29537148402279406,757.947788374053,0.0
499,18.356970995861342,719.0842090946005,9.203388737466124,0.7287840644683605,769.9821675566678,0.0
500,18.521526897097775,717.5819579927099,9.55480291456289,3.0384811255210122,830.2473924792646,0.0
501,19.021526897097775,713.0146974705689,9.106280143073564,0.46799709764581293,754.2314963541234,0.0
502,19.521526897097775,708.4294933812591,9.176436770830383,0.2946069820483286,766.211875194255,0.0
503,20.021526897097775,703.8484683209301,9.1935072751126,0.7267376997313183,769.381661401235,0.0
504,20.521526897097775,699.2676653098397,9.156027373169001,0.09783374721045596,763.4347484249815,0.0
505,20.841338950543083,696.3421689403687,9.280106867455421,1.563418247103391,784.6009703177104,0.0
506,21.341338950543083,691.7687787111188,9.127866388061884,0.11791869972392847,759.2804276179191,0.0
507,21.841338950543083,687.1927262451346,9.210018048455895,0.9651879521952287,773.3450536260776,0.0
508,22.341338950543083,682.6181835349523,9.140605364067286,0.2316068291140323,762.0631162027013,0.0
509,22.606821542844312,680.1925803549348,9.321112609276907,1.8833626554040734,792.8025115546964,0.0
510,22.892185284752788,677.5944330702026,9.256409332027351,1.752149718307117,782.0139499121597,0.0
511,23.170833850375423,675.0610637664422,9.24669280383739,1.7943749284434913,780.5652473918385,0.0
512,23.482382203576485,672.2292935500943,9.208634833553159,1.6048873148025222,774.3389475408634,0.0
513,23.982382203576485,667.6670775451995,9.092169548728936,0.1661547914055924,755.0785512267905,0.0
514,24.482382203576485,663.0925745540748,9.176332497768223,0.637072401506447,769.4544638399334,0.0
515,24.90996153159209,659.1887417441532,9.205221272985165,1.1693736512485333,774.6420012912359,0.0
516,25.032007416724753,658.0805667341424,9.781112293177236,4.096819810487676,874.922020154164,0.0
517,25.174526176071353,656.7954267717901,9.56456873161879,3.508310079966492,836.6987571331183,0.0
518,25.33807598626947,655.3260007364247,9.412214252361066,3.057172609337311,810.3538200568288,0.0
519,25.65146761836323,652.5017316102801,9.096657871952582,1.5954478320289298,757.033471993239,0.0
520,25.92040156502651,650.0670282677638,9.211511501551318,1.8591925868920869,776.4777047621794,0.0
521,26.42040156502651,645.5162753907587,9.065412817693336,0.43634827876409893,752.2153309531496,0.0
522,26.92040156502651,640.9457766180702,9.155310293875177,0.4565157040891603,767.5375258019922,0.0
523,27.064964932080702,639.6303746111739,9.627102244491967,3.4586908854479406,849.047143157743,0.0
524,27.28431034960632,637.6448206468089,9.300089651150069,2.2795096685418788,792.4443017852542,0.0
525,27.4548161615077,636.1058912635084,9.423226403189496,2.9324513600110604,813.7199767328943,0.0
526,27.70790840708148,633.8232969550565,9.193410852422396,1.9755642803929534,774.6259154866866,0.0
527,27.87070969104768,632.35615207536,9.444069769089689,3.071228849176682,817.6179400454957,0.0
528,28.37070969104768,627.8211672845803,8.994857986163266,0.3014914922969311,741.7894417288664,0.0
529,28.778785435075875,624.0973981137412,9.214559613801233,1.2252627295717278,778.8010586122141,0.0
530,29.001325351786043,622.075651257363,9.331981858040452,2.2467879353580695,799.056023638716,0.0
531,29.280902931193836,619.5420151889338,9.213983656854955,1.7884123650369539,779.1245231888284,0.0
532,29.55454133339935,617.063342052706,9.216219311539845,1.8272289122068592,779.6882782356689,0.0
533,30.05454133339935,612.515828133966,9.057806497652754,0.2406615598376777,753.2906981847063,0.0
534,30.55454133339935,607.9531321889968,9.153653866741907,0.6455609173175202,769.6458486161699,0.0
535,31.05454133339935,603.3922739888262,9.116876633961844,0.023326071897118987,763.8006796425038,0.0
536,31.55454133339935,598.8308847672166,9.135511626533594,0.4331004899433003,767.2543489357868,0.0
537,31.880893577424175,595.8607189676445,9.2272802549847,1.532086906569468,783.0809410742194,0.0
538,31.99287819569488,594.8481531995798,9.847283171603113,4.464898909521031,892.0986581257272,0.0
539,32.23435706975186,592.6734356035797,9.201959825932827,2.070574504509312,779.0796648764705,0.0
540,32.71913765917904,588.2842068868162,9.06099478045882,1.0313944306037517,755.5467918065201,0.0
541,32.93274693867724,586.3459206267477,9.341165691499334,2.34072228123507,803.3227984230672,0.0
542,33.43274693867724,581.805283597098,9.068291058128986,0.6135622768762669,757.2121252730418,0.0
543,33.61748057650833,580.1276935915681,9.427263745680706,2.706599652723678,818.6952800727541,0.0
544,33.920149847343495,577.3884231044042,9.178326146327281,1.6519681651868086,776.1506211057545,0.0
545,34.20389235436283,574.8213047366672,9.195477087006383,1.7621610707976507,779.2533464222203,0.0
546,34.46200665288734,572.4882048159545,9.218586559414902,1.9371263151952596,783.3627222938718,0.0
547,34.605607343292924,571.1948644802442,9.54357479039764,3.4818774101140786,839.7518086365251,0.0
548,34.79784543377446,569.4695809930138,9.288360279018226,2.6009413573946074,795.5350070461054,0.0
549,35.29784543377446,564.9475491694002,8.97109195310754,0.32857166491684997,742.2354582751301,0.0
550,35.79784543377446,560.3973720429942,9.162690718294137,0.9802616773905845,774.6048994140882,0.0
551,36.00084271513743,558.5585199229295,9.350690022936389,2.4630871735960422,807.0596327803115,0.0
552,36.50084271513743,554.0250584398733,9.053537331233107,0.641910059384098,756.7096482468174,0.0
553,37.00084271513743,549.4786883857064,9.131372065576542,0.8234333955354598,770.1016031953064,0.0
554,37.213260249214734,547.5538746366249,9.330959798633934,2.3538546484492793,804.4744539421084,0.0
555,37.44794613805618,545.4354015206561,9.244505601835796,2.130507302626067,789.7774428695648,0.0
556,37.732509863982024,542.8686502802683,9.161418446842923,1.7570756721476792,775.7973732451858,0.0
557,38.218922011354636,538.466966160689,9.073264580175522,1.0279348546305467,761.1208084075234,0.0
558,38.5904135525446,535.0986636266725,9.159840184997384,1.3459256660283467,776.0322585154577,0.0
559,38.72009931108135,533.9286166196398,9.655003758099367,3.8554734586242163,862.4713061924759,0.0
560,38.87430711520902,532.5459203038212,9.440784032567763,3.242378054913715,824.7133725120003,0.0
561,39.289686972856686,528.8086706834823,9.015269465033262,1.2037174908565482,752.1423526333898,0.0
562,39.576559439556846,526.2154848017123,9.188198779037863,1.7429347812684912,781.5448421053962,0.0
563,39.74770563052472,524.6736767457221,9.402532351034282,2.9214789833905455,818.629142769497,0.0
564,39.892192996774135,523.3786642407941,9.494498060216582,3.4605101676287413,834.8406685665858,0.0
565,40.12484074882917,521.2963609513052,9.156833619042878,2.1491718513648634,776.6088382560447,0.0
566,40.62484074882917,516.7838140809154,8.977359899583655,0.6293644168390927,746.6081342020718,0.0
567,40.754989490379096,515.6062186425181,9.671658671813798,3.8417582378865767,866.9195555667957,0.0
568,41.04239358274746,513.0167656243248,9.148593714457782,1.739710787970099,775.7698316981911,0.0
569,41.54239358274746,508.4911713421755,9.014813030422692,0.2610914710446005,753.4278889996741,0.0
570,42.04239358274746,503.951009491607,9.112640115134168,0.6974415807076275,770.1909645943707,0.0
571,42.54239358274746,499.4128830423975,9.072805347456908,0.20224292940797317,763.7924641990649,0.0
572,43.04239358274746,494.8727927548082,9.083476016146475,0.2001073226628165,765.911038305751,0.0
573,43.54239358274746,490.3394454071661,9.12203071282596,0.9612153093717245,772.7503277157357,0.0
574,43.788608990921766,488.1147129125824,9.240462101327529,2.0307421201114253,793.277404526229,0.0
575,43.950809373449665,486.6562639262448,9.42347399351794,3.082606786787313,825.1802707568305,0.0
576,44.33647864441802,483.1872308868506,9.046085901529722,1.2964475980795045,760.5128322233535,0.0
577,44.72094055993419,479.71651570216045,9.1027303570796,1.3005189326196676,770.3130778681663,0.0
578,44.969920806090585,477.47122120225885,9.215089494969547,2.0081914437739328,789.6994033934403,0.0
579,45.223312488807906,475.1911933666539,9.183366028628825,1.973229723399338,784.4336723699766,0.0
580,45.42448162121192,473.38491971647244,9.269663498060593,2.48547077787182,799.4134993784794,0.0
581,45.69965066291892,470.91566124091304,9.120962793396147,1.8170648736437258,774.0999843729655,0.0
582,46.19965066291892,466.4021678217885,8.98490889363427,0.3254945378425107,751.3488884596327,0.0
583,46.465007294149686,464.0012113454647,9.231497754349354,1.8842566612370717,793.4850900280576,0.0
584,46.66562372217388,462.1950823161079,9.297943407938275,2.492318325694097,805.1262914647925,0.0
585,47.16562372217388,457.6821852784293,8.985066765434444,0.29425578276879805,751.9775173094904,0.0
586,47.310231636320204,456.3763109088142,9.552651052728862,3.4576254207918913,850.3348047669227,0.0
587,47.810231636320204,451.8615219187946,8.991692316965102,0.1539431523103892,753.4892045682691,0.0
588,48.310231636320204,447.33185418611674,9.083333862151973,0.5803037489702877,769.2447230747626,0.0
589,48.810231636320204,442.8043111888678,9.051185976428266,0.021901098048161875,764.1264526795254,0.0
590,49.01725385068993,440.93488327310376,9.31255701152432,2.4151997481151373,809.230474591862,0.0
591,49.51725385068993,436.42101855294794,9.011867371911222,0.4826599766815617,757.9459652176042,0.0
592,50.01725385068993,431.8942625659572,9.056444548731768,0.2148680062176078,765.7790826396208,0.0
593,50.44849752482252,427.9967045879615,9.114847689109844,1.15943729726751,776.0087767220895,0.0
594,50.75647555617638,425.2211819305667,9.144660419346362,1.623492421852331,781.3716547345715,0.0
595,50.87302231904925,424.1766442876462,9.713928425123415,4.290123446375193,881.9061804270444,0.0
596,51.049727834483456,422.6015167340893,9.281034160262536,2.8295664613036604,805.1313808297676,0.0
597,51.43244789649036,419.17740676888326,8.984390819154148,1.3064379154259738,754.5946754544894,0.0
598,51.897138996301486,414.9930730509289,9.044443075472886,1.0759835947002783,764.954919796819,0.0
599,52.15954096827786,412.6305666972271,9.184295861699123,1.9054734849516368,789.0956904975467,0.0
600,52.65954096827786,408.12500284592056,9.012377771049428,0.7295668463698528,759.9941678149708,0.0
601,52.75462316180841,407.27062259409115,10.007581962291798,5.2586081729314795,937.4931541274509,0.0
602,52.87188803998427,406.2264265275528,9.656245526771977,4.263851272246701,872.891356172614,0.0
603,53.12150065128306,404.0066549832908,9.061474652050446,2.0031039193027933,768.7456224037389,0.0
604,53.62150065128306,399.51603822869566,8.914055481320839,0.30967155409320485,744.0863593123796,0.0
605,53.74878948646179,398.36959807603625,9.649448916568435,3.9280742831680957,872.2785576840187,0.0
606,54.041564760673474,395.74462137575665,9.09979803840526,1.7077944896346655,775.8164382223155,0.0
607,54.541564760673474,391.24245913556456,8.971330979598456,0.3008631919966078,754.2458224657096,0.0
608,54.797419671895184,388.9357624026906,9.210456846714743,1.954232567248743,795.3151205210401,0.0
609,55.297419671895184,384.4320902352359,9.016074480570795,0.7363673800491808,762.259591180243,0.0
610,55.506293754948544,382.552697907947,9.274152157507398,2.39378669048312,806.8521774383511,0.0
611,55.6223230970509,381.5160908965361,9.690866484145362,4.3092548052105,881.1398665727929,0.0
612,55.919173181280975,378.8686380908886,9.030286697849812,1.6843518885865378,765.1799200625762,0.0
613,56.25388190511036,375.87168587275517,9.045478721374636,1.4938361757635894,767.9411113366338,0.0
614,56.75388190511036,371.3729010737611,8.979300661030617,0.511345445157261,756.9511861783765,0.0
615,56.86163592627073,370.40513601995593,9.821133055115949,4.6401980605054405,905.9059971836635,0.0
616,57.222410383175415,367.17509420737525,9.025553870888785,1.3859074289511024,765.1485373753883,0.0
617,57.471805841833046,364.9401934265894,9.154589299850166,2.0048480541355636,787.4134386795874,0.0
618,57.971805841833046,360.44904807153824,8.982933143533828,0.8241961513088192,758.31441101063,0.0
619,58.471805841833046,355.94011415242556,9.015391082166989,0.21041049520983687,764.1148428249155,0.0
620,58.56761970463251,355.0804205456619,9.978690824779164,5.218451541260642,936.5128303324249,0.0
621,58.665010652127044,354.2153454462675,9.888422083682684,5.133947382821031,919.7172751991341,0.0
622,58.76682725585494,353.31817121608447,9.767706425565642,4.910790398550587,897.4691110733819,0.0
623,58.96762747801636,351.5508130419748,9.071091813571,2.490037085706317,774.085007831981,0.0
624,59.31158844377338,348.49754330051763,8.920766147408843,1.4536533205142974,748.7609763352035,0.0
625,59.81158844377338,344.0122595680565,8.959246241223932,0.775012187788853,755.4428679842829,0.0
626,60.195112563617904,340.5620688125155,9.087788583723283,1.303698969970124,777.5905642064922,0.0
627,60.398414262322795,338.7404290644987,9.247611187116355,2.4593990270872443,805.4320056933335,0.0
628,60.49022689339983,337.92385884071615,9.986983311625774,5.445873777220141,939.5280892539879,0.0
629,60.67446979029557,336.2934390856555,9.183137200376438,2.713808827500971,794.4292910119635,0.0
630,61.14637562333963,332.084302329346,8.899816501128146,1.059533417450504,746.2752758633835,0.0
631,61.64637562333963,327.5836358955131,8.990084912462535,0.08327722010908635,761.7795239386512,0.0
632,61.8635097198371,325.63273468850576,9.243543822202104,2.302724482544953,805.6655175988191,0.0
633,62.3635097198371,321.1414127848054,8.964726424848642,0.4231052040494324,757.9283118485527,0.0
634,62.5090801019237,319.8355545466745,9.484433184213264,3.43476463297695,848.6963667753333,0.0
635,63.0090801019237,315.34969166825715,8.9355983122518,0.2913578310894238,753.4039103829621,0.0
636,63.5090801019237,310.8493281556855,9.035019039148109,0.7239921642960495,770.5732204720641,0.0
637,63.60281166722311,310.01123359290574,9.983312060874713,5.3343822692264,941.1973309396116,0.0
638,63.6836839168847,309.29583272304956,10.17550042845204,6.182590469440462,977.8576585710636,0.0
639,63.79798210057618,308.2925455508058,9.57359082493105,4.374522707636701,865.6487692218658,0.0
640,64.08664189622394,305.7493594783529,8.896055225043698,1.7321428461417478,747.5255853828777,0.0
641,64.3385174102019,303.5134541240782,9.048916932448881,1.9851076117059825,773.6125118964752,0.0
642,64.8385174102019,299.03999682700305,8.895926657867825,0.4424530179693584,747.8247244128049,0.0
643,65.18030355974459,295.96933390158637,9.10163718765572,1.46290304820427,783.1243928360266,0.0
644,65.68030355974459,291.4791990687555,8.967996781212637,0.31237118988965074,760.5051593114385,0.0
645,65.93708606460518,289.1751199013772,9.165112247816388,1.9471731544617255,794.6238482779329,0.0
646,66.20727666726913,286.7598351780907,9.104717644841955,1.8505454855581638,784.3476615101233,0.0
647,66.70727666726913,282.2780944722394,8.931283861260113,0.23194513240577555,754.9137660773079,0.0
648,67.20727666726913,277.78484704331186,9.024815467181517,0.7685376172424956,771.1172274057757,0.0
649,67.47849027172147,275.3555541648647,9.128615019093134,1.8435653366638982,789.2744585831659,0.0
650,67.66968961877672,273.65043819420123,9.237395576223092,2.6150716919317056,808.3727357686105,0.0
651,68.16968961877672,269.1815870400477,8.92912686698676,0.8282454337765338,755.4343632084565,0.0
652,68.32068191897027,267.83133014523304,9.425225872614437,3.311427134755146,842.0456601882261,0.0
653,68.50041929046468,266.23354074266297,9.24473305435941,2.781836608840858,810.2018256209005,0.0
654,68.64152195832882,264.9848640744148,9.397076565345904,3.54351910965582,837.243803154293,0.0
655,68.99201262091998,261.8765344990073,8.921907749095174,1.4265715277649231,754.7971773090136,0.0
656,69.11884141920663,260.75057836028833,9.530256983883877,3.9423223018318643,861.4785677102715,0.0
657,69.43820384795966,257.9168787445677,8.960269544756397,1.565619355890675,761.589625010563,0.0
658,69.93820384795966,253.44509495214132,8.904124494501154,0.3184197022281558,752.2653448280566,0.0
659,70.43820384795966,248.95545113619397,8.999194519064353,0.5225799554554652,768.7213995879498,0.0
660,70.93820384795966,244.4684846396448,8.977021376625496,0.32418491798652094,765.2438992322832,0.0
661,71.43820384795966,239.98306147070824,8.994425211226103,0.632213145551757,768.520819913411,0.0
662,71.93820384795966,235.500899929704,8.988658945078138,0.6961654911557292,767.8420500522165,0.0
663,72.1467265914158,233.6374257293027,9.212457387163344,2.3978199773933717,806.8747309197502,0.0
664,72.6467265914158,229.1655574413221,8.910425629739697,0.13448016640632796,754.9599985022841,0.0
665,73.1467265914158,224.67985073605058,8.98355565466255,0.3749871772850561,767.7079844845339,0.0
666,73.29064262295482,223.3949489266383,9.45002158109473,3.474248106017453,849.8417188211998,0.0
667,73.64227564342582,220.2646872882661,8.984784611105042,1.4219369936596555,768.3114347436492,0.0
668,74.1293990706959,215.91533426267995,8.962868100460483,1.0264339015721102,764.7800387221645,0.0
669,74.6293990706959,211.44219584482812,8.976390204934686,0.8359934836842045,767.3852150026628,0.0
670,75.06583681262785,207.53990817792817,9.009399934953015,1.1456387749296735,773.3459560788771,0.0
671,75.56583681262785,203.06586211197634,8.93611054508099,0.2410188554846381,761.0780640172069,0.0
672,76.06583681262785,198.59089856356513,9.003357948843703,0.9413308052601452,772.881851217784,0.0
673,76.14272784141248,197.90787412813663,10.274331590423643,6.5027091964204,1006.709543109813,0.0
674,76.27624253821342,196.7321504259254,9.408596490174315,3.7449060813541766,844.2241460603653,0.0
675,76.51185583452704,194.65844523496932,8.992883167704582,2.1221213226204285,771.302983378761,0.0
676,77.01185583452704,190.21143768925924,8.821772628458035,0.3674670022566059,742.2879022853965,0.0
677,77.51185583452704,185.73259867485314,8.985781640031727,0.6108603130242838,770.2723789237212,0.0
678,78.01185583452704,181.25910677298234,8.96586302538753,0.6370223676187369,766.9891841472548,0.0
679,78.51185583452704,176.78317127979653,8.947116728075983,0.022316747540482657,763.9124331251318,0.0
680,78.69863461148199,175.116098971348,9.259682386523206,2.6769636687394884,818.3553092352444,0.0
681,79.06491357924143,171.85581795179962,8.981003505679453,1.3650797452513674,769.8859574300028,0.0
682,79.56491357924143,167.39213329478176,8.929629118026703,0.6819065242330138,761.1954668396063,0.0
683,80.06491357924143,162.91768258801562,8.952365717014107,0.346911335611007,765.2037602939087,0.0
684,80.56312661367261,158.46394290801285,8.997398384129246,1.003586749934919,773.050089206131,0.0
685,81.06312661367261,153.9983114508285,8.963651132566156,0.8761207761918773,767.3889477789854,0.0
686,81.20167374029998,152.76552312701645,9.45476549977823,3.6088803295414813,853.924082435126,0.0
687,81.70167374029998,148.31083792582626,8.86382031704091,0.30274651357134996,750.5498164526739,0.0
688,82.20167374029998,143.84004671630194,9.001614810982904,0.9812058520089646,774.1950209373773,0.0
689,82.70167374029998,139.37225073636887,8.937123459225624,0.4982260534185826,763.2681981094003,0.0
690,83.20167374029998,134.90172923431652,8.968922471762909,0.7076797926110829,768.8369631803383,0.0
691,83.60379603647401,131.31235520047105,9.007342273268431,1.2434028273418938,775.5666639174963,0.0
692,83.89264021523329,128.7403820963361,9.05144361536113,1.7310371361740458,783.2842016557254,0.0
693,84.36061254905893,124.5720739232074,8.946290013213016,1.0684392299701537,765.2636191723147,0.0
694,84.86061254905893,120.10624561392763,8.933837016693607,0.5203017934960379,763.2526922847762,0.0
695,85.01401531676673,118.73997963068743,9.374723036909032,3.259393604634171,840.5840308600901,0.0
696,85.51401531676673,114.28981303177164,8.911980525000912,0.9395764132923782,759.6870248426272,0.0
697,86.01401531676673,109.82385241728014,8.952448155529263,0.6938921020019239,766.7284044909882,0.0
698,86.42529040238703,106.1539548924711,9.001881529770532,1.2157313133760013,775.3475464799923,0.0
699,86.54481052405508,105.09347508448373,9.583743094296418,4.1833960091562785,878.9400079492409,0.0
700,86.76977746056745,103.10640895827851,9.058128110318574,2.2225488231800905,785.2047038534632,0.0
701,87.26977746056745,98.66422757484723,8.862149620573652,0.8141318889792676,751.650776747604,0.0
702,87.42708977914252,97.26385844308948,9.349985466815497,3.178390634179209,836.8185603122039,0.0
703,87.92708977914252,92.81014901413488,8.869190321155553,0.25860276052459824,753.0085550443868,0.0
704,88.12202856697012,91.07199059907285,9.226710672724655,2.5649077106307088,815.074685651856,0.0
705,88.23073802035655,90.11044278091408,9.676216864486967,4.599416006836318,896.4844077440182,0.0
706,88.38072534753105,88.79223665754509,9.278909655110263,3.3336149754723974,824.4055540419588,0.0
707,88.85403084402263,84.6052592930192,8.822151663559817,1.0564001553041213,745.2761997927829,0.0
708,89.13211963436775,82.129183117006,9.065361931056517,1.797986892529822,787.0563449352039,0.0
709,89.24156705534786,81.16084292054434,9.669520251053383,4.568403672946199,895.5404032938267,0.0
710,89.31841434094406,80.48759189593613,10.189789568707722,6.5064106834857585,994.5378686867138,0.0
711,89.42520819081976,79.55941010794321,9.578392360595249,4.681917550326932,878.7937510447952,0.0
712,89.52955228616368,78.65702515167118,9.577453597007658,4.791837989030381,878.651679877235,0.0
713,89.67316747387191,77.41686743522997,9.168396784685136,3.481525930361681,805.2262654483251,0.0
714,89.8213972915979,76.13473158879539,9.151204896092036,3.373140490021157,802.2461087313686,0.0
715,90.10743348974316,73.6398051301398,8.797652256439571,1.7480305053771448,741.4899094197584,0.0
716,90.51087277937246,70.07412756645338,8.858599935333814,1.2393438439260904,751.8685581943828,0.0
717,90.69472887844294,68.4439660225166,9.207054029166926,2.7195181586460118,812.2886899237361,0.0
718,90.9801469640574,65.91763256977342,8.986129370767548,1.7518161083716874,773.8210477516595,0.0
719,91.28307298034962,63.23264447138398,8.984039702552613,1.6505680367765647,773.5334527039744,0.0
720,91.78307298034962,58.780566260007014,8.874203752743535,0.3653189655405584,754.810058233214,0.0
721,92.26957744378382,54.43873999878208,8.988036330566715,1.027739800104899,774.4261250500978,0.0
722,92.41116459516203,53.18219775916438,9.41078712839536,3.531393880963004,849.1256084695889,0.0
723,92.91116459516203,48.740710234808226,8.871428462805852,0.8323380715417378,754.6182634994728,0.0
724,93.41116459516203,44.278233980540946,8.946073804540385,0.6544143536944378,767.4965181909469,0.0
725,93.91116459516203,39.81832758665768,8.957339115772447,0.8494079883719022,769.5574904140651,0.0
726,94.30325674774608,36.325960197463644,8.99027915006272,1.2752104236333421,775.3555625625157,0.0
727,94.59276680078338,33.75292442524896,9.0332633298078,1.7270557438486118,782.8884445701038,0.0
728,94.8065378700948,31.858598268094177,9.119124355274002,2.3389507364610336,797.9176297421882,0.0
729,95.30060540636323,27.47167665033107,8.89357800496558,1.0120073943258243,758.988475525374,0.0
730,95.5027609185985,25.67507815043741,9.176173019446729,2.473343390300937,808.1195756694827,0.0
731,95.71845312153279,23.76618137929652,9.101134322286345,2.3181181016187833,795.0094135016226,0.0
732,96.21845312153279,19.327497628128263,8.878074731108464,0.9311254824703632,756.570484655816,0.0
733,96.38921925177493,17.810154002116594,9.274913062823199,2.927981089054343,825.8526901152921,0.0
734,96.55962234499117,16.304800782047618,9.223760780427124,2.9342190365376823,816.8141499021419,0.0
735,96.79251926281968,14.251497408967136,9.02449269904064,2.1468725505768544,781.9462302589171,0.0
736,97.29251926281968,9.81318414441554,8.826140243652455,0.4480301863721875,748.007265747943,0.0
737,97.57484911906265,7.297438786624873,9.07353218619935,1.7709781269810771,790.6567488756839,0.0
738,97.73638236259828,5.866441277063175,9.287503758635317,3.0953380806082587,828.4636947040561,0.0
739,98.23638236259828,1.4275583388581006,8.850470750603089,0.6694834631970519,752.3693894378316,0.0
740,98.34967831170418,0.42146990781471183,9.64753126514153,4.41322045444558,894.1323018589407,0.0
741,98.52996430248274,-1.1687418276116721,9.170669881801654,2.773371340949772,807.9558138919776,0.0
