,time,altitude,velocity,mach,acceleration,drag,thrust,CP,CG,custom CG,RASAero CP
0,0.0,0.0,0.0,0.06271777628189654,7.41213254706088,-0.009361166920583709,249.8738490972673,,3.3949132356894216,3.503814404471972,4.120895154179999
1,0.01,0.0,0.0,0.06271740009885085,0.998695692845647,-0.009361054525298979,933.8259766068984,,3.3949673388088626,3.503997559508247,4.120895154179999
2,0.02,0.0,0.0,0.06271702391580512,11.78787076007802,-0.009360942130690159,2296.982629207789,,3.3952017338465654,3.5042742965559537,4.120895154179999
3,0.03,0.0005874712184420758,0.11793550252346843,0.06268856512949902,25.0532228060161,-0.007713469713033655,3710.2074813564323,,3.3955621770958557,3.504587354861325,4.120895154179999
4,0.04,0.003010987030860497,0.36855952040394513,0.06263459478415283,34.41816660927986,-0.004869558353821393,4706.925621529282,,3.3959224207825534,3.5048720846661543,4.120895154179999
5,0.05,0.008398245059618965,0.7128577549989633,0.06257411586347812,40.94716273822255,-0.0022323522919581854,5400.919501962815,,3.396282464716916,3.505134727603897,4.120895154179999
6,0.060000000000000005,0.01754126234680514,1.1224632912221002,0.06266685465482214,45.29046759474847,-0.0006059601460196579,5861.720429434156,,3.396642308708956,3.505379650516378,4.120895154179999
7,0.07,0.030981821932089926,1.5755134544750684,0.06277974029527532,48.29995908987303,-3.688256063349573e-05,6180.236204160591,,3.397001952568451,3.5056133946721006,4.120895154179999
8,0.08,0.049086324619059464,2.058666568888069,0.0629200415205416,50.21371726048144,1.0356674451215883e-05,6381.9391888156615,,3.397361396104931,3.505837530085105,4.120895154179999
9,0.09,0.07210010387162473,2.5609623647999067,0.06309226970491233,51.53185775203858,0.0004869452458091941,6520.147241295682,,3.397720639127689,3.50605626557806,4.120895154179999
10,0.09999999999999999,0.100184209874865,3.076443039210372,0.06329897815051642,52.38654204528196,0.002539388835968635,6608.977674864263,,3.3980796814457745,3.506270684575711,4.120895154179999
11,0.10999999999999999,0.1334469173444381,3.6004727493502293,0.06353279577147809,52.95462447216653,0.007362849975227597,6667.281730919723,,3.3984385228679916,3.5064822984512145,4.120895154179999
12,0.11999999999999998,0.17195912391740123,4.130184663814394,0.0638029195024982,53.334119337594544,0.01612394910875848,6705.507150673071,,3.398797163202905,3.5066919476424108,4.120895154179999
13,0.12999999999999998,0.2157680473202179,4.663692355792274,0.064109373426872,53.58041386661324,0.029928570932297057,6729.5591570064125,,3.3991556022588374,3.5069001030277365,4.120895154179999
14,0.13999999999999999,0.26490486964343185,5.199663420625904,0.06445184873731832,53.74978329947072,0.04980252579380665,6745.429735456612,,3.3995138398438614,3.507107279389334,4.120895154179999
15,0.15,0.3193903016146383,5.737328358466492,0.06482989981467367,53.85761954132951,0.07669448844899551,6754.762011411887,,3.3998718757658115,3.507313589650973,4.120895154179999
16,0.16,0.37923815390464516,6.2760716090720825,0.06509743852862887,53.933364684637894,0.11202578802543019,6760.688943770181,,3.400229709832276,3.50751930780335,4.120895154179999
17,0.17,0.44445757118689844,6.815572147840986,0.06540130195184347,53.98467182567822,0.156351178202485,6764.026462766767,,3.400587341850597,3.5077244858773904,4.120895154179999
18,0.18000000000000002,0.5150548809057673,7.355585492393984,0.06574097289607919,54.02109492268472,0.21045266655784303,6765.791342054164,,3.4009447716278727,3.5079292126672024,4.120895154179999
19,0.19000000000000003,0.5910344506624985,7.8959627283875555,0.06611589184554623,54.044210247782985,0.27504508363926655,6766.152967298739,,3.4013019989709568,3.507998726782216,4.120895154179999
20,0.20000000000000004,0.672399242897513,8.436570711631484,0.06652542800525217,54.06498073300773,0.35077320122702543,6766.27557583181,,3.4016590236864532,3.508034483201714,4.120895154179999
21,0.21000000000000005,0.75915143982161,8.977385985411534,0.06702142629511207,54.08566451000973,0.43763446630453295,6766.398724127548,,3.402015845580723,3.5080702326888966,4.120895154179999
22,0.22000000000000006,0.851293102319537,9.518407638890793,0.06754981814294388,54.106252669638685,0.5365642094453483,6766.522412392433,,3.4023724644598796,3.5081059752424437,4.120895154179999
23,0.23000000000000007,0.9488262818242743,10.059634693030056,0.06810988963574775,54.109437879432285,0.6480266817866168,6764.814016110986,,3.402728880129788,3.5082761990182543,4.120895154179999
24,0.24000000000000007,1.0517521576330557,10.600893053729425,0.06870072330050626,54.108181254731036,0.7723943397309703,6762.648003942118,,3.403085092396066,3.5084798405176847,4.120895154179999
25,0.25000000000000006,1.160070820284182,11.142138273895107,0.069321489674876,54.10680377635868,0.9100103828199331,6760.482532075153,,3.403441101064085,3.508683255540064,4.120895154179999
26,0.26000000000000006,1.2737821323920295,11.683369010890246,0.06985903312930246,54.105277818767284,1.063785702120186,6758.317600496328,,3.4037969059389668,3.5088864438383784,4.120895154179999
27,0.2700000000000001,1.392885942505458,12.224583857357779,0.07042745394456311,54.100359158541316,1.2319687944787008,6755.808300364525,,3.404152506825583,3.5090891233150665,4.120895154179999
28,0.2800000000000001,1.5173819232041217,12.765748864878397,0.0710259648445763,54.094488492115204,1.414804264676984,6753.213313266399,,3.404507903528558,3.5092915057346166,4.120895154179999
29,0.2900000000000001,1.6472695304429077,13.306854500244546,0.0716537900446779,54.08847860736718,1.612501393533733,6750.618866353925,,3.4048630958522668,3.509493661381911,4.120895154179999
30,0.3000000000000001,1.782548165697577,13.84789936195928,0.07231015321792356,54.08232772526533,1.825234020966138,6748.024959567139,,3.405218083600833,3.5096955900096014,4.120895154179999
31,0.3100000000000001,1.9232172169506034,14.388882201367236,0.07308700381706193,54.09293827174438,2.0494752869720196,6747.213728223182,,3.405572866578131,3.5098970958497437,4.120895154179999
32,0.3200000000000001,2.0692769009405585,14.929970526666516,0.07388867084052649,54.10763946020407,2.2884924800195976,6746.848570809928,,3.4059274445877836,3.51009832571009,4.120895154179999
33,0.3300000000000001,2.2207284724928305,15.471205249899938,0.0747144365740269,54.12221428422542,2.5423849639143925,6746.4839536084755,,3.406281817433163,3.510299328269135,4.120895154179999
34,0.34000000000000014,2.3775733839417468,16.012585103746627,0.07556353541932065,54.136662070829054,2.8112111098848516,6746.119876764338,,3.406635984917388,3.510500103278814,4.120895154179999
35,0.35000000000000014,2.5398130755945205,16.554108973257353,0.0764352139182262,54.14028058684084,3.0950073981861785,6744.625202435866,,3.406989817503326,3.51070022868164,4.120895154179999
36,0.36000000000000015,2.7074484483005667,17.095669922304033,0.07731423379410357,54.14126569102786,3.3945728724007695,6742.848284202779,,3.4073421502413033,3.5109000215204844,4.120895154179999
37,0.37000000000000016,2.8804797397763156,17.637241488378262,0.0782145287650889,54.14228511199908,3.709135112279179,6741.071906585382,,3.407693110665233,3.511099587103884,4.120895154179999
38,0.38000000000000017,3.0589070518479624,18.17882259301027,0.07913537304058835,54.14316834635979,4.0386639870643775,6739.296069593877,,3.408043862633824,3.511298925183984,4.120895154179999
39,0.3900000000000002,3.242730472772592,18.720411875565347,0.08007605729275977,54.15292686025681,4.383115256640604,6738.470300476093,,3.408394405942996,3.511497755341522,4.120895154179999
40,0.4000000000000002,3.431950526268733,19.26209811154536,0.08103605039986914,54.164808579051254,4.742507657378739,6737.882453855263,,3.4087447403884044,3.5116962880514166,4.120895154179999
41,0.4100000000000002,3.6265682847837755,19.803902736328475,0.082066418539247,54.176601474232854,5.1126126026062195,6737.295148029086,,3.4090948657654354,3.5118945931745973,4.120895154179999
42,0.4200000000000002,3.826584922885359,20.345824685885518,0.08311340107013236,54.18826985337012,5.497178348723673,6736.708383115242,,3.409444781869211,3.512092670462807,4.120895154179999
43,0.4300000000000002,4.032001603349266,20.88786271766539,0.08417639486412504,54.19319859146631,5.896133270252143,6735.42596037691,,3.409794488494581,3.512290115087969,4.120895154179999
44,0.4400000000000002,4.242819146958013,21.429949422626184,0.08525469147788008,54.1963457056308,6.309346773721056,6733.970029036312,,3.410143985436132,3.512487231117737,4.120895154179999
45,0.45000000000000023,4.459037949907943,21.97206698413696,0.0863476912143509,54.19936543452909,6.736715420045071,6732.514638846475,,3.410493272488178,3.512684119547086,4.120895154179999
46,0.46000000000000024,4.6806583131457575,22.514214083661695,0.0874448492417562,54.20224877434247,7.1791726780479515,6731.05978983755,,3.410842349444766,3.5128807801278588,4.120895154179999
47,0.47000000000000025,4.907680524343474,23.056389406829094,0.08855590602788807,54.21056185828256,7.635649071209866,6730.189410745661,,3.4111912160996725,3.513076892692816,4.120895154179999
48,0.48000000000000026,5.140105135273016,23.598647268275933,0.08968045877791879,54.22014214449091,8.106086077435132,6729.465555095616,,3.4115398722464034,3.513272697605841,4.120895154179999
49,0.49000000000000027,5.377933031461692,24.141000346485235,0.09081804460321065,54.229601546748746,8.59042065247242,6728.742240799306,,3.4118883176781973,3.513468274673324,4.120895154179999
50,0.5000000000000002,5.621165155596625,24.683447436955063,0.09196819177909198,54.238941114995484,9.088530178903966,6728.019467951182,,3.412236552188017,3.5136636236468375,4.120895154179999
51,0.5100000000000002,5.869802434714544,25.22598622649949,0.09294206577050473,54.243942166661,9.62398086395837,6726.878024332092,,3.412584575568559,3.513858347299749,4.120895154179999
52,0.5200000000000002,6.123845569851155,25.7685743975655,0.09393325841736556,54.24781486187072,10.173907954202821,6725.632319246292,,3.412932387612245,3.5140527439681195,4.120895154179999
53,0.5300000000000002,6.3832949968321335,26.311200674110157,0.09494121076011669,54.25155946949794,10.73807921881011,6724.387155815461,,3.413279988111224,3.51424691274293,4.120895154179999
54,0.5400000000000003,6.648151088975294,26.853863785349834,0.09596539783281198,54.255178042020326,11.316266261900886,6723.1425340769965,,3.413627376857376,3.5144408533757914,4.120895154179999
55,0.5500000000000003,6.91841420704002,27.396562481270553,0.09700530832698723,54.26012614216732,11.908236023033693,6722.0508088989245,,3.413974553642303,3.5146342180086205,4.120895154179999
56,0.5600000000000003,7.194084774549461,27.93931088289973,0.09817554976812823,54.26547976647532,12.49668367485112,6720.997714199766,,3.414321518257338,3.5148272678255665,4.120895154179999
57,0.5700000000000003,7.475163304360557,28.482112263375555,0.09935687971331893,54.27071826752187,13.098101871128149,6719.945161322937,,3.4146682704935367,3.5150200895613546,4.120895154179999
58,0.5800000000000003,7.7616503186169306,29.024965477529626,0.10054891237307813,54.27584266630294,13.712371866422533,6718.89315032075,,3.4150148101416824,3.515212682967406,4.120895154179999
59,0.5900000000000003,8.053546328090896,29.567869388298,0.10175127640129471,54.27451218323646,14.339353055516467,6717.177771641849,,3.4153611369922814,3.515404651115811,4.120895154179999
60,0.6000000000000003,8.350851516308087,30.11075944241838,0.10296346994219836,54.271481044499275,14.978781785188861,6715.29695750652,,3.4157072508355673,3.5155962921059847,4.120895154179999
61,0.6100000000000003,8.653565661907997,30.65361906327617,0.1042388407104034,54.26842126063902,15.621541520846394,6713.416685293215,,3.4160531514614956,3.515787704952642,4.120895154179999
62,0.6200000000000003,8.961688458861687,31.196447548759114,0.10552181604286275,54.26524949165378,16.27634507444919,6711.536954971276,,3.4163988386597475,3.51597888940721,4.120895154179999
63,0.6300000000000003,9.275219591387753,31.739243783914915,0.10681211588218718,54.26438301314414,16.94307649752621,6709.91038071218,,3.4167443122197256,3.5161695097742336,4.120895154179999
64,0.6400000000000003,9.594158853040376,32.28203083163078,0.10810952831968368,54.26401209382952,17.621652464205752,6708.347501842906,,3.417089571930557,3.5163598180725453,4.120895154179999
65,0.6500000000000004,9.918506176988437,32.82481365344719,0.10941381135431139,54.263533739159556,18.311970262386932,6706.785164805979,,3.41743461758109,3.5165498979911263,4.120895154179999
66,0.6600000000000004,10.24826151551628,33.367591096406976,0.11071523413697523,54.26293192501158,19.015692418597883,6705.223369596618,,3.417779448959895,3.5167397492811294,4.120895154179999
67,0.6700000000000004,10.583424809152556,33.910362009343174,0.11202329560798077,54.260516363830256,19.730995061192033,6703.4838233278215,,3.4181240658552645,3.516929002512013,4.120895154179999
68,0.6800000000000004,10.923995902494056,34.453108259726015,0.11333772234961036,54.25756815033093,20.45769652626178,6701.700245644801,,3.418468468055212,3.5171179350805013,4.120895154179999
69,0.6900000000000004,11.269974523290276,34.99582452475694,0.11465828028154659,54.2545150487123,21.195681899323453,6699.9172097405435,,3.4188126553474705,3.5173066391176873,4.120895154179999
70,0.7000000000000004,11.621360367570478,35.53850976008724,0.11598475448074272,54.25135798200237,21.94484404813231,6698.1347155845915,,3.4191566275194942,3.5174951143745816,4.120895154179999
71,0.7100000000000004,11.978153119748043,36.08116255278349,0.11727527834220057,54.24953954642202,22.712934271199632,6696.510947255625,,3.4195003843584564,3.5176830086381656,4.120895154179999
72,0.7200000000000004,12.3403525245704,36.623796680508505,0.1185724742454099,54.248000410042415,23.491874562129013,6694.927266645346,,3.419843925651249,3.517870586342903,4.120895154179999
73,0.7300000000000004,12.70795841000455,37.16641494277061,0.11987613083390122,54.41177853432244,24.281538944369238,6693.344127708946,3.24542577177005,3.420187251184484,3.518057935309811,4.120895154179999
74,0.7450000000000004,13.269463526506378,37.980406301527346,0.12174808394435059,54.40336934970161,25.491991675250883,6690.938049193404,3.248536963940493,3.4206161043636096,3.5183383891125977,4.120895154179999
75,0.7675000000000004,14.134376436192069,39.20156653957075,0.12458715786443969,54.388983495269564,27.343593920634163,6687.136911309576,3.253243633100232,3.4212587504837475,3.5187572630439186,4.120895154179999
76,0.8012500000000005,15.482715631512615,41.03355502612429,0.128914661725688,54.36985430030488,30.197375025862513,6681.663932714051,3.2603350134584197,3.4222212911557586,3.5193825161848995,4.120895154179999
77,0.8512500000000005,17.592657393364615,43.74805396677745,0.13561176158386595,54.346872181919544,34.5606769574587,6673.67256660608,3.269839537368436,3.4236512217784494,3.520301639631864,4.120895154179999
78,0.9012500000000006,19.836744779687667,46.462272371648496,0.14232021450786214,54.34156744734946,39.12940766526065,6665.874990759206,3.279743466367376,3.425353589574201,3.5212121780842978,4.120895154179999
79,0.9512500000000006,22.21487437834801,49.17620843009215,0.14918881096085634,54.31878572735617,43.87120515768865,6656.023736520838,3.2888586725188826,3.4270504763634704,3.522113620540431,4.120895154179999
80,1.0012500000000006,24.72689188912656,51.88867601159657,0.1561205205833971,54.275543022835706,48.79358855459692,6643.9782869794,3.2976188740594248,3.4287418547886985,3.5230063851814757,4.120895154179999
81,1.0512500000000007,27.37256908699121,54.59838847152096,0.16277154335305744,54.223221239308124,53.893682088085306,6631.890161932894,3.3094253314443263,3.4304276973099577,3.5238905812950687,4.120895154179999
82,1.1012500000000007,30.1516393431575,57.30514150104806,0.16974014126882236,54.17935662490555,59.14565925023853,6619.891204054105,3.3183708125760454,3.4321079762034232,3.5247661770936833,4.120895154179999
83,1.1512500000000008,33.06379862805467,60.00885074904865,0.17695663818472426,54.145202060306545,64.59874624245266,6608.107257839938,3.3241995903689436,3.4337826635598416,3.5256326844059815,4.120895154179999
84,1.2012500000000008,36.10870592382298,62.70945431856241,0.18399150747791343,54.10404819022004,70.20692046215841,6596.402844303102,3.3321675267379303,3.4354517312829764,3.526490456991364,4.120895154179999
85,1.2512500000000009,39.28601641733443,65.40680185678983,0.1909695531354859,54.05855323077234,75.9583226284216,6584.834177223719,3.341100827889325,3.4371151510880344,3.5273394927996415,4.120895154179999
86,1.301250000000001,42.59538135103987,68.10079176406923,0.1980189916669628,54.02952055366817,81.88706831301735,6574.745452603422,3.3490820285665794,3.438772894500092,3.528179751076269,4.120895154179999
87,1.351250000000001,46.03643918070623,70.7919541575299,0.20525840396486164,54.0114520948706,88.0939466405202,6564.710672926321,3.353435235428106,3.4404249328524847,3.5290107446801757,4.120895154179999
88,1.401250000000001,49.608793352479275,73.480100811597,0.21249115316710207,53.99560840271076,94.5017873854087,6554.759631220717,3.3573732855237144,3.4420712372851945,3.5298330025379325,4.120895154179999
89,1.451250000000001,53.31201361022322,76.16507587218766,0.21966501418870968,53.97816889938319,101.06854980660334,6544.888271234457,3.362030502999194,3.4437117787432174,3.5306465245983962,4.120895154179999
90,1.501250000000001,57.14564765107171,78.8467085792941,0.2268467571049426,53.96426329700419,107.84030014494441,6535.116519766633,3.3660318212447544,3.445346527974914,3.5314512731786434,4.120895154179999
91,1.5512500000000011,61.10920902020987,81.52480205760423,0.2340388896718537,53.956346110642826,114.81905690640042,6525.548631371281,3.369177780227802,3.4469731554027048,3.5322467429434217,4.120895154179999
92,1.6012500000000012,65.20217501865032,84.19918560413755,0.2411700822091883,53.958964101297234,121.9027744176442,6517.561015382147,3.373397791178246,3.4485429539487287,3.533033318696463,4.120895154179999
93,1.6512500000000012,69.42401168472921,86.8702970352297,0.24835296865792514,54.018039835291255,129.29031713565473,6514.409006802537,3.375484922396503,3.4500585563029342,3.5338110033691628,4.120895154179999
94,1.7012500000000013,73.77420228866855,89.54019610013955,0.25551133206872567,54.088835451425425,136.86391091980383,6512.34388704415,3.377762710990015,3.4515687484989326,3.534579774441386,4.120895154179999
95,1.7512500000000013,78.25226243460682,92.20921140210291,0.26262682422075045,54.149384080394846,144.5334231744498,6509.695638892871,3.3812786613561525,3.4530735035703493,3.535339236690401,4.120895154179999
96,1.8012500000000014,82.85768576951463,94.87675950880376,0.26976669690319505,54.211315948380275,152.49746677000314,6506.268541329222,3.383439235194774,3.454572794371299,3.5360897536238736,4.120895154179999
97,1.8512500000000014,87.58988471312882,97.5420158303723,0.27691128673981713,54.275814644689085,160.74926173040643,6502.189528873463,3.3845525793963573,3.4560665935748855,3.5368313444056962,4.120895154179999
98,1.9012500000000014,92.44818151906455,100.20424440168868,0.2840381982402021,54.337984716651036,169.21118026328628,6497.39790908281,3.3855402527237572,3.4575548736716932,3.537563972869712,4.120895154179999
99,1.9512500000000015,97.43181750617116,102.86266555941019,0.2911504649460467,54.38169269042572,177.91914166783732,6489.895754642706,3.3860121940919785,3.45903760696826,3.5382871166154657,4.120895154179999
100,2.0012500000000015,102.53991861393902,105.51543472439226,0.29823944254031254,54.33307213189637,186.86309673800002,6472.096042522166,3.3860601877813465,3.460514765585532,3.539001189561214,4.120895154179999
101,2.0512500000000014,107.77138328757445,108.15703931144722,0.3052855668289536,54.25991025350892,195.87149578541826,6452.34284473564,3.387390201841605,3.4619863214573146,3.5397063477754784,4.120895154179999
102,2.101250000000001,113.12490378302161,110.78585275265097,0.31229520521196774,54.22017174985966,205.28094841232195,6432.879181251301,3.3862149519235407,3.4634522463286888,3.5404026500541366,4.120895154179999
103,2.151250000000001,118.59903855639575,113.40150221028925,0.31927303577757016,54.1657749928583,214.649649651745,6413.744336612751,3.387520534278246,3.4649125117544313,3.5410895937844162,4.120895154179999
104,2.201250000000001,124.19230879899591,116.0035657676835,0.3262062368142649,54.1435132334348,224.37764791697506,6394.739318573368,3.3868096886111183,3.4663670890974054,3.541767561149441,4.120895154179999
105,2.2512500000000006,129.90311873399926,118.59132091641436,0.3331171524300833,54.12211642588025,234.2167565197817,6375.916612982111,3.386965982324928,3.46781594952694,3.542436560408263,4.120895154179999
106,2.3012500000000005,135.72977929841022,121.16398864697663,0.3399676370021146,54.26326831065524,244.35827338869487,6370.175327496003,3.3855102844180274,3.469259064017192,3.5430965602904716,4.120895154179999
107,2.3512500000000003,141.67056333830755,123.72637967289016,0.3466860890978774,54.51904804228611,254.85841207442107,6367.799048338335,3.380307477784918,3.4706964033454932,3.5437470491876515,4.120895154179999
108,2.40125,147.72367835480185,126.2791769005079,0.35346052600350325,54.74116558577777,265.3280707993267,6365.886586356972,3.378657409723959,3.4721279380906775,3.544388493636227,4.120895154179999
109,2.45125,153.88732401910266,128.82203241584764,0.360219779900084,54.9898111382916,275.99504389393564,6364.300476895442,3.376860723802861,3.473553638631395,3.545020883547392,4.120895154179999
110,2.5012499999999998,160.15953459000477,131.3531307342398,0.3668445763040155,55.33141200312668,286.76891132967205,6363.082940737017,3.3724726485812875,3.4749734751444015,3.5456441908668883,4.120895154179999
111,2.5512499999999996,166.53799759411942,133.87007697418002,0.3733459335352974,55.751840233754436,297.40883480069493,6361.503723751774,3.3667909953769315,3.4763874176028424,3.5462578913513,4.120895154179999
112,2.6012499999999994,173.0200608581266,136.37071235050834,0.3798680369532928,56.12674699984742,308.14558355841683,6354.055897826403,3.3624914795526983,3.4777954357745067,3.5468624021768855,4.120895154179999
113,2.651249999999999,179.60275751208044,138.84979822711068,0.38630322525235566,56.53640945763259,318.82401103130945,6342.172153295122,3.3576200028387477,3.479197499220071,3.547457753152615,4.120895154179999
114,2.701249999999999,186.2826513516256,141.30207374115471,0.3927049415658481,57.004272501849094,329.51976836707644,6330.291876053937,3.3529612263240502,3.480593577291322,3.548043963241172,4.120895154179999
115,2.751249999999999,193.05584965560467,143.72357880421995,0.39895179676885395,57.60891105021095,339.85996826812504,6318.459604806204,3.3471429785380455,3.481981769183645,3.5486235827623323,4.120895154179999
116,2.8012499999999987,199.9179100281691,146.10955105982504,0.40517259611057055,58.306902833944186,350.0201532795394,6306.856659229852,3.3414690918954437,3.4833224904630162,3.54924500440588,4.120895154179999
117,2.8512499999999985,206.8638014925841,148.45407247890975,0.4111827241466875,59.22808687319038,359.3143627142389,6296.934020401893,3.3344428385802547,3.4846179281688836,3.549916826848115,4.120895154179999
118,2.9012499999999983,213.88770268121203,150.75039560708547,0.4168308144499566,60.35568327427556,367.0583695523556,6287.808707580514,3.3255722010639217,3.485907737513878,3.550578684742647,4.120895154179999
119,2.951249999999998,220.982902518667,152.98955970193867,0.4222978752827645,61.719970811917854,373.5307057981947,6277.018898448698,3.3163238139970805,3.4871918900346475,3.5512298752684743,4.120895154179999
120,2.9938958607601003,227.08499299560023,154.84386699015923,0.4269518120475594,63.0548525230522,378.33594998861565,6264.4359879302065,3.308699260449556,3.4883765311437904,3.5517773480191877,4.120895154179999
121,3.029240714401397,232.17333555171413,156.33262886384924,0.4306011113465465,64.43679580093234,380.7633197136668,6253.96511542694,3.301549120608603,3.4893699803245104,3.552225575203995,4.120895154179999
122,3.059352187081312,236.52734342048592,157.5596295335323,0.4335116773372482,65.86878169186527,381.29933935999594,6245.14459659596,3.2948142640188673,3.490201074126056,3.5526034596855074,4.120895154179999
123,3.085529219364395,240.32446287643614,158.58955204582466,0.4358167293196824,67.36816892980576,380.09741799776344,6237.498227887967,3.288348789798785,3.490913793605655,3.5529286250177563,4.120895154179999
124,3.108600717694374,243.67865046218884,159.46434675456288,0.43777500038015693,68.85883049399587,378.0918286654673,6230.773542407959,3.2826049679313622,3.4915358742180342,3.553213239658567,4.120895154179999
125,3.129324526306891,246.69619480129214,160.22034029797172,0.4395030897135805,70.33738703176756,375.58163033367754,6224.760003574365,3.277488039598845,3.492087894161914,3.5534668140562005,4.120895154179999
126,3.1482152554773055,249.44957586833846,160.8816711313284,0.44098456994412216,71.848675235588,372.31676870066354,6219.288063124187,3.2726795217097338,3.492586259621204,3.5536966365319107,4.120895154179999
127,3.165575564495908,251.98127466043513,161.46322711109804,0.4423346584636861,73.35357485470138,368.76635390301277,6214.27720771431,3.26832672055987,3.493041512205119,3.553906307574686,4.120895154179999
128,3.181682867066848,254.3306313392906,161.97787238951463,0.44351627823402234,74.89050450141427,364.65147557582566,6209.628056363809,3.2642047081985233,3.493461130608066,3.5541001861356967,4.120895154179999
129,3.196706726300572,256.5216005926149,162.43385827417373,0.44454247764645355,76.4618290665233,359.99269759475334,6205.314310864369,3.2602822877585846,3.4938508682936966,3.554279487750649,4.120895154179999
130,3.2107825972070128,258.5733891002869,162.83770645834792,0.44534317789831956,78.10763792683424,354.4139914446893,6201.273125124779,3.25639191863881,3.494214662332903,3.5544469557184555,4.120895154179999
131,3.2239910944417622,260.4973677044844,163.19387214366733,0.44599391098755203,79.78911444044122,348.2950381628005,6197.4838231041085,3.252675279163139,3.4945553115684347,3.55460353262523,4.120895154179999
132,3.23642954742047,262.3074633683298,163.5072010102339,0.4465333821441137,81.4906632833271,341.81346044913056,6193.931158858079,3.2491681565242096,3.494875119919268,3.5547498989236144,4.120895154179999
133,3.2481888181313607,264.0167421372327,163.78199363808045,0.44697263330713954,83.21079036916797,335.00789958804495,6190.5722878286415,3.2458542929870235,3.495176503308765,3.5548879254384103,4.120895154179999
134,3.259344867663152,265.6361547806742,164.02180537979348,0.4473042806199627,84.95586996848749,327.832277254729,6187.385503892167,3.242697197771359,3.495461597402948,3.5550185587820904,4.120895154179999
135,3.269957618969199,267.1743578464515,164.2295310907812,0.447549529233013,86.71697225817321,320.38916504265035,6184.365469542039,3.239707962503427,3.4957321415407367,3.5551420260683186,4.120895154179999
136,3.2800820466969394,268.63931395195357,164.40774523662805,0.44771809680256097,88.49091240664167,312.7230623229998,6181.48790403479,3.2368798633399445,3.495989605267511,3.5552593898271545,4.120895154179999
137,3.289766201913572,270.037996106763,164.55865950879735,0.4478156025199737,90.27617440285248,304.8600175556887,6178.735220472396,3.2342027428447637,3.496235303393635,3.5553714153820244,4.120895154179999
138,3.2990512777877634,271.376392458032,164.68416528708033,0.44784685658343004,92.0711650453182,296.82444361776385,6176.095713650314,3.2316677798031583,3.4964703736415683,3.5554786088826313,4.120895154179999
139,3.3079733189681,272.65975070371763,164.7859330558561,0.44785425403442264,93.85783564310567,288.81567508887434,6173.567827293819,3.2293040732307694,3.4966957998691455,3.555581020973789,4.120895154179999
140,3.3165685441712633,273.89334045415,164.86546365038535,0.4478073568583489,95.65128828495193,280.6866410294981,6171.136397223568,3.227065193654996,3.4969125000487584,3.555679311637767,4.120895154179999
141,3.324864049677724,275.08111471891215,164.9239550217116,0.44770476105667084,97.45179988282375,272.43635397509024,6168.789477278559,3.224941303849456,3.4971212777343608,3.5557740036210386,4.120895154179999
142,3.3328835816491367,276.22654210680344,164.96245642910839,0.4475491657322257,99.25758171581491,264.08423635862835,6166.520356057752,3.2229278253460163,3.497322779254351,3.55586538536712,4.120895154179999
143,3.3406484754374635,277.33274139389033,164.9818959223275,0.44734295474688107,101.06685949954736,255.64872271240313,6164.323003757038,3.2210206033284163,3.497517577308056,3.5559537154908445,4.120895154179999
144,3.3481779429504512,278.40252250282686,164.98309602664273,0.44708823875935405,102.8779143396447,247.14740949700058,6162.200815160482,3.2192158846301413,3.497706186508209,3.55603882176447,4.120895154179999
145,3.35548921844236,279.4384075574199,164.9667869032007,0.4467845136733461,104.68975394416175,238.58742877661277,6160.1417142925275,3.2175088016729627,3.497889069047117,3.556121243291998,4.120895154179999
146,3.362597790174276,280.4426643343842,164.93361829271132,0.4464350687040051,106.49985146193416,229.99255628667385,6158.1394158846815,3.2158976630440987,3.498066639627384,3.5562012544340473,4.120895154179999
147,3.3695182190932598,281.41742230656206,164.88417064273952,0.446042160993784,108.3061777338315,221.38149583413232,6156.189825610983,3.214380215212847,3.498239278628656,3.556279029185532,4.120895154179999
148,3.3762634665415647,282.36457798497327,164.8189636674289,0.44560712344867887,110.10689617749122,212.76953985579829,6154.289299026615,3.2129540587490526,3.4984073340914392,3.5563547223591447,4.120895154179999
149,3.3828458073202716,283.28592391227266,164.73845736733963,0.4451311187434492,111.90026983788341,204.17098560970265,6152.435571035912,3.2116170013039964,3.4985711248398395,3.556428424585329,4.120895154179999
150,3.389276394363227,284.1830877097445,164.64306191064964,0.4446151863733623,113.68453644711475,195.59988355252443,6150.6321539597175,3.210367167624389,3.498730946490703,3.5564999581378687,4.120895154179999
151,3.395565384146175,285.05755041273835,164.53314476179472,0.44406026136899945,115.45779301697854,187.07008235330673,6148.868157508139,3.209202978573835,3.498887067766288,3.5565698188751336,4.120895154179999
152,3.4017224934864934,285.91072438156664,164.40902634207507,0.443467243199083,117.21822199665233,178.5949840557786,6147.1408622336285,3.2081230924590782,3.499039738979282,3.556638120977612,4.120895154179999
153,3.407756525408549,286.74388769889765,164.27099366355841,0.44283700948041876,118.96390759949385,170.18812476644354,6145.447804289041,3.2071264716388863,3.499189193132557,3.556704967798248,4.120895154179999
154,3.4136758578639275,287.55825235763933,164.1192952843683,0.4421699210862091,120.69305178642703,161.86111067908092,6143.78663836957,3.2062121580216094,3.4993356461760383,3.556770457361005,4.120895154179999
155,3.4194881558492645,288.3549248841497,163.954152321671,0.4414665304761618,122.40370143342224,153.62643407895732,6142.155218524779,3.2053795704730623,3.499479299538171,3.5568346792366836,4.120895154179999
156,3.4252008486120986,289.1349722487916,163.775749794955,0.4407272849283644,124.09395592103473,145.4960010877752,6140.555876643225,3.2046283399870714,3.4996203425039054,3.5568975102377567,4.120895154179999
157,3.4308208301555583,289.8993809560458,163.5842479674408,0.43995257218176376,125.76180891742263,137.48171194959713,6138.985604173542,3.2039583652150885,3.499758954439439,3.5569590818883996,4.120895154179999
158,3.436354619303073,290.6490793169062,163.37978108370137,0.43914271194354937,127.40518824613936,129.59607966126222,6137.4391212053015,3.2033697980397573,3.499895303131096,3.557019633833821,4.120895154179999
159,3.441808507436356,291.38495763773625,163.16245444545945,0.43829794276213635,129.02202516453167,121.84936058974937,6135.914673267604,3.2028630405288587,3.500029548590086,3.55707923824201,4.120895154179999
160,3.447188388861285,292.10784543627324,162.93235348257554,0.4374184559894853,130.61015389451043,114.25280459361117,6134.410616170005,3.20243877578213,3.500161842817916,3.5571379625681394,4.120895154179999
161,3.4524999657519544,292.81853930883096,162.68953834227358,0.4365064585313427,132.16718781169206,106.82249151352308,6132.9253587385,3.202098176830007,3.5002923302689024,3.557195871824632,4.120895154179999
162,3.4577487584321194,293.51780428763794,162.43404530767512,0.43556226468834536,133.69096195936572,99.56908034430944,6131.45735993876,3.2018423590639813,3.5004211505038136,3.557253028715118,4.120895154179999
163,3.4629400676730024,294.20636885197047,162.16588866664284,0.43458354824349954,135.17935393814312,92.49730249287843,6130.006394542097,3.2016725995193798,3.5005484378763567,3.5573094316742084,4.120895154179999
164,3.4680790403794766,294.88493373663175,161.88506056087013,0.4335702504340183,136.629927735966,85.61768164753246,6128.575375514137,3.201590809660513,3.5006743218945364,3.5573649254653406,4.120895154179999
165,3.473170787363474,295.55418738570273,161.5915259892697,0.4325222348257306,138.04012306090937,78.94047781420541,6127.157205028819,3.201599262856262,3.5007989294730963,3.557419845671056,4.120895154179999
166,3.4782202044855826,296.2147822929964,161.28523382076037,0.43143932723761774,139.40726425472008,72.47595976994151,6125.750520357484,3.2017006274292434,3.5009223842020383,3.5574742467358553,4.120895154179999
167,3.4832321390898286,296.8673568863939,160.96610934488075,0.43032128852310325,140.72855943239898,66.23421256245487,6124.353971529122,3.2018979990674175,3.501044806208537,3.557528182328261,4.120895154179999
168,3.4882115306089747,297.5125534845858,160.63404566394644,0.4291677851939662,142.0011129029691,60.22546489357714,6122.9661821170075,3.2021949534704977,3.5011663159027515,3.5575817068587225,4.120895154179999
169,3.493163195454597,298.15098998452527,160.28891818651124,0.4279784407437028,143.2218525017893,54.45906968424112,6121.585809148032,3.2025955888740074,3.501287033075157,3.557634873169516,4.120895154179999
170,3.4980920787218146,298.7832921283437,159.93056872014733,0.4267527809679688,144.3875632407883,48.94423988756192,6120.2114729168115,3.2031045998057475,3.5014070773454904,3.5576877352434684,4.120895154179999
171,3.5030031214044492,299.41007586644315,159.55882099922988,0.42545911190583785,145.4907000428706,43.649210840031415,6118.84311295234,3.203731626568516,3.5015265696092808,3.5577402810899614,4.120895154179999
172,3.5079016020998175,300.0319904308858,159.17347342887402,0.42410781555560756,146.527349995418,38.60593246676237,6117.483027642048,3.2044832831857444,3.501645634571734,3.557792378535369,4.120895154179999
173,3.512792976684736,300.64969671916447,158.7742679514298,0.42271776564756003,147.4958027039809,33.85069472450549,6116.12404101251,3.2053644418475877,3.501764402939645,3.5578443419295263,4.120895154179999
174,3.517682849666874,301.2638627317322,158.36090851477303,0.42128804930046704,148.39191333546626,29.391451770896083,6114.7651455615005,3.206383236150522,3.501883009116544,3.5578962309356377,4.120895154179999
175,3.5225770361758686,301.87517047997454,157.93305893740677,0.4198176379792525,149.2112156404901,25.23577933171332,6113.404720558751,3.2075489773303496,3.5020015915976854,3.557948107180184,4.120895154179999
176,3.5274817013953017,302.4843322238368,157.49033126799625,0.4183053493784388,149.9488952130101,21.39081766741509,6112.041046659256,3.2088723623479556,3.502120295398746,3.5580000357151733,4.120895154179999
177,3.5324033492132503,303.09208753883127,157.03228697711202,0.4167498539479792,150.59972922342018,17.862509979334188,6110.672308910603,3.210365688128097,3.5022392735886942,3.5580520848757033,4.120895154179999
178,3.5373490325594936,303.69922754415893,156.55841791203937,0.4151496128779623,151.158039070094,14.656207623131383,6109.296538087177,3.2120431773575584,3.502358689674965,3.558104328477633,4.120895154179999
179,3.5423263148458104,304.30658789934125,156.06815004051083,0.4135028942602945,151.61760320174352,11.776203196903445,6107.912049573941,3.213921296292879,3.502478719651176,3.5581568240090924,4.120895154179999
180,3.5473435408884395,304.91507934466694,155.56081783752938,0.4118076906288631,151.9716073315037,9.225338127146227,6106.522240717852,3.216019256855,3.5025995547693136,3.5582093725552344,4.120895154179999
181,3.5524099176074695,305.525694109731,155.03565508951942,0.4100664488595576,152.21417249608484,7.006455198497189,6105.11844335303,3.2183576393387474,3.502721405742212,3.5582623735082564,4.120895154179999
182,3.557535664833751,306.1395201851855,154.49176698129926,0.40827715880356447,152.33741696602291,5.117557033047408,6103.697811771998,3.2209621953632,3.5028445054800095,3.5583159317311996,4.120895154179999
183,3.562732124393873,306.75774987877696,153.9281491020986,0.40643161364827135,152.33010663310452,3.5520567673893826,6102.257186375988,3.22386617866532,3.5029691121570004,3.558370163251858,4.120895154179999
184,3.5680125811613217,307.38177163821274,153.3435925816146,0.4045261991694519,152.18154956367388,2.3018030157816094,6100.792865483152,3.2271072607077502,3.5030955203486887,3.5584252037263058,4.120895154179999
185,3.573392282243107,308.0131638917404,152.73668357976914,0.4025566898873849,151.87953487497526,1.3534497879714544,6099.300599188007,3.2307309578927126,3.503224071043131,3.5584812084885558,4.120895154179999
186,3.578889252080219,308.6537809082058,152.10572024695978,0.40051799149871725,151.40996038321805,0.6865905080881619,6097.775362308077,3.234793074326575,3.503355161538515,3.5585383608571126,4.120895154179999
187,3.584524797533354,309.3057984427895,151.4486672599002,0.3984040097898019,150.756380163294,0.2712370250980417,6096.214441714748,3.2393626973967713,3.5034892611457185,3.5585967119001483,4.120895154179999
188,3.5903248170455653,309.9718481955422,150.76302402805544,0.3962072457207614,149.89929777379342,0.06402490988980224,6094.6115734528,3.2445268790146904,3.5036269327644494,3.558656475337336,4.120895154179999
189,3.5963213077324734,310.6551670228593,150.0456773846817,0.3939183499245368,148.81521582515185,0.002662505684014487,6092.953894276262,3.2503972342340375,3.5037688664078486,3.5587181768181515,4.120895154179999
190,3.602554579177688,311.35981624770125,149.2926565344579,0.39157141151000585,147.5010822643905,-0.0025690893495123124,6091.230209170196,3.2570827746975337,3.5039159234369768,3.5587822215117275,4.120895154179999
191,3.609073785158997,312.0906976626925,148.49883395969246,0.3891772789777888,145.93867332211164,-0.07560522847857618,6089.426861933453,3.2647433861075927,3.504069168843582,3.5588491024107807,4.120895154179999
192,3.6159421728516645,312.8540858395118,147.6579778823159,0.38665252409996004,144.04813312015517,-0.37710922579547024,6087.526277673233,3.2736840552783546,3.504229939739893,3.558919453053167,4.120895154179999
193,3.623252150014865,313.6592025704292,146.7609693754829,0.38397140764662063,141.7696949678394,-1.1214169689723292,6085.504360124389,3.2842767978374563,3.504400087775081,3.558994117876801,4.120895154179999
194,3.6311374270724657,314.519368748938,145.79464035145156,0.381096702123057,139.01998495586292,-2.6091345710544847,6083.330734089133,3.2970813571580995,3.504582302816378,3.5590740847682354,4.120895154179999
195,3.639803934716342,315.4550691631723,144.7387879302109,0.37797120664474976,135.67540386408132,-5.290486578000564,6080.940814466154,3.31299700486526,3.504780624303673,3.55916179913806,4.120895154179999
196,3.6484455662798636,316.37830336794923,143.69739049465878,0.37490380589218153,132.04372631552775,-9.265993361084362,6078.556803166057,3.3310268382228405,3.5049878291924412,3.5592490788825124,4.120895154179999
197,3.6570060138085934,317.2835795529838,142.6818986200006,0.3718445287794617,128.14595734229428,-14.685272456658007,6076.194285127451,3.3514196748994483,3.5051935827506506,3.5593353584844896,4.120895154179999
198,3.66549917785151,318.1729611336666,141.69472369827915,0.3688629619860438,124.0761400065793,-21.618094958582187,6073.853805426465,3.3743777324251782,3.5053973816007438,3.5594205536609462,4.120895154179999
199,3.6739384019250942,319.0483859925742,140.7373288326334,0.3659799232208069,119.90145487512582,-30.085886223687098,6071.533513118706,3.400190537485615,3.5055995553938692,3.559504708531244,4.120895154179999
200,3.682336471910929,319.91166795630227,139.81060402786193,0.3631963795688653,115.67918823169055,-40.06429091220623,6069.22376965035,3.429217464959018,3.505800419333145,3.5595882802747862,4.120895154179999
201,3.690705698508045,320.7645078842929,138.91488981932855,0.36051171734740184,111.46760341637037,-51.480137431552805,6066.921231539276,3.461865905081688,3.5060002752216572,3.5596713934007975,4.120895154179999
202,3.6990579955544867,321.60850397749607,138.04998788597547,0.357923796400538,107.32490029843899,-64.21444337726133,6064.622658433843,3.4985954122499083,3.5061994134401573,3.5597541674764663,4.120895154179999
203,3.707404951390387,322.4451608999271,137.21500998184493,0.35549625329928297,103.34205356186771,-78.05282416338123,6062.331452748793,3.5396964017406956,3.5063981147787553,3.5598363644679534,4.120895154179999
204,3.7157578469469734,323.27589301383625,136.40853467367106,0.35316487340977515,99.53768331258003,-92.83329981793698,6060.041554984919,3.5858759725417215,3.506596651539915,3.5599182570395302,4.120895154179999
205,3.724127697613262,324.1020312593992,135.62893774805133,0.3509151373960647,95.95605106745855,-108.32168618711681,6057.746398021979,3.6377733298354227,3.506795288282353,3.560000144831533,4.120895154179999
206,3.732525369239502,324.9248367767058,134.87418442845177,0.3487400649705125,92.63994029468213,-124.24229410718922,6055.443020611282,3.696047780407677,3.5069942837197208,3.5600821326236676,4.120895154179999
207,3.740961625825147,325.74550717725566,134.14186661239177,0.34663175336283836,89.62402061998064,-140.28443639206142,6053.128484230224,3.761388544696663,3.5071938926756028,3.560164323303983,4.120895154179999
208,3.749447166976322,326.5651818225035,133.4292550416613,0.3445815472014482,86.93709387978244,-156.10533959361248,6051.241881781305,3.834487089759749,3.5073943670954217,3.560246331500848,4.120895154179999
209,3.757992663608419,327.38494685113614,132.7334266542451,0.34252076100205014,84.5747263578712,-171.3514542846151,6049.403461707657,3.9163912160694148,3.5075959569084354,3.560328673065026,4.120895154179999
210,3.7666088219695246,328.2058431036578,132.0512663741973,0.3404947089661445,82.5558052939743,-185.58848519975464,6047.549290467671,4.007361470431639,3.5077989111963634,3.5604115148170123,4.120895154179999
211,3.775306411018246,329.0288707225992,131.37939140110063,0.33849749231989795,80.8690852951614,-198.3903105336192,6045.677048097859,4.107707912591453,3.508003479254496,3.5604949553217122,4.120895154179999
212,3.7840962359798853,329.8549890049194,130.71435304991044,0.336519134310002,79.49040736534815,-209.30804534393067,6043.818019329064,4.217414973963321,3.508209910576478,3.560578955492028,4.120895154179999
213,3.7926842382278676,330.6567512236197,130.07524372403873,0.3346169877718829,78.41971467712261,-217.6260687341438,6042.106030108023,4.331767523071901,3.5084148602722873,3.5606604170586906,4.120895154179999
214,3.8008009862775642,331.40968802734477,129.4784993340424,0.3328396793594064,77.6161254677895,-223.02777168651764,6040.48751387362,4.4450285850839375,3.5086116950480277,3.5607372429777877,4.120895154179999
215,3.8085748200345453,332.1264649077888,128.9117475491134,0.33114315981841147,76.99726211085044,-225.68590497005113,6038.9369530409795,4.5566157782976475,3.5087987753415835,3.5608106722046267,4.120895154179999
216,3.8160941118954312,332.81576461784715,128.3665584306042,0.32951216750958123,76.50616800160175,-225.7023784650911,6037.4367729484375,4.665376139440968,3.508978673403052,3.560881556453422,4.120895154179999
217,3.8234244170724074,333.4839844358187,127.83680787687952,0.32792895610973233,76.09469198064325,-222.61497824619698,6035.974003332186,4.769978187598108,3.50915321472997,3.5609504329772688,4.120895154179999
218,3.8306165116004833,334.1360392966477,127.31796119654454,0.32638050758958875,75.71967929168108,-215.42931670348693,6034.538755574276,4.868897605253759,3.5093237772881967,3.561017505310942,4.120895154179999
219,3.837711259846128,334.77584707528626,126.8064826889086,0.32485677490719517,75.37228747510531,-205.65872519430414,6033.122601249459,4.960497803222108,3.5094914449333228,3.5610835460805266,4.120895154179999
220,3.844742987162247,335.40666045866215,126.29943926381054,0.3233495106305322,75.04835640795098,-194.7170782523011,6031.718704107808,5.043123163203012,3.509657105284838,3.561148878881289,4.120895154179999
221,3.851741563670958,336.03127194458233,125.79431720538527,0.3218540540425839,74.74569118124687,-183.80014911749163,6030.321111506515,5.115177519959225,3.5098215144661364,3.5612137836323727,4.120895154179999
222,3.8587339711533644,336.6521659735384,125.28888795314744,0.32036899015440945,74.46380181386293,-173.95548774211952,6028.924442702931,5.175236598740576,3.509985340369842,3.561278511483526,4.120895154179999
223,3.865745250155252,337.2716114136135,124.78113138081486,0.3188819306488077,74.2035384537857,-166.1078340497019,6027.523884834361,5.222222288819247,3.5101491924056876,3.56134304963732,4.120895154179999
224,3.8727992379951606,337.89173274356875,124.26917382361346,0.31738797134698715,73.96746345700427,-161.14005827884554,6026.114655893844,5.255326111345645,3.510313641408217,3.561407645536044,4.120895154179999
225,3.8799197021425837,338.5145459367066,123.75656828571363,0.31588178264473915,74.30922724009567,-159.8331147090715,6024.691839774431,5.25149917990513,3.510479241615619,3.5614727269704876,4.120895154179999
226,3.890401676792774,339.42551393971485,122.99904963625065,0.3136619979651816,74.14180966846172,-163.7703127507657,6022.596753129846,5.1962854533437675,3.510684715680574,3.5615683073539883,4.120895154179999
227,3.9010200133962676,340.3413752038723,122.2268660545424,0.31141747069202125,74.06568993166441,-171.88369620897834,6020.473734133466,5.11350337642649,3.5109307643509706,3.5616648571284024,4.120895154179999
228,3.9117819146541275,341.2626508191462,121.44012098224701,0.3092025215589298,74.05848433829222,-181.14627600926656,6018.320986367977,5.008192635096155,3.511179791961154,3.5617617932589654,4.120895154179999
229,3.922690650427036,342.18949797610225,120.63904996133613,0.306956396318975,74.10558393246771,-188.6377016423915,6016.138150561622,4.886018835900741,3.511431908672007,3.5618596986878672,4.120895154179999
230,3.9332796426032064,343.0825738364524,119.85846119039834,0.3047752928423141,74.19020054990665,-191.5833220795099,6014.01865275081,4.759302295577894,3.5116817216310685,3.561954456288782,4.120895154179999
231,3.9435270472100856,343.9407514945886,119.10054607161382,0.30266367009650524,74.30323421730242,-189.0071534030947,6011.966916878664,4.634568311431762,3.511923571658719,3.5620457964155197,4.120895154179999
232,3.9534316936213934,344.76461443990263,118.36562536123542,0.30057823261849126,74.46987598161861,-183.50040457358014,6009.983163036868,4.515541800934455,3.5121559920591086,3.56213328821116,4.120895154179999
233,3.9630038368779092,345.55564044586725,117.65284601424356,0.29848180763409016,74.69580819926327,-176.1091196762873,6008.065500682881,4.404199481367137,3.512377701767212,3.562217615339833,4.120895154179999
234,3.9722605336751236,346.3158001956964,116.96077043375305,0.29645023309731,74.9771423252578,-167.58152538204718,6006.2105673147735,4.30245809677604,3.512590363738363,3.5622989505685254,4.120895154179999
235,3.981227318041077,347.0476857656352,116.28732416982811,0.29447688646946824,75.3083948056407,-158.38359245643173,6004.4132943980485,4.21033841773188,3.5127959930939,3.562377538613773,4.120895154179999
236,3.9899308960489885,347.7539077159192,115.63037542781203,0.2925551540557363,75.68204403614122,-148.8556214018245,6002.6681958534855,4.1273503327091605,3.5129951974783817,3.5624531150844367,4.120895154179999
237,3.9983974910267035,348.43696726360366,114.9878753555299,0.2906788013113541,76.08979488601703,-139.24318840711058,6000.970213956714,4.052755687792881,3.513188589621515,3.5625264074396976,4.120895154179999
238,4.006651960891696,349.0991934332994,114.35793002286466,0.2888550630801473,76.52284923248911,-129.74787327296062,5999.314411977279,3.9858390342281287,3.513376758914732,3.562597694996841,4.120895154179999
239,4.014717770815958,349.7427492934312,113.73880011269738,0.28706858783963723,76.97337687610646,-120.47143137725502,5997.69611022539,3.9256728849937925,3.5135602614105803,3.562667192392519,4.120895154179999
240,4.022616241971894,350.36957968686295,113.12895055935158,0.2853118092172642,77.43386713053272,-111.49217276914017,5996.111039195596,3.8714580659647617,3.5137396113276096,3.562735053593791,4.120895154179999
241,4.030366769407827,350.98143619861673,112.52703118637784,0.28358085612731604,77.89737947736033,-102.86748765081161,5994.555164562223,3.8224951302308474,3.5139152753276583,3.5628010300996555,4.120895154179999
242,4.037987049674534,351.5799015481522,111.93185443711477,0.28187236301045265,78.35769990418778,-94.63434616616621,5993.025133813255,3.7781612043822963,3.5140876777758057,3.562865755030315,4.120895154179999
243,4.045493252389572,352.16640842242964,111.34237758595809,0.28018341027244076,78.80934850705673,-86.81468657349053,5991.517716186959,3.7379081442930935,3.5142572054387538,3.5629293724301854,4.120895154179999
244,4.052900164161687,352.74225526923743,110.75768771524979,0.27851105686418753,79.24757009929014,-79.41944020741738,5990.029956114574,3.7012545616754604,3.5144242112099335,3.5629920133800543,4.120895154179999
245,4.060221237898577,353.30861407425544,110.17699486823297,0.27685293526059696,79.66825327182276,-72.45053624518563,5988.5591637000125,3.6677833855251567,3.514589016438367,3.563053796575772,4.120895154179999
246,4.067468879910288,353.8665559900401,109.59960724126465,0.2752078408527893,80.06791020558563,-65.90601174349159,5987.102698519762,3.6371368783608555,3.5147519148378983,3.56311447488495,4.120895154179999
247,4.074654488952299,354.41705712976864,109.02492611611937,0.2735741986123636,80.4436321305219,-59.77865041329974,5985.65838874566,3.6090009604847695,3.514913176256503,3.5631743925623818,4.120895154179999
248,4.081788720310627,354.9610212141084,108.45242336180631,0.2719506475893506,80.79302712729094,-54.05808955806969,5984.224152833456,3.5831023320444864,3.515073050165724,3.5632337572065356,4.120895154179999
249,4.088881367182455,355.49927253215276,107.88164995943643,0.27033606349040484,81.11415565829041,-48.73191149386448,5982.798029549076,3.5592036124064785,3.5152317673714983,3.5632926526414925,4.120895154179999
250,4.0959416021192565,356.0325761823033,107.31221601588528,0.2687295006255291,81.40549137892499,-43.78651037481072,5981.378181275671,3.5370977505606183,3.5153895414612704,3.56335115686373,4.120895154179999
251,4.102978084042626,356.561647631133,106.74378193492284,0.2671248967323465,81.66568575585897,-39.200618430653435,5979.962840372897,3.5165813147651668,3.515546572754159,3.563409279312851,4.120895154179999
252,4.1099989051241845,357.0871500405945,106.1760650582777,0.26551979828239675,81.8936951071083,-34.95781678759056,5978.550217454231,3.497491437402999,3.515703048953486,3.563466758429152,4.120895154179999
253,4.117011874309508,357.6097166769545,105.60881294134408,0.2639208716580806,82.08915572310097,-31.050848281197883,5977.1389459088505,3.4797201593654092,3.5158591477570185,3.56352405330074,4.120895154179999
254,4.124024332537185,358.1299380319455,105.04181905697264,0.26232772260399134,82.25175614836938,-27.463668800518633,5975.727552696746,3.4631445347414096,3.5160150379911714,3.563581224026302,4.120895154179999
255,4.131043307462465,358.64837430578046,104.47491087994082,0.26074006308695785,82.38140712013802,-24.180259407700657,5974.314627146244,3.447656057237956,3.516170879308822,3.563638327655914,4.120895154179999
256,4.1380756479886625,359.16556608137734,103.90793930273955,0.2591576815987227,82.4782170254145,-21.184805424917524,5972.898793944476,3.4331585415239805,3.5163268254298448,3.563695419307477,4.120895154179999
257,4.145127930935999,359.68202807707934,103.34078653980227,0.2575804653451496,82.54246285599123,-18.461590149380637,5971.478611522654,3.4195667763015742,3.5164830246163175,3.5637523478983493,4.120895154179999
258,4.152206491254328,360.1982520525404,102.77336291964545,0.2560172610763498,82.57536711591193,-16.001159012219734,5970.052775285956,3.406833365577892,3.5166396189890796,3.563809110332748,4.120895154179999
259,4.159317423901455,360.7147075217743,102.20559252202831,0.2544787771712431,82.57873359970431,-13.793578847042141,5968.62021109772,3.3949208294335924,3.5167967449004993,3.5638660093759453,4.120895154179999
260,4.166466506197381,361.2318367261979,101.63744255818717,0.25294550552120704,82.55162638797732,-11.809934100433678,5967.179757265814,3.383704891279283,3.516954532111907,3.56392308932693,4.120895154179999
261,4.17365957296356,361.75008241547545,101.06889125060276,0.2514176453689468,82.4948242701351,-10.036093538626924,5965.730240157004,3.3731322394034096,3.5171131070996866,3.5639803945264394,4.120895154179999
262,4.18090247373764,362.2698849808151,100.49992691733394,0.2498954344804861,82.40919739009074,-8.458280522372467,5964.270482839867,3.3631548822869797,3.5172725967307072,3.564037969005538,4.120895154179999
263,4.188200866482552,362.79166799403185,99.93056463079367,0.24837919396250024,82.29569707675593,-7.06325642924157,5962.798965791095,3.3537298285426824,3.5174331255038385,3.5640954516153203,4.120895154179999
264,4.19556044672166,363.31585504014066,99.36082855592565,0.2468692810109274,82.15534842874867,-5.837729227066926,5961.314852286841,3.3448182260736785,3.5175948158018286,3.564153212738637,4.120895154179999
265,4.202986879852949,363.8428651591709,98.7907560102153,0.24537313347620057,81.99024302050687,-4.77131156632005,5959.817068786429,3.336402695465462,3.5177577896685133,3.56421136470451,4.120895154179999
266,4.21048557685929,364.3730972597654,98.22039811898156,0.24389464124497257,81.80218155081515,-3.851849046195777,5958.304525439936,3.328458615404937,3.5179221655850923,3.564269945995447,4.120895154179999
267,4.218061809877997,364.9069388231389,97.64984145193921,0.24242383992081085,81.5909339904716,-3.0636735802578094,5956.776160247008,3.3209305216132514,3.5180880572770734,3.564328993574296,4.120895154179999
268,4.225721140557806,365.44479647238506,97.07916685921778,0.24096127740529721,81.35773480018048,-2.395286775933563,5955.230641713995,3.3137925278736566,3.5182555796999524,3.564388304275039,4.120895154179999
269,4.233469062541098,365.98707094446706,96.5084729185694,0.2395075588377074,81.10386347567926,-1.8355437297113202,5953.666845599045,3.3070211734362234,3.518424849799547,3.564447896497767,4.120895154179999
270,4.241311192473749,366.53417077361024,95.93786169852079,0.23806331003864611,80.83063387787891,-1.3736248355186607,5952.0838630444105,3.300595009943826,3.5185959846631025,3.5645080643643694,4.120895154179999
271,4.249253103675729,367.0865009096848,95.36745092363165,0.2366292083960252,80.5393921966126,-0.9990430649354389,5950.480570610511,3.294494540817238,3.5187691017746374,3.564568844945532,4.120895154179999
272,4.25730034569007,367.6444643951825,94.79735987457326,0.23521816401673637,80.23380329820284,-0.7028657559660497,5948.855849633094,3.2887272472604874,3.5189443173898782,3.5646302746188,4.120895154179999
273,4.265457983618341,368.2084307700942,94.227746931825,0.2338199649642066,79.91335402458073,-0.4736624423816373,5947.2085375434335,3.2832531884354608,3.5191217416975213,3.5646921608047695,4.120895154179999
274,4.273731489847174,368.77879829813253,93.65876571023507,0.23243413671443672,79.57923184201412,-0.30192186935064613,5945.537475673712,3.2780549304166122,3.519301483542317,3.564754450575059,4.120895154179999
275,4.2821264047036465,369.35597059542994,93.09057475705481,0.23106148596653805,79.23287273271254,-0.1786381674002236,5943.841739720031,3.2731188977197903,3.5194836564480814,3.5648174839881612,4.120895154179999
276,4.290648286421003,369.9403534195133,92.52333961302222,0.22970284406316335,78.87572587946913,-0.09516838768662261,5942.120209241354,3.268432617306164,3.519668374328144,3.5648812949998208,4.120895154179999
277,4.299302543025796,370.53234343730065,91.95724245462208,0.22835908859069415,78.50925911550603,-0.0432459097207895,5940.371794258046,3.2639846916495294,3.5198557490849605,3.564945915854848,4.120895154179999
278,4.308094704286875,371.13234728613213,91.39251976093654,0.22698890834142513,78.12568797881715,-0.014645464162978825,5938.595066390694,3.2596886960093294,3.520045891729859,3.5650109832263355,4.120895154179999
279,4.317032914349909,371.74095182030254,90.82927076832406,0.22563202257280934,77.73456946119053,-0.002700457076412135,5936.7885506602515,3.255606811502038,3.520238942452144,3.5650767603627727,4.120895154179999
280,4.326123156318713,372.3585979779189,90.26767380453923,0.22429308182729837,77.3382009064691,-4.289989777876535e-05,5934.951180033775,3.251736568857457,3.520435045633164,3.5651434567222715,4.120895154179999
281,4.335370921387216,372.98569547535817,89.7079368151402,0.2229731239461469,76.93810417858433,0.00031034447102440345,5933.081848162659,3.248069619537172,3.5206343160581173,3.5652111021092554,4.120895154179999
282,4.344781673453484,373.62265473392796,89.15026627754497,0.22167318738160088,76.53579667156316,0.004725054101142426,5931.1793044893775,3.2445981806653794,3.520836862187434,3.565279544771504,4.120895154179999
283,4.354360734474243,374.2698792836208,88.59486170923664,0.22040938835328422,76.13643389778699,0.018497435335455906,5929.242260880395,3.241339456609938,3.521042789955782,3.56534855173785,4.120895154179999
284,4.364111690502721,374.9276579837344,88.04191919368006,0.2191854968300628,75.74241139486298,0.04569087703674443,5927.270354116984,3.2382903205166875,3.5212521842596534,3.5654185676184045,4.120895154179999
285,4.374037346123135,375.59623000603824,87.49173371177012,0.21798431425426884,75.35092663100039,0.08975873773085918,5925.263021899524,3.2354147607033683,3.5214651021281616,3.5654895999607503,4.120895154179999
286,4.384141849270937,376.2759283108866,86.94451377150466,0.21680677002163687,74.96344970134463,0.15325989220836284,5923.219306382656,3.232706788878331,3.5216816061192207,3.5655615262968796,4.120895154179999
287,4.394428763186408,376.9670493629196,86.40047296112735,0.21565377996468701,74.58144043178763,0.23797498040543216,5921.138144352912,3.230160766046693,3.52190176639293,3.5656339693726347,4.120895154179999
288,4.404901257880138,377.66986591712924,85.8598233064897,0.21451254071271725,74.20277563082743,0.3459801658933002,5919.019362000358,3.2277508792239056,3.5221256419300846,3.5657074548568035,4.120895154179999
289,4.415563542791278,378.3847233461756,85.32278704347337,0.21338246225176857,73.82830743625517,0.47859307896944914,5916.86211379404,3.225470203932896,3.5223532980594836,3.565781997628209,4.120895154179999
290,4.426419693894282,379.111960449369,84.78946909925436,0.21228009063993505,73.46345493726504,0.6347656621172697,5914.665308289326,3.2233372910779066,3.5225848091915597,3.5658573241326055,4.120895154179999
291,4.43747114765028,379.8517407481361,84.2600451159606,0.2112062066201155,73.10959077850491,0.8137206022423743,5912.428524682713,3.2213472814145394,3.522820219230907,3.565933286025266,4.120895154179999
292,4.448718643342444,380.60418229474186,83.73466697384075,0.21016148545415542,72.76804201607787,1.014098555530403,5910.152017805643,3.219495383059253,3.52305953569564,3.56601029029458,4.120895154179999
293,4.460161713658153,381.36932274350136,83.21344130719453,0.2091614342375141,72.44428431685108,1.231112544156314,5907.835888948351,3.217798006008366,3.523302745280707,3.5660883172837226,4.120895154179999
294,4.4717965740388905,382.14697698522434,82.69653288179094,0.20819286712746055,72.13586733226926,1.464046543320431,5905.48026786931,3.216231212292936,3.5235497859558422,3.566166689506474,4.120895154179999
295,4.483620208259897,382.9370095309397,82.1840380373845,0.20725409074818013,71.84339938380165,1.7103551577715776,5903.086281352142,3.214787620413767,3.523800568385085,3.5662458750102903,4.120895154179999
296,4.495628558653825,383.73921236652194,81.67601577349885,0.20634518169722876,71.56794665204266,1.9668146266541875,5900.654877743241,3.213462577191176,3.5240550004009843,3.566325949373628,4.120895154179999
297,4.507816338671056,384.5532912180509,81.17255527416918,0.20543285695231217,71.30054430466204,2.240514574231896,5898.186729313997,3.2122054469502204,3.5243129657614594,3.566406483896224,4.120895154179999
298,4.520184118773691,385.3793390569117,80.6736039416652,0.20453384357214102,71.04662804255912,2.5256143175656725,5895.681674855628,3.2110340826637778,3.524574397728622,3.5664874195212724,4.120895154179999
299,4.53273786749655,386.2178035959962,80.17860700049057,0.20366634631890312,70.81247632092104,2.81304076749621,5893.138952636926,3.209969155949721,3.524839349140385,3.5665691917687066,4.120895154179999
300,4.545483565196306,387.06912493377706,79.68693844961618,0.20282912673557166,70.59865064713684,3.099071912894188,5890.557100189623,3.209005014608868,3.525107929541137,3.566651595999835,4.120895154179999
301,4.558426972261609,387.9337184832638,79.1978321709229,0.20205946291458943,70.4182813057637,3.3609692370998356,5887.934516070151,3.208191096845435,3.5253802452285985,3.5667342648006746,4.120895154179999
302,4.571563546696386,388.8112973623665,78.71060286834042,0.2013341401185592,70.26564683545064,3.6005892442979843,5885.272800504891,3.20749472568926,3.5256562901495636,3.566817751098701,4.120895154179999
303,4.584892568063627,389.7018145617219,78.22464548862345,0.20062971265640966,70.13549262422418,3.823863408583131,5882.70713831527,3.2068815959783,3.525935989403272,3.5669018438650735,4.120895154179999
304,4.598418674781729,390.60556591803737,77.73911808114362,0.19994406403618506,70.03145883694239,4.027366570849532,5880.5979733730655,3.2063477405356515,3.526219364900015,3.5669860526808046,4.120895154179999
305,4.612146551004376,391.52283394790715,77.25323388882889,0.19924736236718577,69.93931894095957,4.227110048618312,5878.457349370555,3.205846460808564,3.5265064948540257,3.5670710633024623,4.120895154179999
306,4.626089961011258,392.45449095464465,76.76587413319426,0.1985642968488267,69.87060549839472,4.405014264831706,5876.5190656844725,3.205413042012003,3.52679755241969,3.5671566746017738,4.120895154179999
307,4.640255302434024,393.40089619712705,76.27596060896089,0.19789626520427675,69.83012371146545,4.555675678777649,5875.127417564174,3.205050355238331,3.527092727097094,3.5672425170044986,4.120895154179999
308,4.654647463940794,394.36228400323466,75.78240205684142,0.19723615533184863,69.81094464565761,4.6805910586961685,5873.713469223257,3.204747830183369,3.5273921136064477,3.5673292349986934,4.120895154179999
309,4.6692736653165285,395.3390178222415,75.28405284279678,0.19657752352667807,69.81134178275464,4.782485480273489,5872.278347237846,3.204494740900315,3.527695814030771,3.5674163767825386,4.120895154179999
310,4.684143559271212,396.33159336013995,74.77953112426042,0.1959278527472846,69.83549841061173,4.8505168569724,5870.82117070551,3.2043074396561027,3.52800397885034,3.567503954925058,4.120895154179999
311,4.699262845800266,397.34020732145353,74.26747203663666,0.1952840763984443,69.88346365838301,4.882796280656919,5869.339495700123,3.204185523343858,3.528316740980516,3.567592451532087,4.120895154179999
312,4.714637730360205,398.36505112069375,73.74646847190245,0.1946348679385661,69.95110626023563,4.889332452479433,5867.843346182244,3.204108512245943,3.528634195809715,3.5676810580899985,4.120895154179999
313,4.7302799502001145,399.406641540754,73.21484468216323,0.19398638093058582,70.04262509258605,4.858494680488646,5866.323425084263,3.204097040150191,3.52895649994027,3.5677704372497017,4.120895154179999
314,4.746197002653645,400.46516295212587,72.6709063260667,0.193335403511451,70.15812925725956,4.789033797340421,5864.779877921184,3.204154256516532,3.5292838213773403,3.567860505839671,4.120895154179999
315,4.7623967549179005,401.5407679879159,72.11269969172055,0.19269423875727076,70.30958901475367,4.643349343271825,5863.218553509019,3.204354206329611,3.5296162859465365,3.5679507727715434,4.120895154179999
316,4.778871646088995,402.63252157196945,71.53855502105506,0.19203923626854863,70.48661844309477,4.448554171350896,5861.630507084479,3.20465729108777,3.529953862137681,3.5680419202594074,4.120895154179999
317,4.795627160167653,403.7402888507656,70.94659467411152,0.1913594165858283,70.68465858063105,4.218355145332576,5860.026604932413,3.2050495684164177,3.5302964931690846,3.5681330649734284,4.120895154179999
318,4.812675959457321,404.8643357225696,70.3346185078568,0.1906496839554621,70.90318257349242,3.9542439607245443,5858.397001559437,3.2055431864870862,3.5306443296073113,3.5682249016889203,4.120895154179999
319,4.830032573487162,406.0049655268884,69.7002589566363,0.1899038623335608,71.14094236494361,3.6606748719652944,5856.744487293549,3.206147890575467,3.530997612525918,3.5683171540112277,4.120895154179999
320,4.8477150130764946,407.1626127402805,69.04093052044959,0.18911566529870447,71.39665490114677,3.3424280830135547,5855.068651059622,3.2068764521041095,3.5313566345864764,3.5684097751511574,4.120895154179999
321,4.865745257640271,408.33785893572474,68.35383131910268,0.18828019615346822,71.66809103241673,3.015339428008538,5853.56472468999,3.2077132422637304,3.5317217607730824,3.5685031964475966,4.120895154179999
322,4.88415479147503,409.5317719024912,67.63566893102076,0.18739179279893642,71.9625622630436,2.6746285452718515,5852.828372549726,3.208701304963542,3.5320934887569626,3.568596830263028,4.120895154179999
323,4.902976302298258,410.74533665433523,66.88285385076216,0.1864411871016198,72.27228533672853,2.321998196248578,5852.095670798601,3.2098791140006186,3.532472418994044,3.5686916484684112,4.120895154179999
324,4.922247192063194,411.9796530445278,66.09134803841285,0.18540940241738244,72.6009338322006,1.9533272441687577,5851.7341319922,3.211330125968842,3.5328592045538545,3.568786664342919,4.120895154179999
325,4.942009229922489,413.23587563474155,65.25679244545044,0.18429175713399504,72.93829538535643,1.5939721591536415,5851.362382295797,3.21303176964808,3.533254582014083,3.5688831685713747,4.120895154179999
326,4.962324048908783,414.5161446617594,64.37384109130717,0.18310193165653318,73.27774702902812,1.2701553603215137,5850.81185224005,3.2149073301045994,3.5336595227307925,3.5689800792266237,4.120895154179999
327,4.983275164069429,415.82361210273314,63.43588788759268,0.18183081613090832,73.62212244167789,0.9775490369550792,5850.231601106375,3.217024942191239,3.534075405376552,3.5690788985005284,4.120895154179999
328,5.004958052056574,417.1616956864356,62.43510921356252,0.1804418573615722,73.96938654360109,0.7082242991237583,5849.450232247102,3.2195488142139306,3.5345039301224697,3.569178740987555,4.120895154179999
329,5.027487878072932,418.5344134133158,61.3622122446591,0.17889051676788298,74.31576141192951,0.46676776603057596,5848.5852477781955,3.222647163170374,3.534947090595776,3.5692809270737453,4.120895154179999
330,5.050979762321683,419.945013437596,60.20733203448589,0.1771744047551906,74.65445976076273,0.2718358820902906,5847.514909090012,3.2263401287121773,3.5354070475466495,3.5693850282114536,4.120895154179999
331,5.073775737973249,421.29201551563307,59.051589819108365,0.1752943932112801,74.95012999453732,0.12857475453675576,5846.357660028303,3.2308189122573086,3.5358682868902602,3.569484014291176,4.120895154179999
332,5.095966507466903,422.5811667821434,57.89400519156493,0.1733541221724879,75.20566022004266,0.04660833773137245,5845.122860567362,3.235740054740504,3.536315234185099,3.5695784789108056,4.120895154179999
333,5.117628983874767,423.81729277528933,56.73343096533119,0.17151953798020633,75.44008102470059,0.01193508091022499,5843.752895256546,3.2405571398266297,3.536749658105881,3.569668543936237,4.120895154179999
334,5.138828697502742,425.0044462040188,55.56852283789195,0.16968757819641914,75.64832941311968,0.0009787981149627855,5842.3486628691935,3.2456500447973777,3.5371730576548086,3.5697552109435686,4.120895154179999
335,5.15962152957014,426.14603106904787,54.39863292034885,0.16778299146063524,75.82172972693736,-3.911526795741551e-05,5840.77791049301,3.251294843188062,3.5375753042626332,3.569838030057522,4.120895154179999
336,5.1800563400437305,427.24497799037084,53.22364391784407,0.1657938206207996,75.96121161793059,-0.004835978746873478,5839.198158919612,3.257558310486394,3.5379470176263874,3.5699182090364125,4.120895154179999
337,5.200176898104161,428.30386208614584,52.04318465354751,0.16376580074530325,76.07276126294694,-0.027358677625629355,5837.435424987852,3.2643122040656074,3.538300957101478,3.569995005247011,4.120895154179999
338,5.22002242786966,429.32493480288815,50.856715421859775,0.16175684707614885,76.16801434813301,-0.07779434233817403,5835.672911340565,3.271378129736801,3.5386488097662587,3.570069674950156,4.120895154179999
339,5.239628087043449,430.3101544460324,49.663689072591005,0.15971447758397475,76.24066748689383,-0.1656898262982726,5833.723778933967,3.2789589207126477,3.5389912600251296,3.5701413802835473,4.120895154179999
340,5.2590256045655455,431.26123029782843,48.46376550711867,0.15760900178262885,76.29118099243438,-0.3003157819872049,5831.770230826729,3.2871881160915803,3.5393289202047167,3.5702112899560134,4.120895154179999
341,5.278244063527965,432.17967240469653,47.25682191142489,0.15543345804954398,76.31939344514646,-0.48922400910095254,5829.637327280467,3.296127673372856,3.539662343829821,3.5702786202870094,4.120895154179999
342,5.297310688645516,433.0668337464077,46.04247397709896,0.15322139252200498,76.33333768717011,-0.7340930799562149,5827.483519459317,3.3056875222227036,3.539992039948319,3.5703443533837085,4.120895154179999
343,5.316250821574777,433.92390722246546,44.82001639153383,0.15107873282658088,76.34484094234938,-1.0231964479116489,5825.166257769096,3.3154786241282594,3.540318480281221,3.5704078722521118,4.120895154179999
344,5.3350877910391015,434.75191907021383,43.58862643346155,0.14892348594333338,76.34713751065973,-1.3619927525763733,5822.8018617931475,3.3258226776434396,3.5406420983953524,3.5704698930479437,4.120895154179999
345,5.353842966339708,435.5517415909741,42.34781682851082,0.14673212586977097,76.33827023700556,-1.7508408528350947,5820.296602129874,3.336834413509314,3.5409632895427583,3.570530039690168,4.120895154179999
346,5.372536495611597,436.32413371042986,41.0971794968508,0.1444853646149393,76.31866969454425,-2.1890311083805982,5817.710647595577,3.3486202644324288,3.541282417880805,3.5705887087981,4.120895154179999
347,5.3911876205325955,437.0697571375232,39.836218928914235,0.1422062040460146,76.29146288015635,-2.6681335611606127,5815.0108672110955,3.361111141471565,3.5415998257889054,3.57064582145097,4.120895154179999
348,5.409814739521231,437.78917957444474,38.564429213279155,0.13981544910088017,76.25177184455127,-3.1944069031223696,5812.191482041688,3.3746804191563835,3.5419158373179616,3.57070142453035,4.120895154179999
349,5.428435557987532,438.482886018443,37.28164666026516,0.13731533358151116,76.20243349397028,-3.760301114968737,5809.28745087945,3.3893745840234835,3.542230760191305,3.570755766271629,4.120895154179999
350,5.447067874522204,439.151307208516,35.987209312765394,0.13477359440815254,76.1486298609726,-4.345201783632531,5806.221622407563,3.404921375889256,3.542544893857485,3.570808531470721,4.120895154179999
351,5.465728918910177,439.7947908600202,34.68057076132724,0.13205979302674206,76.08467101414956,-4.9591941470999705,5803.073689335131,3.421985772891011,3.5428585305881666,3.570860306996328,4.120895154179999
352,5.484435695207815,440.4136173058277,33.361218439921736,0.1292719526260253,76.01508180115698,-5.5738016711661516,5799.6149475285965,3.4401480151711716,3.5431719528405297,3.570910417030947,4.120895154179999
353,5.503205242999239,441.0080055140679,32.0283514942274,0.1264755055346417,75.94491160146775,-6.166610402156125,5796.045778225382,3.459075445251833,3.5434854383683807,3.5709597777408817,4.120895154179999
354,5.522054101666649,441.57809332647406,30.680809942390134,0.12384269780821947,75.86421059900556,-6.704305326675998,5791.050099805906,3.477769047776148,3.5437992579234256,3.5710073732605063,4.120895154179999
355,5.540997500508016,442.12391979702903,29.3179775143637,0.12116610397542547,75.77831708243524,-7.208649799210366,5786.026751182502,3.4972985005666253,3.5441136640884436,3.571054353261655,4.120895154179999
356,5.5600498097958635,442.6454509989539,27.939281562319422,0.11841990066847657,75.68570510724474,-7.672980674583127,5780.96497739466,3.517787870300768,3.544428888466028,3.57109958702863,4.120895154179999
357,5.579225120930609,443.1426001813165,26.54424268678053,0.11560398548225119,75.5858299403008,-8.08752537633454,5775.8674650544735,3.539208092536339,3.5447451503990157,3.571144174860885,4.120895154179999
358,5.598537436579072,443.6152357957775,25.132356555694855,0.11273892492718952,75.47837323425098,-8.44205143757822,5770.740811005886,3.5613830524867693,3.5450626633961764,3.571187140119821,4.120895154179999
359,5.618000505078039,444.0631804287805,23.70310061528111,0.1099754350176815,75.36415388316736,-8.723890890311802,5765.573091547073,3.583273920273087,3.545381635320427,3.571229364084777,4.120895154179999
360,5.637627489572686,444.4862090811383,22.25607141673386,0.10718012926817837,75.23927988846287,-8.939654112965542,5760.362248614664,3.6055984463213457,3.545702264302125,3.5712700335944487,4.120895154179999
361,5.657430916367117,444.88405632702415,20.79111598012266,0.10427781724856572,75.10198500696555,-9.086457186504978,5755.102585146314,3.628731894654564,3.5460247356508154,3.571309883096222,4.120895154179999
362,5.677423137532201,445.2564324116418,19.30827448471525,0.10122139969027824,74.95145233626323,-9.157302465698642,5749.7945296238795,3.6528567186725325,3.546349225281306,3.5713481834536083,4.120895154179999
363,5.697616811272462,445.6030360565331,17.807614337163823,0.09811334434886788,74.78765457156679,-9.148985648588914,5744.431509814401,3.6771288751559243,3.5466759073971277,3.571385612078836,4.120895154179999
364,5.718024484644183,445.92355098581936,16.28940301707413,0.09478568467068792,74.60921423676197,-9.05207478139626,5739.013165627161,3.7024502661672436,3.547004954911074,3.5714214327130573,4.120895154179999
365,5.738658733496058,446.2176525287821,14.75415912503147,0.09137773141291514,74.41597166832378,-8.869841258405263,5733.532986965757,3.7276099480231792,3.547336537104801,3.571456364434679,4.120895154179999
366,5.759532245961065,446.4850150772538,13.202744270836625,0.08808653588454271,74.20711161973465,-8.622428867622167,5727.991022378967,3.7509459003302816,3.547670821352035,3.5714895578340387,4.120895154179999
367,5.780657319445375,446.72531642617975,11.636696376260119,0.08495838238771451,73.98134194094922,-8.327105938289428,5722.380249290934,3.771848592333161,3.5480079696493094,3.5715218850411263,4.120895154179999
368,5.802044980560409,446.9382403699782,10.05880325828329,0.08176320490640418,73.7380739204516,-7.970621920525889,5716.702012660318,3.7914780616278656,3.5483481275105926,3.5715522625998966,4.120895154179999
369,5.823705881156031,447.1234955547293,8.47392398397332,0.07826120943239134,73.47736191437811,-7.5274299199367665,5710.949088545338,3.810732759153909,3.5486914242195295,3.5715817299366717,4.120895154179999
370,5.8456508758157595,447.2808267420445,6.891285370798476,0.07471638283595153,73.1987339979038,-7.032614209078207,5705.122887870143,3.8273210342659194,3.549037984648358,3.5716091678146165,4.120895154179999
371,5.86789084279993,447.41002301933554,5.3309670874649555,0.07109658934543124,72.9020311736695,-6.489863365704204,5699.2169045812825,3.8406908957857078,3.5493879323378383,3.571635438913408,4.120895154179999
372,5.890436352234253,447.5109250677677,3.8451733978653553,0.06743533275213429,72.58717675513107,-5.912255520037149,5693.230949730526,3.8498227429817016,3.5497413853432884,3.5716598269652526,4.120895154179999
373,5.913297679863156,447.5834362710015,2.602674135402293,0.06383351164185873,72.25402266325449,-5.323414464326533,5687.160962589355,3.8534722283142826,3.550098453676,3.57168261448798,4.120895154179999
374,5.9364846870233965,447.62753497726817,2.1365172997220014,0.06028164174839483,71.90282886108484,-4.730834170883144,5681.004459512025,3.8509276847792036,3.550459238454059,3.571703724417219,4.120895154179999
375,5.960006644726182,447.64328588147833,2.885915247823465,0.05656950964468368,71.53442894276975,-4.111718185039757,5674.760391433614,3.8414195106069537,3.5508238295943877,3.5717227030679055,4.120895154179999
376,5.98387249484801,447.63084808055,4.269036806851087,0.05265236466463954,71.1493163453966,-3.4683717158741505,5668.424009518151,3.8229058470364374,3.551192306517822,3.5717401548737806,4.120895154179999
377,6.000797339895768,447.6095812963182,18.03868509494299,0.05224741451807064,34.66241740168521,2958.6876700849166,0.0,,,3.5717507313013823,4.120895154179999
378,6.016140585930689,447.5883477021309,17.47558364078971,0.050616428220901906,32.58762838463373,2776.856480077134,0.0,,,3.5717597376244994,4.120895154179999
379,6.0323631089762655,447.564027454356,16.98353273934798,0.04919123206430022,30.82134626008897,2622.689740803348,0.0,,,3.571768002191697,4.120895154179999
380,6.049538029485511,447.5362223061402,16.493438365026556,0.047771701493682706,29.11221625339308,2473.5128284839648,0.0,,,3.57177568666664,4.120895154179999
381,6.067745822875219,447.50447529495824,16.00565529418566,0.04635886399866955,27.4607685455523,2329.37668570099,0.0,,,3.571782713487123,4.120895154179999
382,6.087058645010882,447.4682933586908,15.527753013255502,0.044974643773450354,25.889535795843447,2192.3567414939507,0.0,,,3.5717884819819856,4.120895154179999
383,6.1075694632934825,447.4270889334685,15.053657700745253,0.04360144846893553,24.37737944488316,2060.5322887490306,0.0,,,3.5717932989596584,4.120895154179999
384,6.12936588502518,447.3802197547926,14.58913799734189,0.042255986261868404,22.939545130606096,1935.3350409974826,0.0,,,3.571796335835419,4.120895154179999
385,6.152527317594818,447.3269954996613,14.139523897517192,0.040953694797249265,21.587611150419118,1817.8926112660245,0.0,,,3.5717976798276574,4.120895154179999
386,6.177182970753125,447.2665324201655,13.690527664284867,0.03965319095819826,20.27932485866996,1704.2802882315177,0.0,,,3.5717968845538794,4.120895154179999
387,6.203634160852009,447.19737280268845,13.197661060970342,0.03822561916535128,18.902741167063386,1583.787292285829,0.0,,,3.5717930883481177,4.120895154179999
388,6.2320231844561915,447.11827609139317,12.71934023993355,0.03684017541264063,17.612440884593866,1471.074522263029,0.0,,,3.571786240793953,4.120895154179999
389,6.262290385056602,447.0284836870039,12.306745258438069,0.03564509670041204,16.5195323677613,1377.1932668362317,0.0,,,3.571775627403743,4.120895154179999
390,6.29436839414361,446.9272826153915,11.952064459486188,0.03461775693704163,15.587002255776328,1298.9657106702955,0.0,,,3.571760796214798,4.120895154179999
391,6.328021531058952,446.814585441462,11.682751306941775,0.03383767120080221,14.857455970829458,1241.0974685782326,0.0,,,3.5717458659643686,4.120895154179999
392,6.363738049266888,446.6878321204234,11.3440488862733,0.03285660486037244,13.999124917190201,1170.1890450482335,0.0,,,3.57172676904449,4.120895154179999
393,6.4019821548691995,446.544100185502,10.959465839016978,0.0317426479089693,13.073910139234055,1092.203021653402,0.0,,,3.571700840694492,4.120895154179999
394,6.443389309725129,446.3792760453158,10.517535293253214,0.030462588262456132,12.07520781709548,1005.9072567591655,0.0,,,3.5716663621347107,4.120895154179999
395,6.488211657380431,446.1902070699418,10.098933379065036,0.029250092870641422,11.155149744613169,927.4428894361797,0.0,,,3.5716215692254627,4.120895154179999
396,6.536222975469461,445.97561249992725,9.775881187498351,0.028314338347463015,10.41421106316673,869.0706340497267,0.0,,,3.5715650579460596,4.120895154179999
397,6.58752089538012,445.73283353627437,9.494099835794549,0.027498112878603116,9.746983910279509,819.7074369226775,0.0,,,3.5714947070834695,4.120895154179999
398,6.642534661888154,445.4573436238842,9.21360191066943,0.02668559856922807,9.088634204440151,772.0035033121867,0.0,,,3.5714078228032466,4.120895154179999
399,6.699990435488571,445.1534921304832,9.145082696745355,0.026487034428072993,8.702345624606997,760.5818881466114,0.0,,,3.5713050842371596,4.120895154179999
400,6.760708687004799,444.8152460302451,9.020052129393983,0.026124786790804704,8.234756230857023,739.9462679145117,0.0,,,3.5711822485303495,4.120895154179999
401,6.825723488623891,444.4342694594418,8.842354089162555,0.025609989022215167,7.690556420204062,711.099814474146,0.0,,,3.5710355752623726,4.120895154179999
402,6.895121344506564,444.00700965298586,8.730318473639775,0.02528535641313097,7.204833544790156,693.2170031762523,0.0,,,3.570860967596952,4.120895154179999
403,6.968422211444716,443.5338592361617,8.72786557355856,0.025278089147435696,6.821201724965606,692.8530538578353,0.0,,,3.5706566752875104,4.120895154179999
404,7.04941250840822,442.98617755845555,8.510099425995781,0.02464720772374676,6.1735790427502275,658.736957172454,0.0,,,3.5704074695662245,4.120895154179999
405,7.137420504282703,442.3628581104497,8.485430835866458,0.024575558667400573,5.681301966165612,654.9544091186358,0.0,,,3.570108832134041,4.120895154179999
406,7.236964601708054,441.6245682043233,8.354529233694675,0.02419621299362761,5.022899528271467,634.9369251906919,0.0,,,3.5697358105538948,4.120895154179999
407,7.345638216855668,440.7818301856161,8.527099766333727,0.02469573299394637,4.60093279606864,661.4803600733669,0.0,,,3.569286867133194,4.120895154179999
408,7.469296719909504,439.7820273815094,8.609917833651473,0.02493526913483079,4.043393601346734,674.4407993835208,0.0,,,3.5687226916205557,4.120895154179999
409,7.604569912577801,438.64621592536764,8.866493006137334,0.02567795160623363,3.696223842561716,715.2979878326347,0.0,,,3.5680413596547913,4.120895154179999
410,7.7534567893132875,437.3555304305418,9.073827275724572,0.026277954960904657,3.3582543402283958,749.2155526939918,0.0,,,3.5672148986679173,4.120895154179999
411,7.927413722592969,435.8049287433925,9.184422044320032,0.02659772117751131,2.87427462977931,767.6756016314329,0.0,,,3.566148474145866,4.120895154179999
412,8.126938838774068,433.9831764514325,9.336418542305008,0.02703726431578977,2.505950175947658,793.4009559842584,0.0,,,3.5647935448357035,4.120895154179999
413,8.385447796142534,431.57316744378494,9.408147479814682,0.027244234621002346,1.9341689552649557,805.7651472745492,0.0,,,3.56283260820673,4.120895154179999
414,8.68641905865642,428.72118112849546,9.554638118500414,0.0276674378962075,1.661288176896731,831.2255040941853,0.0,,,3.5602637012383087,4.120895154179999
415,9.18641905865642,423.92242553179545,9.58054369131968,0.02774125899321939,0.96060763378262,835.9442288384735,0.0,,,3.555343139324422,4.120895154179999
416,9.68641905865642,419.0878521901114,9.661780765421842,0.027974462079875525,0.20907545461417928,850.5319772628334,0.0,,,3.5496514619283954,4.120895154179999
417,10.18641905865642,414.24916219841504,9.681616293473237,0.02802984872658077,0.23987203642421626,854.3828681362912,0.0,,,3.5432494425400027,4.120895154179999
418,10.68641905865642,409.4115572360388,9.6784633346039,0.028018675011813262,0.2163643773978655,854.1814864344263,0.0,,,3.5362082133528445,4.120895154179999
419,11.18641905865642,404.574830242874,9.676278091910989,0.028010304672865406,0.19456560914472829,854.1504814849944,0.0,,,3.5285660060211983,4.120895154179999
420,11.68641905865642,399.7390995475524,9.674881604868675,0.028004219001872922,0.2132365182103257,854.2583625765287,0.0,,,3.5204721401962686,4.120895154179999
421,12.18641905865642,394.90434063359686,9.672049578682536,0.027993979733821346,0.1818647656570985,854.112346404919,0.0,,,3.5120599622738946,4.120895154179999
422,12.68641905865642,390.0707571206844,9.67236696289989,0.02799285709752949,0.2718744542176769,854.522281583725,0.0,,,3.5034923800637947,4.120895154179999
423,13.18641905865642,385.2380415813355,9.666350853734349,0.02797340665479645,0.11837815561906861,853.8128592267584,0.0,,,3.49498551203279,4.120895154179999
424,13.68641905865642,380.40597137331514,9.666134810369813,0.027970742972893873,0.1371326957876966,854.1277705408243,0.0,,,3.4878853398251275,4.120895154179999
425,14.18641905865642,375.5759072529507,9.671734023384065,0.027984906241642158,0.416232924247373,855.4709219917671,0.0,,,3.493694457235786,4.120895154179999
426,14.68641905865642,370.7475028384797,9.663508539324463,0.02795906981174806,0.355628408516121,854.368935809746,0.0,,,3.4997385580020492,4.120895154179999
427,15.18641905865642,365.91911016518037,9.657468329735877,0.027939559956589363,0.14176308215278227,853.6530505818369,0.0,,,3.5060196020330596,4.120895154179999
428,15.68641905865642,361.0924416385755,9.669149833858425,0.027971319057491506,0.4881974851821173,856.072012708365,0.0,,,3.512561306736025,4.120895154179999
429,16.18641905865642,356.2668019668199,9.650917535938147,0.027916544667669733,0.16651216617526166,853.197644987733,0.0,,,3.51763767757968,4.120895154179999
430,16.660083563831215,351.7011014695096,9.70829171631216,0.028080464426451728,1.055599468690366,863.7272711155712,0.0,,,3.51763767757968,4.120895154179999
431,17.160083563831215,346.88329651670426,9.633237708201973,0.027861459311577054,0.40203223680631756,850.7547400851669,0.0,,,3.51763767757968,4.120895154179999
432,17.660083563831215,342.05984388416834,9.646186069846319,0.02789688319698795,0.056373092200314535,853.3930912620323,0.0,,,3.51763767757968,4.120895154179999
433,18.160083563831215,337.2367865740741,9.65049704488061,0.027907321953846813,0.23145534723537403,854.5064239245958,0.0,,,3.51763767757968,4.120895154179999
434,18.660083563831215,332.41510347728973,9.647594991863523,0.027896902230080615,0.25122517706780645,854.342620329097,0.0,,,3.51763767757968,4.120895154179999
435,19.160083563831215,327.5941384022087,9.64295036477245,0.027881446152068588,0.11656498585541179,853.8697200152349,0.0,,,3.51763767757968,4.120895154179999
436,19.660083563831215,322.7744780654394,9.647247365714744,0.027891844399147568,0.33724886101602836,854.9805496852376,0.0,,,3.51763767757968,4.120895154179999
437,20.160083563831215,317.95585583494,9.63824204782925,0.027863785194733242,0.15436318509300084,853.7339437091007,0.0,,,3.51763767757968,4.120895154179999
438,20.660083563831215,313.13889395435365,9.648481673914887,0.027891362850587468,0.4685895946372308,855.8983115923704,0.0,,,3.51763767757968,4.120895154179999
439,21.160083563831215,308.3228339156482,9.631054565202872,0.027838965349283627,0.11126228551768495,853.1571729662738,0.0,,,3.51763767757968,4.120895154179999
440,21.660083563831215,303.5063697745537,9.63394089370066,0.027845288407674012,0.05035174419217047,854.0165809026012,0.0,,,3.51763767757968,4.120895154179999
441,22.160083563831215,298.69104077403915,9.63373477240536,0.027842672820828758,0.18277697898180828,854.3279211248068,0.0,,,3.51763767757968,4.120895154179999
442,22.660083563831215,293.8770990279028,9.632644232612044,0.027837502196969746,0.2577720711755347,854.4821382592779,0.0,,,3.51763767757968,4.120895154179999
443,23.160083563831215,289.0641385909623,9.62825856149518,0.027822810952383432,0.1889821344020472,854.0513497316939,0.0,,,3.51763767757968,4.120895154179999
444,23.660083563831215,284.2525723913005,9.632017299348087,0.027831655468724962,0.36585971576756193,855.0655160282138,0.0,,,3.51763767757968,4.120895154179999
445,24.160083563831215,279.44176391358076,9.621076833110745,0.02779802910368328,0.05636254833363915,853.4704092864779,0.0,,,3.51763767757968,4.120895154179999
446,24.660083563831215,274.63130520172547,9.62407918320662,0.027804689773836253,0.18598144013172377,854.3494567309436,0.0,,,3.51763767757968,4.120895154179999
447,25.160083563831215,269.8218936199915,9.620176473204511,0.02779140183152662,0.11631596061631864,854.0025887253629,0.0,,,3.51763767757968,4.120895154179999
448,25.660083563831215,265.0132867952905,9.618595906064824,0.027784824125647832,0.09712604037264036,854.0676013099086,0.0,,,3.51763767757968,4.120895154179999
449,26.160083563831215,260.20639669443227,9.622820955167601,0.027795016928595307,0.3623990742982906,855.1638384237301,0.0,,,3.51763767757968,4.120895154179999
450,26.660083563831215,255.40190117283518,9.623073906985177,0.027793736608617343,0.48460708177885786,855.5543561503805,0.0,,,3.51763767757968,4.120895154179999
451,27.160083563831215,250.59788865761232,9.609639021621629,0.02775292658989873,0.24026362542780152,853.5114518599333,0.0,,,3.51763767757968,4.120895154179999
452,27.660083563831215,245.79776386474148,9.643971821281104,0.02785006721194627,0.8344306217305937,859.9677664452777,0.0,,,3.51763767757968,4.120895154179999
453,28.160083563831215,240.9987354632705,9.595476061021431,0.027708018622300507,0.29282179350991744,851.6834398098354,0.0,,,3.51763767757968,4.120895154179999
454,28.660083563831215,236.19631290049972,9.605318871535696,0.02773443804052583,0.08692459127715389,853.7749493019551,0.0,,,3.51763767757968,4.120895154179999
455,29.160083563831215,231.40009182547834,9.649529884372882,0.02786007994750566,0.9535175715304872,861.9991426627232,0.0,,,3.51763767757968,4.120895154179999
456,29.660083563831215,226.60516771176492,9.583971977064126,0.02766880483826025,0.27948934196557224,850.667690707555,0.0,,,3.51763767757968,4.120895154179999
457,30.160083563831215,221.80559748526107,9.600474669972389,0.02771444868392737,0.13690029403922557,853.9421674972707,0.0,,,3.51763767757968,4.120895154179999
458,30.660083563831215,217.0081041832252,9.610530851809184,0.027741475696047676,0.48765795188707617,856.0754283634292,0.0,,,3.51763767757968,4.120895154179999
459,31.160083563831215,212.21145268537782,9.591463596723106,0.027684438883193878,0.06777142051613588,853.0236650069768,0.0,,,3.51763767757968,4.120895154179999
460,31.660083563831215,207.41502377263203,9.601412424441222,0.02771115553645701,0.3469536567574925,855.1365169526281,0.0,,,3.51763767757968,4.120895154179999
461,32.160083563831215,202.619788196261,9.592301908969393,0.027682864195094466,0.19606818192237668,853.8560182548838,0.0,,,3.51763767757968,4.120895154179999
462,32.660083563831215,197.82497033618364,9.5924279056778,0.027681231583306463,0.19063682049134958,854.2198413805609,0.0,,,3.51763767757968,4.120895154179999
463,33.160083563831215,193.03118994049032,9.591171074834786,0.027675609190815863,0.22192449594490904,854.3371891007527,0.0,,,3.51763767757968,4.120895154179999
464,33.660083563831215,188.2389775187767,9.594592911753747,0.02768429710308517,0.40301021829987216,855.1533571808718,0.0,,,3.51763767757968,4.120895154179999
465,34.160083563831215,183.44694009620383,9.582641498722783,0.027649030522300486,0.06927076634579785,853.1632464871856,0.0,,,3.51763767757968,4.120895154179999
466,34.660083563831215,178.6542599550765,9.585770635688762,0.027657277014912884,0.02422096525941466,853.8595853799152,0.0,,,3.51763767757968,4.120895154179999
467,35.160083563831215,173.8623638682911,9.588159075049383,0.027663385904151554,0.2533613395861905,854.4242755568098,0.0,,,3.51763767757968,4.120895154179999
468,35.660083563831215,169.07356405377112,9.603942341158227,0.02770813971950653,0.6563892079196091,857.3791152382666,0.0,,,3.51763767757968,4.120895154179999
469,36.160083563831215,164.28540012547234,9.57823320068282,0.027633185990923098,0.33691203053088215,852.9336636768957,0.0,,,3.51763767757968,4.120895154179999
470,36.660083563831215,159.49560034409447,9.585662127104513,0.02765383716533149,0.33369390665948107,854.3961406776566,0.0,,,3.51763767757968,4.120895154179999
471,37.160083563831215,154.70566984529702,9.58039732566795,0.027637867592694865,0.15733765518853943,853.5966306424074,0.0,,,3.51763767757968,4.120895154179999
472,37.660083563831215,149.91543473369072,9.580660619758882,0.027637846095302985,0.04094835400000782,853.782310128742,0.0,,,3.51763767757968,4.120895154179999
473,38.160083563831215,145.12570809434933,9.582453448615073,0.027642236755824,0.20595826489790758,854.2406830492474,0.0,,,3.51763767757968,4.120895154179999
474,38.660083563831215,140.33666469259995,9.580993682320806,0.027637244845541534,0.22244205335340683,854.1191716600658,0.0,,,3.51763767757968,4.120895154179999
475,39.160083563831215,135.5477724955307,9.57796424152062,0.027627725588247005,0.08104675113475537,853.7177363947723,0.0,,,3.51763767757968,4.120895154179999
476,39.660083563831215,130.75991688222024,9.58545571112577,0.027648553698552382,0.3870189732693855,855.1925503279981,0.0,,,3.51763767757968,4.120895154179999
477,40.160083563831215,125.9724336181642,9.573802493864955,0.02761416089636239,0.07934541820816403,853.2528943898017,0.0,,,3.51763767757968,4.120895154179999
478,40.660083563831215,121.18458837492109,9.57809021363729,0.027625747980208046,0.17986684617385335,854.1558660323212,0.0,,,3.51763767757968,4.120895154179999
479,41.160083563831215,116.3973700592042,9.577002933504232,0.027621831865682074,0.20265358488860374,854.1004433487939,0.0,,,3.51763767757968,4.120895154179999
480,41.660083563831215,111.61036585299018,9.574268006041521,0.027613164091758693,0.08148853080239805,853.7510752913287,0.0,,,3.51763767757968,4.120895154179999
481,42.160083563831215,106.82443496727743,9.581499799797903,0.027633241069699797,0.3872739649473161,855.1798662246674,0.0,,,3.51763767757968,4.120895154179999
482,42.660083563831215,102.03891316761467,9.570318710513503,0.027600215457311606,0.1167477881786014,853.3233300125664,0.0,,,3.51763767757968,4.120895154179999
483,43.160083563831215,97.25302555743501,9.57403160220984,0.02761014389627972,0.17765821896287903,854.1238439706781,0.0,,,3.51763767757968,4.120895154179999
484,43.660083563831215,92.46745589519622,9.571131971882252,0.027601002681517033,0.01685397464263465,853.7447438299926,0.0,,,3.51763767757968,4.120895154179999
485,44.160083563831215,87.68415318278471,9.587466230394888,0.027647326700128365,0.5717004181288028,856.7998975908519,0.0,,,3.51763767757968,4.120895154179999
486,44.660083563831215,82.90125473471144,9.562521847366282,0.027574616827338774,0.09961946459643942,852.4851402844067,0.0,,,3.51763767757968,4.120895154179999
487,45.160083563831215,78.11751187880142,9.576221221486481,0.027613341637811532,0.3648622433237099,855.0676532546938,0.0,,,3.51763767757968,4.120895154179999
488,45.660083563831215,73.33617245221525,9.581474593954677,0.0276277104959474,0.5691512178107321,856.1444306612443,0.0,,,3.51763767757968,4.120895154179999
489,46.160083563831215,68.5543273148828,9.56002913335274,0.02756509633445909,0.04757316117525846,852.4539007384147,0.0,,,3.51763767757968,4.120895154179999
490,46.660083563831215,63.77148042922603,9.572542952057418,0.027600400010575257,0.3209494673251628,854.8250622252676,0.0,,,3.51763767757968,4.120895154179999
491,47.160083563831215,58.98941264804998,9.566915322575847,0.02758339598450153,0.24535522741847923,853.9581411815192,0.0,,,3.51763767757968,4.120895154179999
492,47.660083563831215,54.20711344626452,9.564733167795604,0.02757632678037635,0.09083119704861696,853.7063947284578,0.0,,,3.51763767757968,4.120895154179999
493,48.160083563831215,49.4289514492615,9.597099724786876,0.027668863402912827,0.8066062510489456,859.6326663315316,0.0,,,3.51763767757968,4.120895154179999
494,48.660083563831215,44.65133975944231,9.550123635421395,0.02753265356636315,0.2192883323085541,851.374977692605,0.0,,,3.51763767757968,4.120895154179999
495,49.160083563831215,39.870091156337054,9.563481450271704,0.027570387010149126,0.12682129727066146,853.8958552013286,0.0,,,3.51763767757968,4.120895154179999
496,49.660083563831215,35.08915013904857,9.563382020574647,0.027569323183892037,0.14399374400111506,854.0157520918283,0.0,,,3.51763767757968,4.120895154179999
497,50.160083563831215,30.30873490542396,9.563346935786868,0.027568444955915993,0.194706662792443,854.1471135750238,0.0,,,3.51763767757968,4.120895154179999
498,50.660083563831215,25.52941016177499,9.566825099851249,0.027577694287807153,0.3651655794955763,854.9062264352784,0.0,,,3.51763767757968,4.120895154179999
499,51.160083563831215,20.750342257290175,9.558154255264482,0.027551923067552726,0.14851432615424176,853.494650747328,0.0,,,3.51763767757968,4.120895154179999
500,51.660083563831215,15.971229815787819,9.56247859879698,0.027563611654412443,0.25767987208744453,854.4046135161337,0.0,,,3.51763767757968,4.120895154179999
501,52.160083563831215,11.192752269532184,9.560261816535421,0.02755644547084249,0.24697567395289366,854.1459486896566,0.0,,,3.51763767757968,4.120895154179999
502,52.660083563831215,6.414876433848953,9.561742594887118,0.027559937322076955,0.318206591943668,854.5480010278593,0.0,,,3.51763767757968,4.120895154179999
503,53.160083563831215,1.6373585349272493,9.55771490040961,0.027547552377331513,0.24117289728023844,853.9655183977906,0.0,,,3.51763767757968,4.120895154179999
504,53.660083563831215,-3.1397308864162556,9.560676222422096,0.027555311588451113,0.32954228756155546,854.6321270415976,0.0,,,3.51763767757968,4.120895154179999
