time,thrust,OF,ox_tank.pressure,ox_tank.temperature,combustion_chamber.temperature,propellant_mass,propellant_CG,combustion_chamber.fuel_grain.geometry.length_regressed
0.007,251.84726584490122,4.147621655776381,5461798.007490568,296.54607777555367,2736.1230908386765,56.05068603540304,1.7637280962068989,1.693838474888874e-05
0.014,1226.971688268689,3.933910242433262,5460391.575805395,296.53453073211114,2792.258099205581,56.010581010622765,1.764617601038205,3.379878000766025e-05
0.021,2556.527962601086,3.884722229759449,5459064.609037867,296.52363397363496,2802.6374086059122,55.97265182078591,1.7654533747274053,4.994009415943499e-05
0.028,3626.166550177076,3.8468627426791007,5457810.93904788,296.51333720662984,2802.5932570244054,55.9367328396051,1.7662397655751274,6.540888922232805e-05
0.035,4462.893156068013,3.8174358604057463,5456621.956605411,296.5035700266827,2799.83579801658,55.90259135587623,1.766982697130957,8.027552555521041e-05
0.042,5130.505768754938,3.7956433065641844,5455488.680618879,296.49425890962453,2796.91031790033,55.869983702586225,1.7676882851135638,9.461620490824234e-05
0.049,5652.060751467704,3.780467537842227,5454402.366420975,296.48533221414243,2794.6998073981385,55.83867187536256,1.768362437814212,0.00010850734903755431
0.056,6060.539955463771,3.7707154967419774,5453354.895311262,296.4767233903773,2793.422065285772,55.8084343037812,1.7690106060773685,0.00012202165205644706
0.063,6380.210471593006,3.7651845273883318,5452339.016235355,296.4683729747512,2793.004791834066,55.77907263939391,1.7696376330545078,0.00013522534576753835
0.07,6635.382765475041,3.7627798398536503,5451348.460113959,296.46022953831994,2793.2736812447556,55.75041506746649,1.770247688143061,0.00014817662739771966
0.07700000000000001,6819.369617724639,3.7626119807805125,5450377.9561557695,296.4522498289121,2794.041061253192,55.722316910767454,1.7708442644728215,0.00016092506571695788
0.08400000000000002,6959.593494836849,3.7640364126994834,5449423.1721443,296.4443982873113,2795.16656856837,55.69465911143584,1.771430224801101,0.00017351182261664093
0.09100000000000003,7066.141291790589,3.7665354846785637,5448480.603365191,296.4366461399787,2796.521384368166,55.66734526475772,1.7720078794236602,0.00018597046549092815
0.09800000000000003,7146.878393094533,3.7697623915381437,5447547.461148653,296.4289704874357,2798.024781283713,55.64029861068073,1.7725790629100238,0.0001983278685148459
0.10500000000000004,7207.89714121308,3.7734802678033184,5446621.552289934,296.4213533165729,2799.620439118179,55.61345875118994,1.7731452156396366,0.00021060526652544876
0.11200000000000004,7253.8892628531,3.777530213901186,5445701.167661814,296.4137805876159,2801.274210884592,55.58677860451636,1.7737074584461765,0.00022281926586292997
0.11900000000000005,7288.4539585646935,3.781806372551802,5444784.984833913,296.406241435517,2802.959159861315,55.56022173470769,1.7742666574769488,0.00023498274958168926
0.12600000000000006,7314.339944900224,3.786238398552698,5443871.986210849,296.3987274983705,2804.6653274302257,55.53376010244415,1.7748234784777464,0.00024710565077496827
0.13300000000000006,7333.643248546572,3.790779125848774,5442961.392054367,296.39123236777414,2806.3841176714627,55.50737222238711,1.775378431062435,0.000259195592399144
0.14000000000000007,7347.9582337639185,3.795396778565832,5442052.606831946,296.3837511484452,2808.110406820313,55.481041685848815,1.775931904085513,0.00027125840381583675
0.14700000000000008,7358.495782021682,3.8000696601651556,5441145.17682131,296.3762801101538,2809.8411967757966,55.4547559927205,1.776484193537832,0.00028329853122027537
0.15400000000000008,7366.174444086317,3.804782760831575,5440238.7569903685,296.36881641575616,2811.574750016872,55.42850563862005,1.7770355243040599,0.0002953193595128012
0.1610000000000001,7371.690388290729,3.8095255569067774,5439333.085333511,296.36135791041966,2813.3100694956556,55.402283407405484,1.7775860669992214,0.00030732346236967507
0.1680000000000001,7375.570879259805,3.8142905751219645,5438427.963106788,296.3539029592687,2815.046589616457,55.376083826255766,1.7781359509205878,0.0003193127951771228
0.1750000000000001,7378.215050215993,3.819072446383957,5437523.239675625,296.3464503229004,2816.7839943151453,55.34990274792036,1.7786852739670889,0.00033128884310614756
0.1820000000000001,7379.924921734074,3.8238672740140798,5436618.800938602,296.33899906226566,2818.5221107422585,55.323737031583015,1.7792341102109668,0.0003432527343125298
0.1890000000000001,7380.9289621380785,3.828672205656609,5435714.560506354,296.3315484661777,2820.2608475120187,55.29758429970447,1.7797825156628246,0.00035520532622037275
0.19600000000000012,7381.399961034802,3.8334851386947735,5434810.452992872,296.3240979961729,2822.0001590411084,55.27144275312392,1.780330532652841,0.00036714727114316745
0.23600000000000013,7381.4685761265255,3.83830451446127,5433906.428920941,296.31664724463224,2823.740025078243,55.24531103067171,1.780878193155573,0.00037907906610689583
0.27600000000000013,7372.593529306878,3.845414612379672,5428734.32502902,296.27400134899636,2826.2667803486665,55.09606034759132,1.7840029080107245,0.0004471493059012963
0.3160000000000001,7361.486875242863,3.874521780919095,5423559.208207418,296.23129880890264,2836.720419463747,54.94697410524947,1.7871196485458267,0.0005149452502846483
0.3560000000000001,7356.901836645634,3.9001293756260984,5418379.362863692,296.1885253513163,2845.9388905637893,54.798005568464646,1.7902294756673118,0.0005824859855946958
0.3960000000000001,7349.087058648313,3.9291077633329223,5413198.291954653,296.1457098018645,2856.356367541027,54.64925031914147,1.7933301206359826,0.0006497407927400506
0.43600000000000005,7343.41227742572,3.9562623402864623,5408014.157838532,296.1028368890209,2866.1241627869,54.500658250298805,1.7964227270546052,0.000716729888180377
0.47600000000000003,7336.563390360894,3.9846440298399473,5402828.100676701,296.0599159496575,2876.3267677653607,54.352260363089485,1.7995065440546778,0.0007834451539794488
0.516,7330.540833670165,4.0123758870742465,5397639.424062148,296.0169411316919,2886.2971889159426,54.20403772982405,1.8025819865773574,0.0008498957854483571
0.556,7322.9862352494765,4.040606329669326,5392448.54353849,295.97391578546507,2895.323783681584,54.05600162494355,1.805648767044366,0.0009160804603009589
0.5960000000000001,7313.852350966223,4.06898234698632,5387255.197192269,295.9308376498392,2903.3028036192372,53.908144969580064,1.8087070254704394,0.000982004154618056
0.6360000000000001,7304.205887459435,4.097504634736,5382059.088215064,295.8877041670721,2911.3178870032802,53.76045979836347,1.8117569220832175,0.0010476720754105608
0.6760000000000002,7294.878997864703,4.125814418163701,5376859.897549974,295.8445125867907,2919.2721665487056,53.61293760691515,1.8147986290904918,0.0011130895394802897
0.7160000000000002,7285.4706988091375,4.154331117260037,5371657.747214915,295.80126381860754,2927.282021775014,53.465581809451955,1.8178320436512658,0.0011782577341563464
0.7560000000000002,7276.212783472142,4.1828385327974305,5366452.551816352,295.75795704855415,2935.287674708541,53.3183902427433,1.8208571924600305,0.0012431797124560348
0.7960000000000003,7266.973232579057,4.211463256925614,5361244.34724668,295.71459247040025,2943.3241524935293,53.171364016521764,1.823874027498698,0.0013078573727692527
0.8360000000000003,7257.82511757667,4.240134678298734,5356033.10086515,295.67116970719997,2951.3719540122543,53.02450240959051,1.8268825435878926,0.0013722931974499127
0.8760000000000003,7248.72551148446,4.268894400264603,5350818.818631737,295.6276887028378,2959.441456492622,52.877805745436085,1.8298827122397496,0.0014364892774945432
0.9160000000000004,7239.691147254928,4.297722626899557,5345601.484373241,295.5841492162195,2967.5281741622357,52.731273764158146,1.8328745190069045,0.001500447864611829
0.9560000000000004,7230.71445918279,4.326628571285246,5340381.091035687,295.54055108167205,2975.634780319378,52.58490645893113,1.8358579442846703,0.0015641710894389455
0.9960000000000004,7223.542099053217,4.355609018544753,5335157.627989104,295.4968941030851,2981.769295989575,52.4387037363106,1.8388329710664755,0.0016276610768998735
1.0360000000000005,7215.05637382888,4.385353132369276,5329931.08686755,295.4531781026603,2987.930271148837,52.29266557170323,1.8417995813765096,0.0016909198948545723
1.0760000000000005,7207.170216618103,4.414417181504702,5324700.638532746,295.409396029029,2993.9506657002985,52.14677020023643,1.8447582503609965,0.001753956796048458
1.1160000000000005,7199.04099659833,4.443898294139855,5319466.5825720625,295.3655502681814,3000.0538073814555,52.001025865035544,1.8477087715092217,0.0018167709875999431
1.1560000000000006,7191.119151480677,4.47328452294165,5314228.73908359,295.32163919206175,3006.136017413212,51.855428100072515,1.8506512270923112,0.0018793658724182746
1.1960000000000006,7183.172324131228,4.502848075155764,5308987.1841853885,295.2776633163661,3012.2524464349176,51.70997922723229,1.8535855462269761,0.0019417425717803052
1.2360000000000007,7175.319221187164,4.532449110237104,5303741.862051,295.2336220500534,3018.3747994244327,51.56467808754316,1.856511737198532,0.002003903329316408
1.2760000000000007,7167.4974419539485,4.562161657850664,5298492.784852854,295.18951537181164,3024.518063088393,51.41952532449088,1.8594297681291214,0.002065849765253585
1.3160000000000007,7159.737959682838,4.591948588235121,5293239.929413761,295.14534296283523,3030.674741195539,51.274520657255124,1.8623396284274596,0.002127583776050969
1.3560000000000008,7152.02365996723,4.621830508971027,5287983.290588474,295.1011046550939,3036.8490077919478,51.12966428659453,1.8652412971427486,0.002189107072694995
1.3960000000000008,7147.639136223725,4.651798050671317,5282722.853710158,295.0568001997627,3041.677473384485,50.98495617010293,1.8681347592256117,0.0022504214190193867
1.4360000000000008,7143.966551770999,4.682229098477353,5277458.608818087,295.0124293868767,3046.0282276221633,50.84039639558918,1.8710199971451182,0.0023115285101264565
1.4760000000000009,7140.369600868465,4.71247478929227,5272190.124340411,294.9679884479984,3050.3500297019677,50.69597406577351,1.873897238001006,0.0023724335710815906
1.516000000000001,7136.858805216799,4.742835933479788,5266917.395006888,294.9234772030796,3054.686287322638,50.551689457523025,1.8767664594951285,0.0024331381590145954
1.556000000000001,7133.469792105951,4.773276110700474,5261640.390288523,294.8788952579697,3059.0313902577122,50.40754219667616,1.8796276541705974,0.0024936440173909014
1.596000000000001,7130.189233413702,4.803821102485203,5256359.1028299155,294.83424241323195,3063.388393274729,50.263532519703006,1.8824808013747312,0.0025539526685629753
1.636000000000001,7127.024583147778,4.834460389098012,5251073.514579185,294.7895183781973,3067.757020972118,50.119660391397176,1.8853258868397385,0.0026140656994657215
1.676000000000001,7123.974067048333,4.8652000540108045,5245783.612263197,294.74472290170416,3072.138121813105,49.97592590714125,1.8881628937563413,0.002673984632396374
1.716000000000001,7121.039996017457,4.896038729822734,5240489.38040352,294.69985571304085,3076.5315126479672,49.832329111463864,1.8909918067766216,0.0027337109838591403
1.7560000000000011,7118.222781541944,4.926978451334295,5235190.804381123,294.6549165478704,3080.9374793337024,49.68887007735011,1.8938126102524793,0.002793246239574843
1.7960000000000012,7106.570077833526,4.958019628132346,5229887.868972532,294.6099051358247,3084.054812600652,49.54554886826691,1.8966252890616542,0.00285259186708025
1.8360000000000012,7091.017023209048,4.990217144456754,5224580.559045276,294.56482120638907,3086.9887662560136,49.40236555602531,1.8994298282046953,0.002911749310456345
1.8760000000000012,7076.005154875074,5.021595520885082,5219267.735302694,294.51965492742926,3089.8463516404836,49.259291397496966,1.9022268409980412,0.002970729100182104
1.9160000000000013,7060.953382971112,5.053266253034671,5213949.548995047,294.47440742011037,3092.7283871662016,49.11633088167111,1.905016213157253,0.00302953118337237
1.9560000000000013,7046.050251803432,5.08498402224937,5208625.914699084,294.4290777930079,3095.6132806228375,48.97348242738611,1.9077979631957216,0.003088157411157463
1.9960000000000013,7031.2259379096395,5.11684100444014,5203296.834306852,294.38366589612093,3098.5091450878435,48.830746698702946,1.9105720609474202,0.0031466089069158315
2.0360000000000014,7016.504268961767,5.148805000374916,5197962.277681253,294.33817130560016,3101.4131461801826,48.688123546896165,1.9133384941617952,0.0032048870323823074
2.0760000000000014,7001.875346706056,5.180889159678077,5192622.226000611,294.2925936927538,3104.3264389325554,48.5456131191287,1.916097244396418,0.003262993038672143
2.1160000000000014,6987.341395155224,5.2130901797433715,5187276.65608677,294.2469326905039,3107.248731452161,48.403215458209154,1.9188482956907278,0.0033209281924380567
2.1560000000000015,6976.905112461633,5.245410711189677,5181925.5460491665,294.20118794149903,3109.7601731361633,48.260930646424,1.9215916314439447,0.0033786937310881886
2.1960000000000015,6974.1314273665885,5.277968366456455,5176568.873263522,294.15535908085104,3111.4720297530966,48.11875875405782,1.9243272355191576,0.003436290879217116
2.2360000000000015,6971.214072366575,5.310750183764241,5171206.495892531,294.1094447212393,3113.1909615130976,47.97669684877254,1.9270551562191636,0.0034937217749051426
2.2760000000000016,6968.523077640893,5.343455979507093,5165838.200652606,294.0634428582938,3114.905413740453,47.83474022551537,1.9297754793461852,0.003550989079724504
2.3160000000000016,6965.979977790824,5.376354240287478,5160464.027461511,294.01735365341904,3116.628781657536,47.69289058847592,1.9324881534684208,0.0036080934507761652
2.3560000000000016,6963.612724520472,5.409358046231919,5155083.9315476,293.9711765412279,3118.3567071320444,47.551147510709725,1.9351931729250738,0.003665036190030649
2.3960000000000017,6961.417417522991,5.442496364725625,5149697.894554753,293.92491118137417,3120.0906392938828,47.40951123769126,1.9378905178607146,0.0037218183768263063
2.4360000000000017,6959.400041085867,5.475761623613149,5144305.889586725,293.87855715882915,3121.8301958296825,47.26798180677105,1.940580173010823,0.003778441140100183
2.4760000000000018,6957.5637966483255,5.50915769233073,5138907.8921106905,293.8321140774266,3123.575567738919,47.12655932133776,1.9432621218559778,0.0038349055741621037
2.516000000000002,6954.4702847621475,5.542684894166223,5133503.876579154,293.78558153083645,3125.153323421571,46.98524386600756,1.945936348417548,0.003891212765035049
2.556000000000002,6945.100102261907,5.576436686283888,5128093.8174702665,293.7389591114896,3125.987965347895,46.844035532681715,1.9486028366984884,0.003947363782712947
2.596000000000002,6935.15712515878,5.610626057978284,5122677.599401618,293.6922456350087,3126.826609915797,46.702932187499925,1.9512616175449908,0.0040033603596154104
2.636000000000002,6925.419111821192,5.644567706727915,5117254.837184225,293.6454375831489,3127.659476207663,46.56192502868709,1.9539128611578973,0.004059206229985147
2.676000000000002,6915.668440242255,5.6787613687762475,5111825.613912596,293.5985354730815,3128.4979322294826,46.421016916770455,1.9565564925264112,0.004114901565315365
2.716000000000002,6905.957150430706,5.7130675201239045,5106389.874051624,293.55153862443683,3129.338698091051,46.280207274123725,1.9591925089364268,0.004170447569242516
2.756000000000002,6896.2730974197475,5.747521634993585,5100947.595784026,293.5044466463265,3130.1804847111985,46.139496366593804,1.9618208901011294,0.004225845177299047
2.796000000000002,6886.608806115871,5.782123185389443,5095498.749175923,293.457259076089,3131.024477225963,45.99888426601108,1.9644416198847077,0.004281095371614883
2.836000000000002,6876.968954713403,5.816866999610656,5090043.300021673,293.4099754123282,3131.871402356524,45.858370946448616,1.9670546842580097,0.004336199151645237
2.876000000000002,6863.899205386224,5.851755705375143,5084581.217041412,293.36259517721027,3132.459782911557,45.71795646168515,1.9696600676027678,0.004391157480952383
2.916000000000002,6845.158113126842,5.886923844713602,5079112.469766636,293.3151178981923,3132.626295152493,45.57764089273975,1.9722577538059773,0.004445971303325537
2.956000000000002,6826.312238066217,5.922320656200251,5073636.904049078,293.2675420259188,3132.7906241004057,45.43742130547237,1.974847788846118,0.004500642450145718
2.996000000000002,6807.771257148717,5.957687180952809,5068154.324967389,293.21986565099513,3132.9551175569245,45.29729380082987,1.977430238002647,0.004555173021489264
3.0360000000000023,6789.387043864112,5.993255299488187,5062664.749471604,293.17208870220696,3133.120550842183,45.15725967506456,1.9800050594760885,0.004609563554227146
3.0760000000000023,6771.186614694027,6.028968744688743,5057168.136314134,293.1242106007642,3133.286650696248,45.01731880876292,1.9825722406624828,0.0046638149970450295
3.1160000000000023,6753.162970274482,6.064838993567961,5051664.454619911,293.076230856205,3133.453477311144,44.877471343213685,1.985131763646514,0.004717928210559527
3.1560000000000024,6735.314075978173,6.100866116788407,5046153.671769739,293.02814896099846,3133.6210249089586,44.73771738468317,1.9876836112713676,0.004771904055559083
3.1960000000000024,6717.637458768196,6.137051609339655,5040635.754987087,292.9799644043307,3133.789297478659,44.59805704312848,1.9902277663399253,0.004825743381661838
3.2360000000000024,6704.829878141007,6.17339688425819,5035110.671211197,292.9316766709769,3133.498387399726,44.458490429147574,1.9927642116723048,0.004879447028386581
3.2760000000000025,6692.230082264689,6.21010725795319,5029578.387088974,292.8832852412072,3133.1542173205758,44.319017653824424,1.995292930104152,0.004933015825359956
3.3160000000000025,6679.70961283381,6.246802318630457,5024038.6866804985,292.834787994193,3132.807492102649,44.17963444894695,1.9978139927129643,0.004986451875508329
3.3560000000000025,6667.211098763907,6.283689337213001,5018491.562282488,292.78618462702366,3132.459386902229,44.04465585255905,2.0004498943166666,0.005039755790397711
3.3960000000000026,6657.339033067968,6.30156157678209,5012936.97512874,292.737474563016,3132.2381854815817,43.91121646089569,2.0031195351578197,0.005092951539621355
3.4360000000000026,6648.894798474266,6.31356928636938,5007376.153291195,292.68866834681313,3132.064599287481,43.77787314796268,2.005780494255207,0.005146038638547609
3.4760000000000026,6640.4268053851265,6.326193826101986,5001809.829659992,292.6397722071461,3131.88756264215,43.64464382708877,2.008432389139461,0.005199012210892219
3.5160000000000027,6631.927241155165,6.338810039106953,4996237.963693025,292.59078559112885,3131.7099807755,43.511528457969035,2.011075226543196,0.005251872796589606
3.5560000000000027,6623.442642405145,6.35137376151366,4990660.499495762,292.5417078087072,3131.532705959106,43.37852665164867,2.013709020497551,0.005304621035428978
3.5960000000000027,6614.961474364686,6.363915539226382,4985077.408901164,292.4925384116274,3131.355432975419,43.24563866323975,2.0163337710291844,0.005357257369091959
3.636000000000003,6606.484968971906,6.376429190017286,4979488.6571824225,292.4432768921181,3131.1782093606284,43.11286460009633,2.018949481207694,0.0054097822793481845
3.676000000000003,6598.012988411107,6.388915368082587,4973894.21026356,292.3939227462701,3131.001030748397,42.98020458824098,2.0215561535679902,0.005462196238095265
3.716000000000003,6589.545339265655,6.401374169385783,4968294.033988233,292.3444754675902,3130.823894705511,42.84765875557442,2.0241537904711286,0.0055144997124565625
3.756000000000003,6581.081885653299,6.413805613303251,4962688.094072536,292.2949345465689,3130.6467999549536,42.715227230861636,2.02674239412605,0.005566693165137428
3.796000000000003,6572.622480383827,6.426209754096066,4957076.356135671,292.24529947093515,3130.469744887807,42.582910144503465,2.029321966573328,0.005618777054246883
3.836000000000003,6564.166978388334,6.4385866382059,4951458.785689979,292.19556972555176,3130.2927279557375,42.45070762837524,2.0318925096887837,0.005670751833397584
3.876000000000003,6558.893881124857,6.450936311334087,4945835.348138558,292.1457447923783,3130.030799575575,42.31861981584031,2.034454025183377,0.005722617951752701
3.916000000000003,6555.045081753466,6.463290843395079,4940206.008772242,292.09582415042735,3129.7298415113846,42.18664684174978,2.0370065146033736,0.005774375854076083
3.956000000000003,6551.211648913237,6.475601501501324,4934570.7047766475,292.0458070271829,3129.429392450308,42.054788210296806,2.039549992527586,0.005826026167948279
3.996000000000003,6547.409876589488,6.487877509292949,4928929.39534186,291.99569284283666,3129.1287385650508,41.92304393065984,2.0420844627495405,0.005877569366793758
4.036000000000003,6543.638810062222,6.5001292378496105,4923282.047752173,291.9454810873929,3128.826727349757,41.791414199369,2.0446099250105063,0.005929005864702456
4.076000000000003,6539.897877907714,6.512354063652764,4917628.626179278,291.89517122119685,3128.525079711768,41.659899146951545,2.047126380297852,0.005980336091562569
4.116000000000003,6536.187948946816,6.524551427936326,4911969.094796665,291.8447627025517,3128.223816309887,41.528498908446196,2.0496338293701126,0.006031560472204987
4.156000000000003,6532.509153719998,6.5367220611647765,4906303.418261747,291.79425499200516,3127.922921081729,41.39721363423042,2.0521322725348385,0.006082679423268624
4.196000000000003,6528.861581359299,6.548865853735225,4900631.560944717,291.74364754547145,3127.622394477081,41.26604347274093,2.054621710007557,0.006133693358349387
4.236000000000003,6525.245359857356,6.560982850504715,4894953.487092093,291.6929398156671,3127.3222343083403,41.13498857422168,2.0571021418341378,0.006184602686937727
4.276000000000003,6521.660612211259,6.5730730873142535,4889269.160810513,291.6421312519478,3127.022438471231,41.004049090431266,2.059573567896949,0.006235407814548439
4.316000000000003,6518.107463938217,6.585136595294302,4883578.546060785,291.5912213002352,3126.7230049632276,40.87322517458263,2.062035987916202,0.0062861091427811435
4.356000000000003,6514.586042852718,6.597173405561117,4877881.606655793,291.5402094029784,3126.423931783804,40.74251698136826,2.064489401449505,0.0063367070693549875
4.3960000000000035,6511.096478837163,6.609183547958084,4872178.306257047,291.48909499910286,3126.1252169570985,40.61192466695725,2.066933807892008,0.006387201988151002
4.4360000000000035,6507.6389038911675,6.621167051197058,4866468.60837142,291.43787752396037,3125.8268585296723,40.48144838899616,2.069369206476456,0.006437594289252693
4.4760000000000035,6504.2134521152,6.633123942876521,4860752.476347875,291.38655640927885,3125.5288545698813,40.35108830661027,2.0717955962732333,0.006487884358985949
4.516000000000004,6500.820259699443,6.6450542494795375,4855029.873374137,291.3351310831113,3125.2312031677475,40.22084458040478,2.0742129761903936,0.006538072579958358
4.556000000000004,6497.459464913624,6.65695799638047,4849300.762473344,291.2836009697842,3124.9339024346586,40.090717372466145,2.0766213449736965,0.0065881593310978806
4.596000000000004,6494.1312080962225,6.668835207850145,4843565.106500713,291.23196548984527,3124.636950503105,39.96070684636368,2.0790207012066224,0.006638144987690903
4.636000000000004,6490.835631643367,6.680685907060895,4837822.86814012,291.18022406001086,3124.340345526406,39.830813167151234,2.081411043310383,0.006688029921419688
4.676000000000004,6487.572879997816,6.692510116091363,4832074.009900714,291.12837609311265,3124.044085678458,39.701036501369046,2.0837923695439278,0.006737814500399215
4.716000000000004,6484.3430996373445,6.704307855931228,4826318.494113441,291.07642099804326,3123.7481691534686,39.57137701704579,2.0861646780039353,0.006787499089213448
4.756000000000004,6481.146710564519,6.716079146485659,4820556.282927607,291.0243581797022,3123.451082123658,39.441834883700736,2.0885279666248047,0.006837084048951012
4.796000000000004,6477.983273144682,6.727824644315527,4814787.338307373,290.97218703894015,3123.1532861851415,39.3124102723461,2.0908822331786316,0.006886569737240305
4.836000000000004,6474.852927344302,6.73954349129195,4809011.621479292,290.9199069675323,3122.855827261025,39.1831033436203,2.0932274755086415,0.0069359565117079825
4.876000000000004,6467.709873498719,6.751235628725467,4803229.093829059,290.8675173562593,3122.5099154861337,39.053914267339806,2.0955636911424365,0.006985244724360111
4.916000000000004,6457.648004273828,6.762914899251938,4797439.716869458,290.81501759460633,3122.1288050310914,38.92484322181063,2.097890877307595,0.007034434721827538
4.956000000000004,6447.5910544284625,6.774564597862249,4791643.440268195,290.7624069620343,3121.748222388547,38.79589013657621,2.100209035950566,0.007083526919373993
4.996000000000004,6437.550496584029,6.786181092215271,4785840.2193175955,290.70968478625207,3121.368406857021,38.66705506972137,2.102518166329914,0.0071325216921599545
5.036000000000004,6427.5219618108395,6.797772964060754,4780030.016517192,290.6568504578301,3120.9891229464865,38.53833824051789,2.10481826441851,0.007181419366121599
5.076000000000004,6417.505728586501,6.809338406206155,4774212.792242343,290.6039033455132,3120.6104129217742,38.40973982858541,2.1071093268310714,0.007230220275817648
5.116000000000004,6407.501617651152,6.82087751823407,4768388.506808906,290.55084281493157,3120.232273681742,38.28126001839988,2.1093913499546386,0.00727892475165346
5.156000000000004,6397.509380227731,6.832390357719927,4762557.120351369,290.4976682274688,3119.8547019738903,38.15289899675144,2.1116643299983546,0.007327533120644729
5.196000000000004,6387.528802097816,6.843876918082493,4756718.592767401,290.44437893972895,3119.477696334447,38.0246569516452,2.1139282630147425,0.007376045706763704
5.236000000000004,6377.559665422014,6.85533720758572,4750872.883730181,290.39097430362096,3119.1012549327006,37.896534072651804,2.1161831448929047,0.007424462830869176
5.276000000000004,6367.601753393068,6.866771232255121,4745019.9526828155,290.3374536662789,3118.725375986001,37.76853055087517,2.118428971359126,0.007472784810745823
5.316000000000004,6357.654850598974,6.878178996741636,4739159.758834142,290.2838163699948,3118.3500577475043,37.64064657895212,2.1206657379768603,0.007521011961134011
5.356000000000004,6347.718742732819,6.889560504780813,4733292.261154862,290.2300617521535,3117.975298492814,37.512882351059474,2.1228934401465733,0.007569144593757032
5.396000000000004,6337.793216612167,6.90091575905837,4727417.418373478,290.17618914516595,3117.601096523163,37.38523806291848,2.125112073105632,0.007617183017348711
5.436000000000004,6327.878060154248,6.9122447612249855,4721535.188972247,290.12219787640134,3117.2274501649163,37.25771391179978,2.127321631928184,0.007665127537680471
5.476000000000004,6317.97306234939,6.923547511900122,4715645.53118303,290.0680872681183,3116.8543577692717,37.13031009652855,2.129522111525035,0.007712978457587968
5.5160000000000045,6308.078217038544,6.934824010672204,4709748.402983158,290.0138566373955,3116.4791947789163,37.00302681748971,2.131713506643521,0.007760736076997291
5.5560000000000045,6298.191644672616,6.946075310543459,4703843.762091202,289.95950529606114,3116.104496324111,36.875864276633486,2.133895811867375,0.0078084006929507515
5.5960000000000045,6288.314971897554,6.9572993663104805,4697931.565062629,289.905032542324,3115.730372844546,36.74882265879372,2.1360690219641567,0.007855972604914468
5.636000000000005,6278.447559354239,6.968497331642327,4692011.769268482,289.8504376789583,3115.35679273745,36.62190217297931,2.138233131114277,0.007903452103117256
5.676000000000005,6268.589225084748,6.979669036105538,4686084.331616214,289.7957200015038,3114.983758174943,36.49510302578174,2.1403881334089565,0.007950839476112293
5.716000000000005,6258.739776302272,6.990814465980816,4680149.208737682,289.74087879996154,3114.611267951484,36.368425425393525,2.142534022775002,0.007998135009664595
5.756000000000005,6248.899006044665,7.0019336229837,4674206.356991513,289.68591335878136,3114.239320327248,36.24186958175467,2.1446707929720943,0.008045338986735347
5.796000000000005,6239.066712011085,7.013026497979626,4668255.732449558,289.63082295670176,3113.8679138423863,36.11543570637199,2.146798437596114,0.008092451687558146
5.836000000000005,6229.242692498923,7.024093082345924,4662297.29089406,289.5756068666882,3113.4970470248486,35.989124012361714,2.1489169500783216,0.008139473389651838
5.876000000000005,6219.42674654017,7.035133366477968,4656330.987812975,289.52026435585344,3113.126718423146,35.86293471445562,2.1510263236852296,0.008186404367843342
5.916000000000005,6209.6186740012145,7.046147339674558,4650356.778395258,289.46479468537734,3112.756926610298,35.73686802900669,2.1531265515184743,0.008233244894290274
5.956000000000005,6201.24499664916,7.057134990221534,4644374.617526107,289.4091971104253,3112.332096291693,35.61092417399658,2.1552176265146596,0.008279995238502761
5.996000000000005,6192.898233752943,7.068105338015331,4638384.459782178,289.35347088006586,3111.905917831523,35.48510336904283,2.157299541445211,0.008326655667364992
6.036000000000005,6184.54834675105,7.079040990706531,4632386.251738205,289.2976151655561,3111.480709542428,35.35940567970157,2.159372291713156,0.008373226488690384
6.076000000000005,6176.1932376181285,7.089951555658602,4626379.948795914,289.24162921689356,3111.056174169306,35.23383135940094,2.1614358691855684,0.008419707955515417
6.116000000000005,6167.832721243975,7.100835806511841,4620365.504566488,289.1855122640794,3110.632342879021,35.108380633382446,2.163490266103535,0.008466100326677658
6.156000000000005,6159.466781136565,7.111693602059417,4614342.872284018,289.12926353021896,3110.2092192040145,34.98305372757958,2.1655354745597832,0.00851240385874506
6.196000000000005,6151.095286874446,7.122525000464236,4608312.004918888,289.07288223253863,3109.786799486354,34.857850871015906,2.1675714864558815,0.008558618805368769
6.236000000000005,6142.718142643071,7.133329971048768,4602272.855089189,289.01636758151835,3109.363591750065,34.732772294128026,2.1695982935322955,0.008604745417773528
6.276000000000005,6134.334547746593,7.144109092210834,4596225.375068876,288.95971878092496,3108.9397427079307,34.60781822904488,2.1716158873634046,0.008650783944701161
6.316000000000005,6125.944605872106,7.1548617044235066,4590169.51627348,288.90293502294446,3108.516588176904,34.48298889945721,2.173624259535318,0.00869673463524546
6.356000000000005,6117.548788483184,7.165587423000372,4584105.229932543,288.84601549442914,3108.094145707195,34.358284534219656,2.175623401404981,0.00874259773508509
6.396000000000005,6109.146848227272,7.176286717563573,4578032.46734779,288.7889593792878,3107.6723984509317,34.23370537254772,2.177613304010627,0.008788373485068356
6.436000000000005,6100.738676573314,7.186959471699261,4571951.179353954,288.73176585338734,3107.2513478747214,34.109251653370094,2.179593958259355,0.008834062124194368
6.476000000000005,6092.324164006733,7.197605659819733,4565861.3164181635,288.6744340854384,3106.8309929140146,33.98492361743456,2.1815653548901213,0.008879663889047776
6.516000000000005,6083.903195243298,7.208225259389345,4559762.828633329,288.6169632368865,3106.4113323346046,33.86072150729956,2.18352748447397,0.008925179013821125
6.556000000000005,6075.475655956463,7.218818242153455,4553655.665708205,288.55935246177074,3105.9923650759006,33.73664556726217,2.185480337415355,0.008970607730354494
6.596000000000005,6067.041431506082,7.229384579642035,4547539.776962431,288.501600906629,3105.574090079459,33.6126960433867,2.1874239039517263,0.009015950268147012
6.6360000000000054,6058.6004069191695,7.239924242337281,4541415.111320478,288.44370771039144,3105.1565063117464,33.48887318351431,2.189358174153457,0.00906120685437336
6.6760000000000055,6050.152466929238,7.250437199621898,4535281.617305592,288.38567200427326,3104.7396127661364,33.365177237272974,2.1912831379237687,0.009106377713899997
6.7160000000000055,6041.697495951255,7.260923419820369,4529139.243033566,288.3274929116653,3104.323408461378,33.24160845608829,2.193198784998666,0.009151463069300854
6.756000000000006,6033.235378068219,7.271382870187328,4522987.93620657,288.2691695480235,3103.9078924416976,33.11816709319442,2.1951051049468733,0.009196463140872815
6.796000000000006,6024.765997017498,7.28181551690368,4516827.644106721,288.21070102075595,3103.4930637766847,32.99485340364522,2.197002087169789,0.009241378146650901
6.836000000000006,6016.2892361768045,7.292221325072615,4510658.313589664,288.1520864291081,3103.0789215611762,32.87166764432556,2.1988897209014477,0.009286208302423167
6.876000000000006,6007.804978550106,7.302600258715376,4504479.891078027,288.0933248640467,3102.665464915147,32.74861007396289,2.200767995208494,0.009330953821745334
6.916000000000006,5999.313106753367,7.312952280766748,4498292.322554749,288.0344154081407,3102.2526929836013,32.625680953138996,2.2026368989901752,0.009375614915955139
6.956000000000006,5990.813533140433,7.323277353070329,4492095.55355634,287.9753571354414,3101.8396895959977,32.50288054430203,2.204496420978336,0.009420191794186412
6.996000000000006,5982.304074958131,7.333577386847003,4485889.5291660065,287.9161491113595,3101.4252333407876,32.380209111778704,2.2063465497374364,0.00946468466338289
7.036000000000006,5973.782208803043,7.343853096620129,4479674.192348057,287.85679037669183,3101.01131581612,32.2576668901728,2.20818727418493,0.009509093736952521
7.076000000000006,5965.234921544939,7.354098024163822,4473449.4837375125,287.7972799454669,3100.5768903118924,32.135254080915644,2.2100185836382793,0.0095534192356876
7.116000000000006,5956.664358245441,7.36431665919766,4467215.34758384,287.7376168617046,3100.125661282597,32.012970965581495,2.2118404659533146,0.009597661356819782
7.156000000000006,5948.085581068444,7.374508004696102,4460971.7268080665,287.6778001521797,3099.6752460005764,31.89081781155281,2.213652909083812,0.009641820299850525
7.196000000000006,5939.498584247076,7.384672072077679,4454718.564029897,287.6178288361732,3099.2256438083373,31.768794891757885,2.2154559007568606,0.00968589626117106
7.236000000000006,5930.903212539431,7.3948089259697225,4448455.801462609,287.5577019244088,3098.7768501085798,31.64690248280252,2.217249428504485,0.009729889434591223
7.276000000000006,5922.299346762708,7.404918493398075,4442183.38078722,287.49741841778325,3098.3288651745347,31.52514086274505,2.219033479700344,0.009773800011962337
7.316000000000006,5913.686865793844,7.415000726867116,4435901.243173931,287.436977307506,3097.8816884506386,31.403510311664192,2.2208080415508515,0.009817628183037852
7.356000000000006,5905.065646703082,7.425055577921757,4429609.329273033,287.376377574945,3097.4353193849124,31.28201111165148,2.22257310109573,0.009861374135490807
7.396000000000006,5896.435566321396,7.435082995772257,4423307.579205819,287.31561819147123,3096.98975749589,31.16064354680697,2.2243286452085314,0.0099050380549302
7.436000000000006,5887.796500884204,7.445082928707983,4416995.932556617,287.2546981183129,3096.5450023227945,31.039407903259022,2.2260746605967885,0.009948620124910613
7.476000000000006,5879.148326019362,7.455055323848192,4410674.328364443,287.19361630640446,3096.1010534331544,30.91830446917925,2.2278111338022915,0.009992120526942998
7.516000000000006,5870.4908620999195,7.465000179889189,4404342.705114494,287.13237169623295,3095.657907940363,30.79772634843251,2.229551082122526,0.0100355394405052
7.556000000000006,5862.129020250654,7.470304558798958,4398001.00068452,287.0709632172456,3095.364878203849,30.67736663997509,2.231284365816339,0.010078878963562651
7.596000000000006,5854.02090842479,7.474590652090365,4391649.411341544,287.00939229979457,3095.107668492858,30.557143171457753,2.233008010472069,0.010122138391765104
7.636000000000006,5845.889807530962,7.479048990852239,4385288.09536826,286.9476600110704,3094.844741467004,30.43706025623998,2.234721941152544,0.010165316794403712
7.676000000000006,5837.737512680422,7.483479959931172,4378916.981308337,286.8857651892516,3094.581900598762,30.317117990743014,2.2364261495803857,0.010208414384237821
7.716000000000006,5829.576071704649,7.487873286785502,4372535.998951824,286.8237066790067,3094.317670747827,30.197316508270116,2.2381206267379135,0.010251431362583049
7.7560000000000064,5821.405281166484,7.492237781669568,4366145.087646159,286.7614834124745,3094.0542340534516,30.077656129346767,2.239805360555143,0.010294367878729109
7.7960000000000065,5813.221354333694,7.4965769581891815,4359744.186077213,286.69909431006914,3093.791421440082,29.958137174723163,2.241480338849674,0.010337224080647729
7.8360000000000065,5805.024943165277,7.500887420625425,4353333.229267826,286.63653825109543,3093.529349218187,29.838759911484402,2.2431455501533235,0.010380000129546528
7.8760000000000066,5796.8159193099045,7.505169734929543,4346912.152291047,286.57381410979684,3093.2679974056064,29.71952462073332,2.244800982662146,0.010422696181569572
7.916000000000007,5788.594125235727,7.509423928055277,4340480.889601596,286.5109207487682,3093.0073624658144,29.600431585636493,2.2464466244232297,0.010465312391043008
7.956000000000007,5780.359442516058,7.51364996644265,4334039.375002619,286.44785701854727,3092.747443364333,29.481481091024136,2.2480824633420364,0.010507848910594324
7.996000000000007,5772.111744610287,7.517847851602094,4327587.54166956,286.3846217577626,3092.488237841875,29.362673424018073,2.2497084871741415,0.010550305890994293
8.036000000000007,5763.850903865215,7.522017578834653,4321125.322133712,286.32121379288725,3092.2297438164305,29.244008873937435,2.251324683528101,0.01059268348119377
8.076000000000006,5755.576792071759,7.526159141797439,4314652.648271647,286.257631938047,3091.9719592487686,29.125487732313015,2.2529310398667115,0.010634981828331027
8.116000000000005,5747.289280017355,7.530272533339806,4308169.451294897,286.19387499482997,3091.7148821092896,29.00711029291059,2.2545275435081975,0.010677201077736563
8.156000000000004,5738.988237533401,7.5343577451158845,4301675.661739104,286.12994175208917,3091.4585103908626,28.888876851747966,2.256114181627547,0.010719341372939457
8.196000000000003,5730.673533480998,7.538414767621653,4295171.209452997,286.0658309857411,3091.2028421074124,28.77078770711338,2.257690941257906,0.010761402855673253
8.236000000000002,5722.345035727857,7.542443590195022,4288656.023587162,286.00154145856106,3090.94787529353,28.652843159584354,2.259257809292021,0.010803385665881604
8.276000000000002,5714.002611129365,7.546444201004829,4282130.03258266,285.9370719199744,3090.6936080044925,28.535043512046737,2.2608147724837524,0.010845289941723723
8.316,5705.646125508699,7.550416587043605,4275593.164159331,285.8724211058432,3090.440038316148,28.417389069714226,2.262361817449657,0.010887115819579624
8.356,5697.275443636543,7.554360734119552,4269045.345303945,285.80758773824925,3090.187164324822,28.299880140148137,2.263898930670636,0.010928863434055143
8.395999999999999,5688.8904292105835,7.558276626848258,4262486.502258126,285.74257052527247,3089.9349841472263,28.18251703327758,2.2654260984936614,0.010970532917986756
8.435999999999998,5680.490954082838,7.562164248644216,4255916.560505989,285.677368160765,3089.68200072691,28.065300061420047,2.266943307133569,0.01101212440244618
8.475999999999997,5672.076776947035,7.566023690055614,4249335.4447615985,285.61197932412074,3089.4280176375196,27.94822953930226,2.2684505426749406,0.011053638016744766
8.515999999999996,5663.647680382454,7.56985492345416,4242743.07886135,285.5464026790967,3089.1747122074826,27.83130578245456,2.269947791097128,0.01109507388887185
8.555999999999996,5655.203633809856,7.573657763283313,4236139.385783143,285.48063687388884,3088.922089491473,27.714529107808232,2.2714350382676085,0.011136432145343687
8.595999999999995,5646.744475971488,7.5774322920079715,4229524.287794173,285.41468054249117,3088.6701440913503,27.59789983648334,2.2729122699049276,0.011177712910469128
8.635999999999994,5638.270064193642,7.581178471767502,4222897.706320247,285.34853230328184,3088.4188746660902,27.48141829179327,2.274379471609696,0.011218916306892233
8.675999999999993,5629.780256096748,7.584896277041832,4216259.561949912,285.28219075894725,3088.1682794927588,27.365084799578543,2.275836628862482,0.01126004245551256
8.715999999999992,5621.274906834604,7.58858568345401,4209609.774421711,285.21565449623563,3087.9183567730156,27.248899688253474,2.277283727025909,0.01130109147548208
8.755999999999991,5612.753870477529,7.592246664210416,4202948.262608633,285.14892208568034,3087.6691047662666,27.13286328881095,2.278720751347438,0.011342063484213145
8.79599999999999,5604.216999806959,7.59587919136021,4196274.944503567,285.0819920813304,3087.420521747,27.01697593484965,2.280147686961961,0.01138295859738036
8.83599999999999,5595.664146266325,7.599483235668953,4189589.737204264,285.01486302047346,3087.1726060079227,26.901237962598916,2.2815645188945393,0.01142377692892301
8.875999999999989,5587.095159948943,7.603058766574181,4182892.5568979997,284.9475334233532,3086.925355861119,26.7856497109436,2.282971232063256,0.011464518591047346
8.915999999999988,5578.509889570253,7.606605752185441,4176183.318845915,284.88000179288036,3086.678769637572,26.670211521449673,2.284367811282198,0.011505183694228618
8.955999999999987,5569.908182441171,7.6101241592705335,4169461.9373670323,284.8122666143379,3086.4328456871294,26.55492373839023,2.28575424126455,0.011545772347212865
8.995999999999986,5561.289884441171,7.613613953242356,4162728.325821908,284.74432635507947,3086.1875823784553,26.439786708771955,2.287130506625825,0.011586284657018511
9.035999999999985,5552.654839990789,7.617075098145637,4155982.396595999,284.6761794642221,3085.9429780989635,26.324800782362125,2.2884965918872306,0.011626720728937705
9.075999999999985,5544.002892023581,7.620507556643337,4149224.061082616,284.6078243723314,3085.699031254762,26.209966311716062,2.2898524814791643,0.011667080666537455
9.115999999999984,5535.333881957405,7.623911290002617,4142453.2296655253,284.53925949110015,3085.4557402705923,26.095283652205133,2.2911981597448645,0.011707364571660526
9.155999999999983,5526.647668547524,7.627286258080334,4135669.8117012316,284.4704832130205,3085.2118630191285,25.980753162045215,2.2925336109442016,0.0117475725444261
9.195999999999982,5517.94309067409,7.630633524144002,4128873.7155007822,284.40149391104785,3084.9663830366367,25.866375202325752,2.2938588192576312,0.011787704683230215
9.235999999999981,5509.219433623831,7.633952807794448,4122064.84732106,284.33228992818783,3084.721496252838,25.752150120963282,2.295173768997452,0.011827761088990415
9.27599999999998,5500.478509202013,7.637241488683467,4115243.111815537,284.2628695818662,3084.477313486071,25.638078260592362,2.296478444505426,0.011867741863058251
9.31599999999998,5491.71974280995,7.64050155065425,4108408.4144636113,284.19323118850207,3084.233763237017,25.524159998232488,2.297772829649326,0.011907647096759162
9.355999999999979,5482.9429639477985,7.6437326188987855,4101560.659221599,284.1233730394864,3083.990854145718,25.410395707364753,2.2990569083197716,0.011947476881421932
9.395999999999978,5474.148020878471,7.646934622847974,4094699.7489021425,284.05329340486645,3083.7485856621515,25.296785764472915,2.300330664350698,0.011987231306657797
9.435999999999977,5465.33473691454,7.650107532098281,4087825.5851733554,283.98299053316515,3083.5069555782334,25.183330549393425,2.3015940815203986,0.012026910460275778
9.475999999999976,5456.497343835708,7.653251291350929,4080938.068514694,283.9124626507551,3083.25844437155,25.070030444978197,2.3028471435614497,0.012066514428379093
9.515999999999975,5447.642687301111,7.656363444102666,4074037.09819952,283.84170796149994,3083.0096834258916,24.956885837195202,2.3040898341652882,0.012106043295345979
9.555999999999974,5438.769096273195,7.659448253739228,4067122.5744530517,283.77072466873864,3082.7615764581947,24.84389714963803,2.305322136564379,0.012145497134765003
9.595999999999973,5429.87649470307,7.662503673622486,4060194.3939418867,283.6995109288486,3082.514191197618,24.731064772252374,2.3065440344216843,0.012184876028195648
9.635999999999973,5420.964782105205,7.665529638439221,4053252.452162365,283.6280648755011,3082.267527851358,24.61838909986173,2.3077555113558863,0.01222418005502949
9.675999999999972,5412.033750698888,7.668526181765601,4046296.6433963,283.55638461901583,3082.021581540451,24.505870531854328,2.3089565509525687,0.012263409292580634
9.71599999999997,5403.083215202923,7.671493221677112,4039326.8605798427,283.484468244813,3081.7763516592177,24.39350947053108,2.3101471367915543,0.012302563816526979
9.75599999999997,5394.112987627586,7.6744306954133945,4032342.9953035577,283.41231381320785,3081.531836907082,24.281306321536526,2.311327252448937,0.012341643700803717
9.79599999999997,5385.122876895064,7.677338539106264,4025344.9377863538,283.3399193589322,3081.2880359688274,24.16926149388695,2.3124968815043485,0.012380649017602673
9.835999999999968,5376.112690030159,7.680216686071182,4018332.576848407,283.2672828906402,3081.0449475916025,24.057375399993642,2.3136560075485595,0.012419579837372817
9.875999999999967,5367.082256215811,7.6830650680997685,4011305.799884771,283.1944023904159,3080.7992739840106,23.94564845570679,2.314804614191145,0.012458436228815279
9.915999999999967,5358.030661770465,7.6858844140379485,4004264.4928380405,283.12127581326564,3080.5538136978626,23.834081080355958,2.3159426850684985,0.012497218258879183
9.955999999999966,5348.958445347788,7.688673217861941,3997208.539433491,283.04790107893035,3080.309076769528,23.72267368553315,2.3170702039816953,0.012535925995701813
9.995999999999965,5339.865363846568,7.691432075263176,3990137.822665727,282.9742760870914,3080.0650386128436,23.611426698403363,2.318187154634828,0.01257455950251268
10.035999999999964,5330.751188034917,7.694160905153828,3983052.223947736,282.9003987083061,3079.8216977593033,23.500340549074316,2.319293520792539,0.01261311884094876
10.075999999999963,5321.615718913046,7.696859600218514,3975951.6230972167,282.82626678361686,3079.5790541251663,23.389415670900238,2.3203892862861886,0.012651604070980727
10.115999999999962,5312.458746851206,7.699528088295926,3968835.8983404464,282.75187812433916,3079.33710625918,23.2786525010573,2.3214744350174774,0.012690015250768438
10.155999999999962,5303.280060030536,7.702166288010594,3961704.9262720356,282.67723051138375,3079.0958529823683,23.168051480456803,2.322548950970069,0.012728352436689586
10.19599999999996,5294.079444360946,7.704774115959299,3954558.581822787,282.6023216946568,3078.855293143643,23.057613053797187,2.323612818220039,0.012766615683331926
10.23599999999996,5284.856683038823,7.707351487114222,3947396.738226822,282.5271493924453,3078.6154255987635,22.947337669616623,2.32466602094672,0.012804805043485308
10.275999999999959,5275.611556582226,7.7098983143554705,3940219.2669873605,282.4517112907821,3078.3762492266305,22.837225780340155,2.325708543444069,0.012842920568135022
10.315999999999958,5266.343842772262,7.712414508519557,3933026.0378417764,282.37600504279504,3078.1377629265808,22.727277842329336,2.3267403701324496,0.012880962306454434
10.355999999999957,5257.053316591797,7.7148999783697825,3925816.9187256987,282.3000282680398,3077.8999656182796,22.617494315932834,2.3277614855708824,0.012918930305797272
10.395999999999956,5247.739750167294,7.717354630559087,3918591.775736178,282.22377855181463,3077.662856241914,22.507875665538005,2.328771874469774,0.012956824611689583
10.435999999999956,5238.402912708154,7.719778369597121,3911350.473093916,282.1472534444575,3077.426433758204,22.398422359623567,2.329771521704151,0.012994645267821334
10.475999999999955,5229.04257044447,7.722171097815675,3904092.873104454,282.07045046062416,3077.1906971484327,22.289134870813346,2.3307604123274017,0.013032392316037627
10.515999999999954,5219.658489237101,7.724532715332892,3896818.8361183545,281.9933670785475,3076.9553990912223,22.180013675931143,2.3317385315855685,0.01307006579632956
10.555999999999953,5210.250348353439,7.726863265005086,3889528.2204903197,281.9160007392765,3076.7169231297294,22.071059256056785,2.332705864932191,0.013107665746824695
10.595999999999952,5200.816125625904,7.729164643079394,3882220.88239932,281.8383488444289,3076.4790163388193,21.962272094598134,2.33366239806399,0.013145192204292623
10.635999999999951,5191.357851224843,7.731432447246539,3874896.6739347954,281.76040873545764,3076.2418611923026,21.85365265055143,2.3346081172071407,0.013182645211088945
10.67599999999995,5181.874827749382,7.73366912761877,3867555.447667324,281.68217774188935,3076.005362751143,21.745201425069524,2.33554300845467,0.013220024797870761
10.71599999999995,5172.366798962091,7.735874179569451,3860197.0534823122,281.603653147345,3075.7695331993737,21.63691891637574,2.336467058248666,0.013257330995318133
10.755999999999949,5162.833530792202,7.738047458732365,3852821.339042682,281.5248321940791,3075.5343729457913,21.528805627193567,2.337380253322504,0.013294563832207914
10.795999999999948,5153.274758492575,7.740188874495896,3845428.1497709914,281.44571208240774,3075.29988006209,21.420862065238573,2.338282580715344,0.013331723335290722
10.835999999999947,5143.6902188347785,7.742298303137607,3838017.3287683493,281.3662899694509,3075.066053756959,21.313088742831788,2.3391740277961093,0.013368809529395712
10.875999999999946,5134.079644978435,7.7443756228415594,3830588.7167695127,281.2865629682498,3074.8328931087212,21.20548617705166,2.3400545822828476,0.01340582243739547
10.915999999999945,5124.442766033425,7.746420709571019,3823142.1520906347,281.20652814679397,3074.6003971968576,21.098054889803507,2.3409242322637236,0.013442762080192261
10.955999999999944,5114.779307298852,7.748433436296465,3815677.4705751324,281.1261825270165,3074.368565131926,20.990795407884466,2.341782966218907,0.013479628476705323
10.995999999999944,5105.088990115045,7.7504136733131785,3808194.5055383053,281.0455230837639,3074.1373960422184,20.883708263055457,2.3426307730432643,0.01351642164385627
11.035999999999943,5095.3715317713595,7.752361288137789,3800693.087710325,280.9645467437354,3073.906889075534,20.776793992113742,2.3434676420699616,0.013553141596554252
11.075999999999942,5085.626645415882,7.754276145450278,3793173.045177512,280.88325038439115,3073.6770433994525,20.670053136967073,2.344293563095002,0.013589788347680608
11.115999999999941,5075.854039958569,7.756158107043426,3785634.2033218737,280.8016308328279,3073.447858201244,20.56348624470961,2.3451085264027345,0.013626361908072971
11.15599999999994,5066.053419972266,7.758007031766235,3778076.3847588757,280.71968486462197,3073.2193326879383,20.457093867699513,2.3459125227923785,0.013662862286508835
11.19599999999994,5056.224524066381,7.759822775466455,3770499.4092732705,280.6374092026363,3072.9872469456873,20.35087656363841,2.3467055436055992,0.01369928948968857
11.235999999999938,5046.3654691170905,7.761607161558939,3762903.093753062,280.5548005157931,3072.755423538787,20.244834895652584,2.347487580755192,0.013735643522217861
11.275999999999938,5036.477770227049,7.7633562686185575,3755287.250176307,280.4718553966076,3072.5243103549,20.13896940623122,2.3482586269830907,0.013771924393334203
11.315999999999937,5026.560854719942,7.765071978869438,3747651.6897669723,280.38857040585486,3072.2938335704844,20.0332806744323,2.3490186753863185,0.013808132102143236
11.355999999999936,5016.614376944854,7.76675392833007,3739996.220318018,280.3049420429376,3072.063998827888,19.927769280605773,2.34976771976531,0.013844266646733229
11.395999999999935,5006.638031730716,7.768401907562916,3732320.646405893,280.2209667476395,3071.8348072718263,19.822435810412152,2.3505057546222794,0.013880328023139989
11.435999999999934,4996.631486490962,7.770015775387826,3724624.7693714686,280.1366408993273,3071.606257268889,19.717280855688905,2.3512327751894295,0.013916316225126277
11.475999999999933,4986.594406579328,7.771595362031434,3716908.3872122215,280.05196081516607,3071.3783481033656,19.612305014164203,2.3519487774685395,0.013952231244258434
11.515999999999933,4976.5264522861535,7.773140496793123,3709171.2945043105,279.96692274864165,3071.1510789951662,19.507508889606942,2.3526537582682745,0.013988073069870346
11.555999999999932,4966.427278157786,7.774651005973276,3701413.2823183234,279.88152288799387,3070.9244491573777,19.402893091930192,2.3533477152434408,0.014023841689039317
11.59599999999993,4956.296533131788,7.77612671191725,3693634.1381315663,279.79575735459144,3070.698457830513,19.298458237287704,2.3540306469359122,0.014059537086563616
11.63599999999993,4946.133860353772,7.777567433248542,3685833.6457378305,279.70962220125784,3070.4731042712738,19.1942049481776,2.3547025528171877,0.01409515924493805
11.675999999999929,4935.93889702614,7.778972984752432,3678011.585154143,279.6231134105418,3070.2483877536015,19.09013385354793,2.35536343333268,0.01413070814432895
11.715999999999928,4925.711274258298,7.780343177283454,3670167.732524391,279.5362268929304,3070.0243075689455,18.986245588904836,2.356013289947824,0.01416618376254835
11.755999999999927,4915.450616908438,7.781677817680661,3662301.8600196806,279.4489584850025,3069.800863026113,18.882540796423516,2.3566521251960713,0.014201586075027329
11.795999999999927,4905.156567998287,7.782976708676101,3654413.7357353265,279.3613039475199,3069.575411421809,18.77902012506199,2.3572799427288613,0.014236915054788498
11.835999999999926,4894.827711120245,7.784241028185911,3646503.1235843482,279.27325896345434,3069.3481766843593,18.675684230677817,2.3578967473676395,0.014272170672417601
11.875999999999925,4884.4639978499,7.785469072911962,3638569.781772213,279.18481912015915,3069.1215517442092,18.572533758365633,2.358502545289064,0.014307352900599896
11.915999999999924,4874.065892648205,7.786659822645873,3630613.4645805387,279.0959799283374,3068.8955784045834,18.469569366735733,2.35909734389751,0.014342461707881058
11.955999999999923,4863.632751680406,7.787814235341129,3622633.922958286,279.0067368278379,3068.6702123485347,18.366791736726892,2.3596811518243466,0.014377497056409966
11.995999999999922,4853.164174746242,7.788931837696412,3614630.9028826947,278.9170851684964,3068.445461567745,18.264201552591324,2.360253979131842,0.014412458906824981
12.035999999999921,4842.659745960853,7.79001241081139,3606604.145578819,278.82702021165136,3068.2213252389247,18.161799506392153,2.3608158373445414,0.014447347217099338
12.07599999999992,4832.119031267179,7.791055737216311,3598553.3873773953,278.7365371275979,3067.9978021552856,18.05958629799889,2.3613667395168307,0.014482161942543087
12.11599999999992,4821.541591712057,7.792061579892128,3590478.359564146,278.6456309929103,3067.7748916660676,17.957562635045104,2.361906700303532,0.01451690303581447
12.155999999999919,4810.926979934448,7.793029700122434,3582378.78824309,278.5542967878861,3067.5525930156055,17.855729233125736,2.3624357360317334,0.014551570446869621
12.195999999999918,4800.274740092333,7.793959853863223,3574254.3941899994,278.4625293938428,3067.3309054632364,17.75408681594092,2.3629538647760966,0.014586164122925821
12.235999999999917,4789.584407748189,7.794851791595445,3566104.8927005623,278.37032359031696,3067.109828285839,17.652636115446683,2.3634611064373607,0.014620684008422827
12.275999999999916,4778.855509581283,7.795705258369703,3557929.993433038,278.2776740521612,3066.8893607708314,17.551377872012107,2.363957482824188,0.014655130044982333
12.315999999999915,4768.087563133936,7.796519993619883,3549729.400244851,278.184575346531,3066.6695022175004,17.45031283458026,2.364443017738528,0.014689502171366286
12.355999999999915,4757.280076545053,7.797295731019714,3541502.81102282,278.09102192975644,3066.450251936652,17.349441760833805,2.364917737064679,0.014723800323433804
12.395999999999914,4746.432596932479,7.798032198332723,3533249.9175068904,277.9970081440947,3066.226815373248,17.248765417365433,2.3653816688621947,0.014758024434096649
12.435999999999913,4735.542327902689,7.798732303758556,3524970.405106896,277.9025282143565,3066.003070324421,17.148284579853247,2.3658348434628507,0.014792174433273212
12.475999999999912,4724.611223338247,7.799389912020467,3516663.9492931,277.8075762052838,3065.780004261881,17.047999993373487,2.366277293810219,0.014826250258039818
12.515999999999911,4713.638569850046,7.800007565349959,3508330.2225508885,277.7121460995423,3065.557518258784,16.947912456606254,2.3667090550523637,0.014860251831076756
12.55599999999991,4702.623744383161,7.800584892713995,3499968.890168762,277.6162317483113,3065.3356123677245,16.84802277466296,2.367130164946941,0.01489417907274641
12.59599999999991,4691.566221691452,7.801121464294789,3491579.6101724026,277.51982686902375,3065.114290384741,16.74833176107285,2.367540663964747,0.014928031900581996
12.635999999999909,4680.465431285652,7.8016170058518615,3483162.03326851,277.4229250431781,3064.893550063005,16.64884023993386,2.36794059539847,0.014961810228734825
12.675999999999908,4669.320793968141,7.802071196031021,3474715.802560311,277.32551971147404,3064.6733905518513,16.549549045521214,2.3683300054919987,0.014995513968071856
12.715999999999907,4658.131749903258,7.802483663319354,3466240.553309901,277.22760416941964,3064.4538130125707,16.4502833235825,2.3686995180330386,0.015029143026102594
12.755999999999906,4646.9333665304275,7.802133988842535,3457735.912736063,277.1291715632828,3064.2594808042077,16.35119335596378,2.36905708738802,0.015062696246657275
12.795999999999905,4635.717136998535,7.801637788952428,3449201.5570518733,277.0302155502801,3064.0696991641826,16.252307743255834,2.3694042099959796,0.015096173214188859
12.835999999999904,4624.449849461851,7.801137178822942,3440637.1425673454,276.93072950177907,3063.8791176792192,16.15362786213712,2.3697409412721075,0.015129573709222546
12.875999999999904,4613.135013277037,7.800590747369561,3432042.264439143,276.8307060197789,3063.6891804379748,16.055154511597266,2.3700673433879405,0.01516289765895929
12.915999999999903,4601.772533723178,7.800001777939949,3423416.515303685,276.7301376136042,3063.499775184514,15.956888577385005,2.370383481925541,0.015196144967692721
12.955999999999902,4590.361423159815,7.799371070960107,3414759.4792208862,276.6290166277551,3063.3050949902245,15.858830967398418,2.3706894263936618,0.015229315533298185
12.995999999999901,4578.898794282631,7.798701088027486,3406070.7298189714,276.52733521813946,3063.110327587286,15.76098259505535,2.3709852504912177,0.0152624092514691
13.0359999999999,4567.386612180497,7.797985101459569,3397349.8269184795,276.42508531016256,3062.9161420756554,15.663344346994855,2.371271032442586,0.015295426023937835
13.0759999999999,4555.823700854892,7.79722633794754,3388596.324265462,276.32225868693394,3062.7224075885238,15.5659171713867,2.371546854778686,0.015328365735963358
13.115999999999898,4544.20930741759,7.796423929322236,3379809.7639399045,276.2188469214791,3062.5291375924094,15.46870202113229,2.371812804818224,0.015361228270807539
13.155999999999898,4532.5427035777475,7.7955774156939714,3370989.676698386,276.114841378188,3062.3363324003685,15.371699862210559,2.372068974845251,0.01539401350760085
13.195999999999897,4520.823108189504,7.7946864260901245,3362135.5816362174,276.0102332061996,3062.1439883406624,15.274911674777293,2.3723154623323905,0.015426721321055601
13.235999999999896,4509.049728212718,7.793750529747457,3353246.985697649,275.9050133308757,3061.9521034790882,15.178338452864324,2.3725523701814475,0.015459351581535342
13.275999999999895,4497.2217505928675,7.792769293175744,3344323.383236075,275.79917244573267,3061.7606755657766,15.081981204855225,2.3727798069722534,0.015491904154925842
13.315999999999894,4485.338341384386,7.791742271769066,3335364.2555391053,275.6927010038226,3061.5697022966783,14.985840953837512,2.372997887224495,0.015524378902536974
13.355999999999893,4473.398645392314,7.790669008614031,3326369.070329492,275.58558920868495,3061.3791813453604,14.889918737965523,2.3732067316726217,0.01555677568100125
13.395999999999892,4461.401785240684,7.789549034728833,3317337.281241356,275.4778270048532,3061.189110336345,14.794215610845068,2.3734064675545614,0.015589094342166187
13.435999999999892,4449.346860517629,7.78838186850108,3308268.327269265,275.3694040678786,3060.9994868464814,14.698732641930555,2.373597228915084,0.015621334732982793
13.47599999999989,4437.2329844697615,7.787167015246578,3299161.632188576,275.26030979384115,3060.8051581146137,14.603470916937637,2.3737791569246687,0.0156534966953894
13.51599999999989,4425.057768130643,7.78590619930101,3290016.6039451314,275.15053328831624,3060.6093398645507,14.508431538271996,2.373952400214826,0.01568558006619062
13.555999999999889,4412.82153338892,7.784595204217371,3280832.631354123,275.0400633227526,3060.413972418471,14.41361559903109,2.374117115324782,0.015717584683657155
13.595999999999888,4400.523473959666,7.78323469139088,3271609.0884881397,274.92888838303065,3060.219016555331,14.31902423441296,2.374273466885879,0.01574951037443068
13.635999999999887,4388.162433842519,7.78182453646898,3262345.3319222606,274.8169966322004,3060.024452283457,14.22465860137671,2.3744216280925636,0.015781356958688167
13.675999999999886,4375.7373782908035,7.780363986276128,3253040.6993724094,274.70437588957384,3059.8302827966263,14.130519873105357,2.3745617811356396,0.01581312425153531
13.715999999999886,4363.247216100994,7.778852487857648,3243694.509181918,274.59101361978674,3059.6365035056015,14.036609242355691,2.3746941176261704,0.015844812062137545
13.755999999999885,4350.690823666083,7.777289442089769,3234306.0594298043,274.4768969170482,3059.443110677672,13.942927921515992,2.3748188390547766,0.015876420193687787
13.795999999999884,4338.067045677176,7.775674229178303,3224874.627038173,274.3620124891034,3059.250100602914,13.849477143163641,2.3749361572743837,0.01590794844324578
13.835999999999883,4325.374691693848,7.774006213603353,3215399.466831673,274.2463466403241,3059.0574693616104,13.756258160687214,2.3750462950095907,0.015939396601559797
13.875999999999882,4312.612535032582,7.772284740352498,3205879.8105371664,274.12988525376284,3058.865212925478,13.663272248897627,2.3751494863947333,0.01597076445288982
13.915999999999881,4299.779311082014,7.770509134728668,3196314.865724231,274.01261377215616,3058.6733271291546,13.570520704675502,2.375245977542354,0.016002051774820093
13.95599999999988,4286.87373823433,7.768678701532249,3186703.814681105,273.8945171777867,3058.479041483105,13.478004847647204,2.3753360271441903,0.016033258338062854
13.99599999999988,4273.893511512956,7.7667943486451865,3177045.8132211757,273.77557997111956,3058.2799013743443,13.385726020891557,2.375419907106938,0.016064383906252675
14.035999999999879,4260.836658287827,7.764855062418928,3167339.9873629822,273.65578612276653,3058.0809964192254,13.293685572954542,2.3754979032780508,0.016095428240491087
14.075999999999878,4247.703763735751,7.762856044876437,3157585.432821366,273.5351190594975,3057.882494977129,13.201884866949438,2.375570316131333,0.01612639109700041
14.115999999999877,4234.492772745653,7.7607999322639385,3147781.219001236,273.4135617058208,3057.6842663993607,13.11032533058247,2.3756374613859115,0.01615727221437266
14.155999999999876,4221.202213655246,7.7586851091127835,3137926.3820464425,273.2910963898359,3057.4863322856754,13.01900840718854,2.3756996709500866,0.016188071325990525
14.195999999999875,4207.830512560454,7.756510792058366,3128019.92454012,273.16770483058787,3057.28868460627,12.92793556881578,2.375757293736799,0.016218788156663035
14.235999999999875,4194.376020532589,7.754276142613747,3118060.813661909,273.043368105802,3057.0913155742955,12.837108316214216,2.375810696569235,0.01624942242259015
14.275999999999874,4180.837038698123,7.751980254711555,3108047.979287545,272.91806661827667,3056.8942185576643,12.74652817944483,2.3758602651413896,0.016279973831166826
14.315999999999873,4167.211805071363,7.749622205176383,3097980.3120208983,272.7917800607724,3056.697386143536,12.65619671908155,2.3759064050381724,0.016310442080633394
14.355999999999872,4153.498492754688,7.747201037179884,3087856.661065058,272.66448737818007,3056.500810644722,12.56611552727275,2.37594954282175,0.016340826859758583
14.395999999999871,4139.695206460011,7.744715760460652,3077675.831945661,272.5361667270715,3056.3044840184593,12.476286228890515,2.375990127188705,0.01637112784749687
14.43599999999987,4125.800033646272,7.742165349985293,3067436.584070263,272.40679543236257,3056.101383891605,12.386710482743858,2.376028630203724,0.01640134471262595
14.47599999999987,4111.808498276595,7.739552943693715,3057137.6281089294,272.2763499408313,3055.896263067533,12.297389982856533,2.376065548616007,0.016431477113363846
14.515999999999869,4097.720906513369,7.736870082293439,3046777.6174879903,272.14480569884444,3055.6914055819007,12.208326412807772,2.3761014053880323,0.016461524708921853
14.555999999999868,4083.5351022493255,7.7341186661268555,3036355.1567326663,272.0121372427025,3055.486701032895,12.119521542316388,2.3761367509524773,0.01649148713486296
14.595999999999867,4069.2486327702886,7.7312978521478986,3025868.792665314,271.87831807098,3055.282123157586,12.030977181689954,2.376172164942423,0.016521364014623275
14.635999999999866,4054.8591452705964,7.728406136426839,3015317.01039306,271.74332057594734,3055.0776694216415,11.942695179340653,2.3762082579245045,0.016551154960067132
14.675999999999865,4040.364134626662,7.725442311678372,3004698.229990637,271.6071159825019,3054.87332423983,11.85467742735738,2.3762456732353265,0.016580859569985864
14.715999999999864,4025.7609922608567,7.7224050463485305,2994010.802288819,271.4696742742362,3054.669073843319,11.76692586230774,2.376285088965754,0.016610477429804267
14.755999999999863,4011.046995348715,7.719292960675763,2983253.004463833,271.3309641153434,3054.4649035444236,11.679442467246373,2.376327220089617,0.01664000811097289
14.795999999999863,3996.219297476893,7.71610462201885,2972423.035252899,271.1909527659728,3054.260797688548,11.592229273767295,2.376372820753271,0.0166694511703413
14.835999999999862,3981.2749240725225,7.712838537791094,2961519.0097642755,271.0496059904481,3054.056372571081,11.505288364149855,2.376422686740864,0.01669880614949903
14.875999999999861,3966.2107092741717,7.709493377278488,2950538.953848246,270.90688795771916,3053.8419013760454,11.418621873661614,2.3764776581316287,0.01672807257406721
14.91599999999986,3951.020156860877,7.7060732088465205,2939480.7976557743,270.7627611289606,3053.6270895764096,11.33223199057035,2.376538622175443,0.01675724995356354
14.95599999999986,3935.7041817315203,7.702564005551511,2928342.360714449,270.61718603160637,3053.412413138889,11.246120897602818,2.376606516595768,0.016786337796176956
14.995999999999858,3920.2579417542966,7.698972216636446,2917121.3648664365,270.4701213945112,3053.1975519162083,11.16029092608824,2.376682332461797,0.01681533556932807
15.035999999999857,3904.677820045625,7.695293993374332,2905815.41142729,270.3215238136447,3052.9825498912414,11.074744446035655,2.376767118171377,0.016844242727518704
15.075999999999857,3888.9598519386527,7.691527606225194,2894421.976355827,270.17134764891244,3052.7673738303197,10.989483897875413,2.376861983299913,0.016873058704055557
15.115999999999856,3873.099831137005,7.6876710865341895,2882938.4004213777,270.0195448519373,3052.551992929232,10.90451179285575,2.376968102888058,0.016901782910748314
15.155999999999855,3857.0933410167095,7.683722295181929,2871361.878800343,269.8660647821179,3052.3363772161006,10.819830716141876,2.3770867220966934,0.01693041473690008
15.195999999999854,3840.9357141488886,7.679679025233478,2859689.449815638,269.7108540067529,3052.120493299843,10.735443331165964,2.3772191612728872,0.01695895354795803
15.235999999999853,3824.622030258683,7.675538954308202,2847917.98250872,269.55385608058174,3051.902545599146,10.651352383820942,2.377366821476797,0.016987398684180928
15.275999999999852,3808.1465696165806,7.671300738860466,2836044.1629958977,269.3950113034622,3051.6737612339025,10.56756070708974,2.3775311905178245,0.017015749459169924
15.315999999999852,3791.5011635037727,7.666966049256692,2824064.477712271,269.2342564300026,3051.4442224931213,10.48407121445157,2.377713849616298,0.017044005161237587
15.35599999999985,3774.6841530178813,7.6625202487989155,2811975.19044195,269.0715242880285,3051.214364624434,10.400886863831838,2.3779164808779125,0.01707216506227481
15.39599999999985,3757.6880002365565,7.657969114480508,2799772.345156443,268.9067437366451,3050.9838241769958,10.318010803854026,2.3781408745123267,0.01710022837999581
15.435999999999849,3740.5062791744017,7.65330736373364,2787451.728819508,268.73983907779797,3050.7526236094754,10.235446265733959,2.3783889381127494,0.01712819430514368
15.475999999999848,3723.405921273135,7.648532142091699,2775008.8537530336,268.57072971989436,3050.5157820577424,10.153196601581609,2.3786627060936114,0.017156061991232992
15.515999999999847,3906.0414366238206,7.43969760413762,2848289.3738530725,269.55881663309157,3060.161841550788,10.070909756881052,2.380523718871285,0.017185002173295588
15.555999999999846,3819.9179758468836,7.756066545757006,2848289.3738530725,269.55881663309157,3049.163917952012,9.988104786450043,2.387610254145853,0.017213140031516014
15.595999999999846,3829.8092661287315,7.662246183707898,2848289.3738530725,269.55881663309157,3052.4509894558455,9.90418929472899,2.394919222510444,0.017241544917913548
15.635999999999845,3829.3735070120074,7.679952319903056,2848289.3738530725,269.55881663309157,3051.862351601518,9.820482332823543,2.4023343761631044,0.01726988083662002
15.675999999999844,3828.706965453449,7.68352216791741,2848289.3738530725,269.55881663309157,3051.7312034279726,9.736771678578162,2.40987833310125,0.017298201798665182
15.715999999999843,3828.7066470357177,7.685463154861508,2848289.3738530725,269.55881663309157,3051.6677000389964,9.653052524599438,2.4175549203969235,0.01732650905152809
15.755999999999842,3828.4956173425558,7.688755440670514,2848289.3738530725,269.55881663309157,3051.5554509871477,9.56933857829555,2.4253662773573677,0.017354799142289715
15.795999999999841,3828.3177774784363,7.691680863392015,2848289.3738530725,269.55881663309157,3051.4559193429327,9.48562549491022,2.433316396155696,0.017383073203421424
15.83599999999984,3828.1412161297403,7.694647359361279,2848289.3738530725,269.55881663309157,3051.3550724538118,9.40191394733738,2.4414089102085352,0.017411331093183796
15.87599999999984,3827.962718045796,7.697615966083487,2848289.3738530725,269.55881663309157,3051.2541156539382,9.318203952622003,2.4496476496059416,0.0174395728362531
15.915999999999839,3827.785184314678,7.700576469161859,2848289.3738530725,269.55881663309157,3051.1534455774135,9.234495461512433,2.4580365901707575,0.017467798474009515
15.955999999999838,3827.6078250589244,7.703534534208229,2848289.3738530725,269.55881663309157,3051.052859867757,9.150788484485934,2.466579846771828,0.017496008032605818
15.995999999999837,3827.430737910022,7.7064888574145085,2848289.3738530725,269.55881663309157,3050.952403275586,9.067083015804421,2.4752816878330783,0.0175242015422134
16.035999999999838,3827.2539342671184,7.709439562855849,2848289.3738530725,269.55881663309157,3050.85207198394,8.983379051764388,2.484146540508982,0.01755237903239909
16.075999999999837,3827.0774036580356,7.71238669490955,2848289.3738530725,269.55881663309157,3050.7518643121057,8.899676588925963,2.4931789983349697,0.017580540532574275
16.115999999999836,3826.901148336938,7.715330242943932,2848289.3738530725,269.55881663309157,3050.651713658369,8.815975623662393,2.502383829169988,0.017608686072109185
16.155999999999835,3826.7251456488375,7.718270261280939,2848289.3738530725,269.55881663309157,3050.5516219012884,8.73227615241165,2.5117659835148927,0.017636815680269667
16.195999999999835,3826.5494028433973,7.721206710359398,2848289.3738530725,269.55881663309157,3050.451653554683,8.648578171174606,2.5213306034030225,0.01766492938634413
16.235999999999834,3826.373937873638,7.724139573745176,2848289.3738530725,269.55881663309157,3050.3518095522018,8.564881676138809,2.531083031676177,0.017693027219486422
16.275999999999833,3826.198743269945,7.727068899185272,2848289.3738530725,269.55881663309157,3050.252088162108,8.481186663889185,2.541028821857052,0.01772110920866327
16.315999999999832,3826.023819431805,7.729994682841446,2848289.3738530725,269.55881663309157,3050.152489515284,8.397493130884987,2.551173748704028,0.017749175382786583
16.35599999999983,3825.8491656053607,7.73291693430289,2848289.3738530725,269.55881663309157,3050.0530132777253,8.313801073621448,2.561523819317208,0.017777225770673068
16.39599999999983,3825.674780973291,7.735835661616557,2848289.3738530725,269.55881663309157,3049.953659164483,8.230110488605957,2.572085284945057,0.017805260401050606
16.43599999999983,3825.5006648095355,7.7387508725349665,2848289.3738530725,269.55881663309157,3049.8544269022846,8.146421372356638,2.582864653515332,0.017833279302558982
16.47599999999983,3825.3268163657053,7.741662574959219,2848289.3738530725,269.55881663309157,3049.7553162125178,8.062733721404104,2.5938687029453655,0.01786128250374982
16.515999999999828,3825.153234899752,7.744570776721118,2848289.3738530725,269.55881663309157,3049.6563268189966,7.9790475322908865,2.6051044952896065,0.017889270033087077
16.555999999999827,3824.9799196730232,7.747475485629996,2848289.3738530725,269.55881663309157,3049.5574584463593,7.895362801571436,2.6165793917861144,0.017917241918947426
16.595999999999826,3824.806869949501,7.750376709469949,2848289.3738530725,269.55881663309157,3049.4587108201476,7.811679525812089,2.6283010688694373,0.017945198189620617
16.635999999999825,3824.6340849962803,7.753274455998179,2848289.3738530725,269.55881663309157,3049.3600836668656,7.727997701591001,2.6402775352230745,0.017973138873309855
16.675999999999824,3824.4615640833676,7.756168732945888,2848289.3738530725,269.55881663309157,3049.2615767139505,7.64431732549809,2.652517149951111,0.01800106399813218
16.715999999999823,3824.289306483715,7.759059548018275,2848289.3738530725,269.55881663309157,3049.1631896897725,7.560638394134989,2.6650286419556757,0.018028973592118823
16.755999999999823,3824.117311473235,7.761946908894587,2848289.3738530725,269.55881663309157,3049.06492232363,7.476960904114993,2.6778211306146242,0.018056867683215596
16.79599999999982,3823.9455783307217,7.764830823228302,2848289.3738530725,269.55881663309157,3048.966774345747,7.393284852062994,2.690904147862358,0.01808474629928324
16.83599999999982,3823.7741063378785,7.767711298647245,2848289.3738530725,269.55881663309157,3048.868745487266,7.309610234615455,2.704287661786173,0.01811260946809779
16.87599999999982,3823.602894779291,7.770588342753671,2848289.3738530725,269.55881663309157,3048.7708354802458,7.225937048420315,2.717982101860848,0.01814045721735096
16.91599999999982,3823.43194294242,7.773461963124399,2848289.3738530725,269.55881663309157,3048.6730440576575,7.142265290136986,2.7319983859557753,0.018168289574650467
16.95599999999982,3823.261250117564,7.776332167310943,2848289.3738530725,269.55881663309157,3048.575370953378,7.058594956436258,2.7463479492615672,0.018196106567520423
16.995999999999817,3823.0908155978623,7.779198962839584,2848289.3738530725,269.55881663309157,3048.477815902188,6.9749260440002745,2.761042775297233,0.018223908223401673
17.035999999999817,3822.920638679297,7.782062357211532,2848289.3738530725,269.55881663309157,3048.380378639768,6.89125854952247,2.7760954291746267,0.018251694569652154
17.075999999999816,3822.7507186606263,7.784922357903006,2848289.3738530725,269.55881663309157,3048.283058902692,6.807592469707528,2.791519093314234,0.01827946563354725
17.115999999999815,3822.581054843414,7.787778972365357,2848289.3738530725,269.55881663309157,3048.185856428426,6.723927801271313,2.807327605825662,0.018307221442280138
17.155999999999814,3822.4116465320203,7.790632208025185,2848289.3738530725,269.55881663309157,3048.088770955323,6.640264540940835,2.823535501787709,0.018334962022962142
17.195999999999813,3822.24249303354,7.793482072284452,2848289.3738530725,269.55881663309157,3047.991802222617,6.556602685454198,2.8401580576868404,0.018362687402623076
17.235999999999812,3822.07359365783,7.796328572520564,2848289.3738530725,269.55881663309157,3047.8949499704217,6.472942231560543,2.857211339299638,0.01839039760821159
17.27599999999981,3821.9049477174885,7.799171716086536,2848289.3738530725,269.55881663309157,3047.798213939725,6.389283176020005,2.874712253334681,0.018418092666595515
17.31599999999981,3821.736554527827,7.8020115103110275,2848289.3738530725,269.55881663309157,3047.701593872387,6.30562551560366,2.892678603182816,0.0184457726045622
17.35599999999981,3821.5684134068633,7.80484796249853,2848289.3738530725,269.55881663309157,3047.6050895111325,6.221969247093479,2.911129149162216,0.01847343744881886
17.39599999999981,3821.400523675305,7.807681079929433,2848289.3738530725,269.55881663309157,3047.5087005995497,6.138314367282272,2.930083673686813,0.018501087225992897
17.435999999999808,3821.232884656553,7.810510869860102,2848289.3738530725,269.55881663309157,3047.412426882087,6.05466087297365,2.9495630518339584,0.018528721962632253
17.475999999999807,3821.065495676644,7.813337339523066,2848289.3738530725,269.55881663309157,3047.316268104045,5.971008760981971,2.9695893278405308,0.018556341685205736
17.515999999999806,3820.8983560642882,7.816160496127045,2848289.3738530725,269.55881663309157,3047.2202240115785,5.887358028132286,2.9901857981167828,0.018583946420103355
17.555999999999806,3820.73146515084,7.818980346857101,2848289.3738530725,269.55881663309157,3047.1242943516872,5.803708671260305,3.0113771014351616,0.018611536193636646
17.595999999999805,3820.5648222702503,7.8217968988747275,2848289.3738530725,269.55881663309157,3047.028478872216,5.720060687212342,3.033189317028179,0.018639111032039
17.635999999999804,3820.3984267591004,7.824610159317964,2848289.3738530725,269.55881663309157,3046.9327773218483,5.636414072845263,3.0556500714164874,0.018666670961465997
17.675999999999803,3820.2322779565593,7.827420135301471,2848289.3738530725,269.55881663309157,3046.837189450104,5.552768825026453,3.0787886548872714,0.018694216007995725
17.715999999999802,3820.0663752043706,7.830226833916691,2848289.3738530725,269.55881663309157,3046.741715007334,5.469124940633745,3.1026361486555345,0.018721746197629105
17.7559999999998,3819.900717846875,7.83303026223188,2848289.3738530725,269.55881663309157,3046.6463537447185,5.3854824165554085,3.127225563869126,0.018749261556290208
17.7959999999998,3819.735305230945,7.835830427292267,2848289.3738530725,269.55881663309157,3046.551105414263,5.301841249690069,3.15259199376476,0.018776762109826584
17.8359999999998,3819.5701367060024,7.838627336120126,2848289.3738530725,269.55881663309157,3046.455969768793,5.2182014369466865,3.1787727804498576,0.018804247884009574
17.8759999999998,3819.405211624,7.841420995714891,2848289.3738530725,269.55881663309157,3046.3609465619506,5.134562975244492,3.205807697977095,0.01883171890453462
17.915999999999798,3819.2405293394036,7.844211413053238,2848289.3738530725,269.55881663309157,3046.266035548193,5.05092586151296,3.233739153599306,0.018859175197021603
17.955999999999797,3819.0760892091994,7.8469985950892065,2848289.3738530725,269.55881663309157,3046.1712364827877,4.967290092691746,3.2626124093464663,0.01888661678701512
